{"type": "FeatureCollection", "features": [{"type": "Feature", "properties": {"name": "อำเภอเมืองน่าน", "id": "mueang", "source": "OpenStreetMap/Nominatim", "osm_id": 18993856}, "geometry": {"type": "Polygon", "coordinates": [[[100.4551673, 19.0070382], [100.4551888, 19.0069884], [100.4552187, 19.0069464], [100.4552569, 19.0069173], [100.4553343, 19.0068932], [100.4554141, 19.0068649], [100.4555745, 19.0068131], [100.4557141, 19.006771], [100.4557882, 19.0067407], [100.4558642, 19.0066981], [100.4559873, 19.0066152], [100.4561104, 19.0065323], [100.4562603, 19.0064339], [100.4563618, 19.0063511], [100.4564737, 19.0062171], [100.4565803, 19.0060883], [100.4566599, 19.0059648], [100.4567559, 19.0058513], [100.4568574, 19.0057686], [100.4569648, 19.0057319], [100.4571259, 19.0056897], [100.4572761, 19.0056322], [100.4574478, 19.0055643], [100.4575818, 19.0054915], [100.4576671, 19.0054038], [100.4577302, 19.0052292], [100.4577455, 19.0051318], [100.4577443, 19.0049884], [100.4577479, 19.0047836], [100.4577521, 19.0046504], [100.4577562, 19.004507], [100.4577656, 19.004343], [100.4577806, 19.00422], [100.4578335, 19.004107], [100.4579835, 19.004029], [100.4582251, 19.0039451], [100.4583752, 19.0038774], [100.458536, 19.0037942], [100.458718, 19.003675], [100.4588784, 19.0035559], [100.4590335, 19.0034369], [100.4591401, 19.0033132], [100.459202, 19.0032289], [100.4592697, 19.0031285], [100.4593336, 19.0030473], [100.4594016, 19.0029738], [100.4594577, 19.0029273], [100.4595462, 19.0028882], [100.459651, 19.0028643], [100.4598447, 19.0028551], [100.4599968, 19.0028565], [100.4600708, 19.0028572], [100.4602929, 19.0028554], [100.4604583, 19.0028387], [100.4605992, 19.0028031], [100.460712, 19.0027676], [100.4608328, 19.0027359], [100.4609659, 19.0027157], [100.4610788, 19.0027033], [100.4611879, 19.0027139], [100.4612648, 19.0027325], [100.4613135, 19.002759], [100.4613947, 19.002816], [100.4614842, 19.0028882], [100.4615613, 19.0029299], [100.4616745, 19.0029482], [100.4618401, 19.0029546], [100.4620339, 19.002953], [100.462163, 19.0029482], [100.462284, 19.0029357], [100.4624291, 19.0029038], [100.4625338, 19.0028684], [100.4626341, 19.0028023], [100.4627264, 19.0027363], [100.4628469, 19.0026624], [100.4631692, 19.002533], [100.4634139, 19.0024532], [100.4636182, 19.0024224], [100.4639044, 19.0024007], [100.4642521, 19.0024077], [100.4645384, 19.0023957], [100.4649376, 19.0024412], [100.4651836, 19.0024976], [100.4655318, 19.0025532], [100.4658594, 19.0025895], [100.466207, 19.002577], [100.4665648, 19.0025547], [100.4668407, 19.0025331], [100.4670858, 19.0024922], [100.4674331, 19.0024506], [100.4676988, 19.0024193], [100.4679745, 19.0023684], [100.4681887, 19.0023084], [100.4685049, 19.0022086], [100.4687192, 19.0021582], [100.4690066, 19.0021894], [100.4692445, 19.0022564], [100.4694496, 19.0023488], [100.4696286, 19.0024665], [100.4698673, 19.0026276], [100.4700466, 19.0027829], [100.4701862, 19.0029198], [100.4703591, 19.0030939], [100.4705255, 19.0032807], [100.4707116, 19.0034547], [100.4708707, 19.0035538], [100.471016, 19.0035965], [100.4711679, 19.0036266], [100.4714685, 19.0036182], [100.471716, 19.0036234], [100.4719259, 19.0036146], [100.4721505, 19.0035772], [100.4723299, 19.0035187], [100.4725841, 19.0034311], [100.4727708, 19.003344], [100.4729721, 19.003214], [100.4731208, 19.0030773], [100.4732768, 19.0029049], [100.4733657, 19.002783], [100.4734694, 19.0026466], [100.4735583, 19.0025175], [100.4736396, 19.0023814], [100.4737505, 19.0022093], [100.4738054, 19.0021391], [100.4738695, 19.0020943], [100.4739565, 19.0020435], [100.4740188, 19.0020218], [100.4741612, 19.0020135], [100.4743337, 19.0020264], [100.4745214, 19.0020534], [100.4747019, 19.002109], [100.4748899, 19.0021717], [100.4751831, 19.0022621], [100.4754162, 19.0023387], [100.4756117, 19.0024013], [100.4758147, 19.002471], [100.4760855, 19.0025616], [100.4761947, 19.0025984], [100.4762929, 19.0026095], [100.4763774, 19.0026131], [100.476448, 19.0026061], [100.4765164, 19.0025947], [100.4765824, 19.0025724], [100.4766368, 19.0025373], [100.4766934, 19.0024869], [100.4767249, 19.0024389], [100.4767541, 19.0023801], [100.4767809, 19.0023169], [100.4768169, 19.0022602], [100.4768531, 19.0022273], [100.4768894, 19.0021988], [100.4769257, 19.002179], [100.4769962, 19.0021459], [100.4770622, 19.002128], [100.4771214, 19.0021123], [100.4771783, 19.0021119], [100.4772095, 19.0021163], [100.4772436, 19.0021241], [100.4772729, 19.0021401], [100.4772913, 19.0021573], [100.4773122, 19.0021768], [100.4773294, 19.0021998], [100.4773503, 19.0022274], [100.4773713, 19.0022597], [100.4773885, 19.0022804], [100.4774106, 19.0023022], [100.4774474, 19.002332], [100.4774866, 19.0023629], [100.4775136, 19.0023858], [100.4775356, 19.0024053], [100.4775614, 19.0024259], [100.4775907, 19.0024442], [100.47762, 19.0024567], [100.4776566, 19.0024692], [100.4777237, 19.002486], [100.4777786, 19.0024971], [100.4778176, 19.0025107], [100.4778445, 19.0025267], [100.4778678, 19.002545], [100.4778898, 19.0025634], [100.4778977, 19.002571], [100.4779205, 19.0025932], [100.4779487, 19.0026184], [100.4779757, 19.0026448], [100.4779957, 19.0026617], [100.4780112, 19.00267], [100.4780417, 19.0026755], [100.4780624, 19.0026742], [100.4781024, 19.0026646], [100.4781668, 19.0026479], [100.478208, 19.0026326], [100.478248, 19.002616], [100.4783013, 19.0025913], [100.4783474, 19.0025678], [100.4783801, 19.0025513], [100.4784067, 19.0025349], [100.4784297, 19.0025208], [100.4784502, 19.0025022], [100.4784658, 19.0024847], [100.478479, 19.0024626], [100.4784874, 19.002444], [100.4784969, 19.0024219], [100.4785039, 19.0023906], [100.4785085, 19.0023559], [100.478513, 19.0023107], [100.4785174, 19.0022644], [100.4785183, 19.0022285], [100.4785205, 19.0021938], [100.4785238, 19.002159], [100.4785308, 19.0021242], [100.4785391, 19.0020976], [100.4785523, 19.0020766], [100.4785643, 19.0020615], [100.4785788, 19.0020463], [100.4785957, 19.0020346], [100.4786211, 19.0020217], [100.4786636, 19.0020086], [100.4787563, 19.0019983], [100.4788319, 19.0019905], [100.4789118, 19.0019825], [100.4790099, 19.0019817], [100.4791827, 19.0019656], [100.4792141, 19.0019645], [100.4793021, 19.0019759], [100.4793301, 19.0019859], [100.4793815, 19.0020121], [100.479433, 19.0020329], [100.4794718, 19.0020484], [100.4795218, 19.0020744], [100.4795677, 19.0021022], [100.4795773, 19.0021141], [100.479597, 19.0021448], [100.479607, 19.0021755], [100.4796154, 19.0022079], [100.4796272, 19.0022587], [100.4796391, 19.0023219], [100.4796459, 19.0023527], [100.4796542, 19.0023742], [100.4796706, 19.0023941], [100.4797, 19.0024232], [100.4797425, 19.0024507], [100.4797881, 19.0024812], [100.4798435, 19.0025008], [100.4799215, 19.0025217], [100.4800238, 19.0025348], [100.4801441, 19.0025539], [100.4802432, 19.0025732], [100.480378, 19.0025906], [100.4804641, 19.0026046], [100.4805306, 19.0026202], [100.4806781, 19.0026607], [100.4807815, 19.0026869], [100.4808591, 19.0027035], [100.4810395, 19.0027265], [100.4811862, 19.0027166], [100.4813284, 19.0027068], [100.4815623, 19.0026962], [100.4817915, 19.0026769], [100.4819473, 19.0026538], [100.4821489, 19.0026173], [100.482323, 19.0025853], [100.4825291, 19.0025487], [100.4827261, 19.0025122], [100.4829323, 19.0024757], [100.4831431, 19.0024434], [100.4833264, 19.0024158], [100.4835463, 19.0023835], [100.4837525, 19.0023513], [100.4839312, 19.0023236], [100.4841007, 19.0022961], [100.4842612, 19.0022773], [100.4843849, 19.0022545], [100.4845452, 19.0022227], [100.4847284, 19.0021907], [100.4849164, 19.0021717], [100.4850813, 19.0021442], [100.4851958, 19.0021214], [100.4853423, 19.002081], [100.485475, 19.0020406], [100.4856166, 19.001974], [100.4857398, 19.0018945], [100.4858951, 19.0018147], [100.4860461, 19.0017611], [100.4863005, 19.0016414], [100.4864628, 19.001547], [100.4866252, 19.001463], [100.4868525, 19.001337], [100.487102, 19.0012626], [100.4873078, 19.0011678], [100.4876277, 19.0009947], [100.4880438, 19.0007688], [100.4883119, 19.0006234], [100.4886396, 19.000495], [100.4890085, 19.0003989], [100.4893777, 19.0003339], [100.4897575, 19.0002377], [100.4901265, 19.0001519], [100.4904412, 19.0000666], [100.4907343, 19.0000022], [100.4911572, 18.9998643], [100.4915582, 18.9997059], [100.492057, 18.9995364], [100.4924148, 18.9994093], [100.4927507, 18.9992721], [100.4930323, 18.9991354], [100.4934439, 18.9989562], [100.4938231, 18.9987876], [100.4942235, 18.9985671], [100.4945481, 18.9983782], [100.4947965, 18.9981797], [100.4950664, 18.9979602], [100.4953262, 18.9978133], [100.4956027, 18.9976642], [100.4956184, 18.9976557], [100.4959541, 18.9974979], [100.4962579, 18.9974126], [100.4965836, 18.9973479], [100.4970401, 18.9973132], [100.4975074, 18.9972784], [100.4979637, 18.997223], [100.4984685, 18.9971428], [100.4986291, 18.997095], [100.4991916, 18.996924], [100.4997543, 18.9967714], [100.5004335, 18.9965994], [100.501113, 18.9964644], [100.5016178, 18.9963678], [100.5020733, 18.9962837], [100.5021421, 18.996271], [100.5027248, 18.9961923], [100.503385, 18.9960759], [100.5037807, 18.9959368], [100.5041214, 18.9957739], [100.5043724, 18.9955684], [100.504506, 18.9952898], [100.5045231, 18.9950306], [100.5045185, 18.9945126], [100.5044362, 18.9940138], [100.5042507, 18.9934562], [100.5040173, 18.9928516], [100.5040127, 18.9928374], [100.5038174, 18.9922428], [100.5035977, 18.991401], [100.5033975, 18.991028], [100.5030553, 18.9906874], [100.5026926, 18.990503], [100.502319, 18.9903187], [100.5019124, 18.9901139], [100.5016043, 18.9899187], [100.5014169, 18.9897537], [100.5013165, 18.9895359], [100.5012378, 18.9893076], [100.5011589, 18.9890481], [100.5011263, 18.9888875], [100.501061, 18.988491], [100.5010151, 18.9877143], [100.5009694, 18.9869562], [100.5009395, 18.9864286], [100.5009232, 18.9861425], [100.5009776, 18.9856981], [100.501186, 18.9850858], [100.5014909, 18.9843803], [100.5017776, 18.983823], [100.5024578, 18.9828122], [100.5027959, 18.9824457], [100.5031993, 18.9818874], [100.503623, 18.9814214], [100.5042923, 18.9806186], [100.505921, 18.9794311], [100.5064718, 18.9789194], [100.5070774, 18.978091], [100.5081358, 18.9759932], [100.5083748, 18.9756846], [100.5096602, 18.9737315], [100.510026, 18.9733215], [100.5103535, 18.9729858], [100.510778, 18.9726124], [100.5113377, 18.9721453], [100.5118401, 18.9717897], [100.5131159, 18.9709467], [100.5164375, 18.968385], [100.5186017, 18.9668687], [100.5192199, 18.9664196], [100.5199157, 18.9659514], [100.5205868, 18.9653811], [100.5215999, 18.9645915], [100.5221915, 18.9639711], [100.5235449, 18.9623027], [100.5236629, 18.9621787], [100.5240703, 18.9618153], [100.5242758, 18.9615853], [100.5244134, 18.9614876], [100.524565, 18.9614161], [100.5246938, 18.9613755], [100.525164, 18.9613278], [100.5253437, 18.9612955], [100.5256659, 18.9612007], [100.5259551, 18.9610447], [100.5261432, 18.9609158], [100.5264457, 18.9606938], [100.5266972, 18.9604459], [100.5270708, 18.9599247], [100.5274542, 18.9594606], [100.5290088, 18.9582231], [100.5295629, 18.9579205], [100.5300187, 18.9577772], [100.5311816, 18.9575692], [100.5333983, 18.9573206], [100.5338241, 18.9571278], [100.5344178, 18.9567441], [100.5350338, 18.9560761], [100.5354755, 18.9554096], [100.5356783, 18.9549819], [100.5358403, 18.9544548], [100.5359711, 18.9539481], [100.53618, 18.9519608], [100.5364296, 18.9509035], [100.5366013, 18.9505259], [100.5368214, 18.9502137], [100.5376946, 18.9494232], [100.5380134, 18.9490998], [100.5382859, 18.948733], [100.5385731, 18.9482931], [100.538894, 18.9475039], [100.539011, 18.9470952], [100.5390996, 18.9462487], [100.5390959, 18.9458453], [100.5388577, 18.9441724], [100.5385972, 18.9427612], [100.5382973, 18.9418093], [100.5379374, 18.9410784], [100.5375773, 18.9406158], [100.5370121, 18.9403252], [100.536823, 18.9402922], [100.536607, 18.9402786], [100.5364282, 18.940315], [100.5363373, 18.9403497], [100.5354257, 18.9407703], [100.5349444, 18.9409273], [100.5346467, 18.9409298], [100.5344745, 18.9409028], [100.5341827, 18.9407945], [100.5337655, 18.9405834], [100.5336177, 18.9404503], [100.5332776, 18.9398865], [100.5324212, 18.9375407], [100.5321109, 18.9370263], [100.5317158, 18.9365282], [100.5310372, 18.9358935], [100.5306191, 18.9353338], [100.5305868, 18.935229], [100.5305472, 18.9347832], [100.5306997, 18.9332121], [100.530688, 18.9330436], [100.5305748, 18.9326497], [100.5304031, 18.9322813], [100.5301289, 18.9320494], [100.5299742, 18.9319715], [100.5297347, 18.9318981], [100.5270916, 18.9318398], [100.5253138, 18.9319787], [100.5229793, 18.9319357], [100.5202243, 18.9316839], [100.5198586, 18.931674], [100.5188619, 18.9315486], [100.5186356, 18.9314109], [100.5184524, 18.9311951], [100.518368, 18.9310669], [100.518336, 18.9309355], [100.5183743, 18.9306109], [100.5186686, 18.929756], [100.5188828, 18.9292587], [100.5191981, 18.9284136], [100.5194636, 18.9278266], [100.5197518, 18.9274475], [100.5200099, 18.9271877], [100.520227, 18.9270075], [100.5208377, 18.9265862], [100.5213224, 18.9261994], [100.5217172, 18.9257947], [100.5220492, 18.9253608], [100.5221878, 18.9251441], [100.5223183, 18.9248902], [100.5224725, 18.9246585], [100.5227507, 18.9243291], [100.5230128, 18.9239478], [100.5232124, 18.9235522], [100.5233338, 18.9231646], [100.5233936, 18.9228668], [100.5234228, 18.9226361], [100.5234292, 18.9207626], [100.5234349, 18.9205247], [100.523464, 18.9202866], [100.5235404, 18.9201001], [100.5237329, 18.9197937], [100.523919, 18.9196435], [100.5241365, 18.9195005], [100.5243231, 18.9194023], [100.524549, 18.919341], [100.5251339, 18.9192321], [100.5260926, 18.9189937], [100.5266923, 18.9187955], [100.5278436, 18.9183119], [100.5296579, 18.9173161], [100.530276, 18.9169967], [100.5306569, 18.916742], [100.5309056, 18.9164885], [100.5309587, 18.9163791], [100.5309776, 18.916258], [100.5309685, 18.9161035], [100.5309115, 18.9160015], [100.5304611, 18.9156215], [100.5304316, 18.9155769], [100.5304089, 18.9154784], [100.5304178, 18.9154247], [100.5305397, 18.9152176], [100.5308379, 18.9148242], [100.5308612, 18.9147081], [100.5308123, 18.9145564], [100.5305367, 18.9141596], [100.5305091, 18.9140521], [100.5305152, 18.9138764], [100.5306386, 18.9135567], [100.5311303, 18.912821], [100.5316972, 18.9121865], [100.5318282, 18.9120214], [100.5320423, 18.9115971], [100.5322284, 18.9110431], [100.5322734, 18.9104136], [100.5322445, 18.9101731], [100.5321354, 18.9098825], [100.5319533, 18.9095539], [100.5316948, 18.9092486], [100.5314031, 18.9090228], [100.5311619, 18.9088632], [100.5310643, 18.9087734], [100.5309128, 18.9085439], [100.530868, 18.9083998], [100.5308152, 18.9080865], [100.5307642, 18.9073286], [100.5306765, 18.9068334], [100.5306225, 18.9063966], [100.5305294, 18.9060456], [100.5304662, 18.9056754], [100.530353, 18.905315], [100.5302927, 18.9050521], [100.530279, 18.9047878], [100.5303567, 18.9039901], [100.5303441, 18.9038993], [100.5303048, 18.9038233], [100.5302064, 18.9037191], [100.5293528, 18.9034803], [100.5290507, 18.9033515], [100.5288693, 18.9032039], [100.5286307, 18.9027802], [100.5283148, 18.901871], [100.5271194, 18.8999813], [100.527034, 18.8997265], [100.5270118, 18.8995507], [100.527023, 18.8993811], [100.5271301, 18.8990486], [100.5272656, 18.8988588], [100.5282508, 18.8977952], [100.5285319, 18.8973442], [100.5292428, 18.8956173], [100.5298268, 18.8943544], [100.5301018, 18.8925201], [100.5301779, 18.8908636], [100.5302469, 18.8871006], [100.5301874, 18.8865957], [100.5299954, 18.8859533], [100.529821, 18.885674], [100.5295347, 18.8850791], [100.5294849, 18.8849018], [100.5294363, 18.8847089], [100.5294029, 18.8844713], [100.5293848, 18.8842038], [100.5293982, 18.8839584], [100.5294637, 18.8834226], [100.5295708, 18.8831838], [100.529677, 18.8828335], [100.529784, 18.8825799], [100.5298738, 18.8821479], [100.529871, 18.8809808], [100.5298329, 18.8802229], [100.5298293, 18.8798214], [100.5298586, 18.879613], [100.5299349, 18.8794191], [100.5301586, 18.8791051], [100.5304817, 18.8785671], [100.5307884, 18.8779401], [100.5308646, 18.8777314], [100.5309702, 18.8773216], [100.5309976, 18.8769051], [100.5309627, 18.8764965], [100.5309137, 18.8762664], [100.5308415, 18.8760514], [100.5306312, 18.8752503], [100.5305357, 18.8750504], [100.5294806, 18.8740679], [100.5298584, 18.8725844], [100.5302801, 18.8714824], [100.5305769, 18.8701286], [100.5307293, 18.8697185], [100.5308369, 18.8695243], [100.5310682, 18.8691953], [100.5312988, 18.868792], [100.5314975, 18.8683146], [100.5315643, 18.8679274], [100.5315777, 18.8676894], [100.5315812, 18.8672136], [100.5315552, 18.8669313], [100.5314753, 18.8667313], [100.5312056, 18.8662651], [100.5310941, 18.8660282], [100.5309797, 18.8654715], [100.5309841, 18.8650924], [100.531021, 18.8648616], [100.5310966, 18.8645859], [100.5312036, 18.8643248], [100.5313883, 18.864026], [100.5316261, 18.8635557], [100.5318097, 18.8631378], [100.5318858, 18.8629142], [100.5319382, 18.8626684], [100.5320013, 18.8620224], [100.5319655, 18.8615172], [100.5318996, 18.861141], [100.5318349, 18.8608938], [100.5317395, 18.8607062], [100.5314437, 18.8602428], [100.5305915, 18.8592586], [100.5299403, 18.8586395], [100.5295725, 18.8582658], [100.5291106, 18.8578434], [100.5287831, 18.8576057], [100.5284706, 18.8573035], [100.5282391, 18.8570377], [100.5278902, 18.8564459], [100.5278349, 18.8560895], [100.5278194, 18.8558096], [100.5278506, 18.8555244], [100.5279524, 18.8552658], [100.5281342, 18.8549158], [100.5283318, 18.8546283], [100.5289802, 18.8538505], [100.5294531, 18.8532546], [100.5297563, 18.8526076], [100.5299429, 18.8520876], [100.5300141, 18.8518208], [100.5301294, 18.8515536], [100.5302649, 18.8513616], [100.5304691, 18.8512462], [100.5311405, 18.8510689], [100.5314698, 18.8510213], [100.5316397, 18.8509387], [100.5319316, 18.85067], [100.5320173, 18.8503751], [100.5320412, 18.8497724], [100.5319784, 18.8493385], [100.5319474, 18.8492609], [100.5317962, 18.8484318], [100.5318019, 18.8477286], [100.5318418, 18.8472518], [100.5319842, 18.8467322], [100.5321422, 18.8462965], [100.5321403, 18.8460934], [100.5321069, 18.846015], [100.5319033, 18.8459202], [100.5313287, 18.8458548], [100.5306263, 18.8457084], [100.5303507, 18.845611], [100.5302293, 18.8455112], [100.5301982, 18.8454628], [100.530188, 18.8453152], [100.5302742, 18.8450313], [100.5303657, 18.8449351], [100.5306581, 18.844706], [100.5313005, 18.8443698], [100.5320377, 18.8438842], [100.5322404, 18.8436199], [100.5322839, 18.8435424], [100.5323246, 18.8433112], [100.5323173, 18.8425048], [100.5324818, 18.8414483], [100.5324096, 18.8413434], [100.5311621, 18.8407498], [100.5304574, 18.8403558], [100.5294978, 18.8397168], [100.5291103, 18.8394313], [100.5286603, 18.8388632], [100.528211, 18.8382037], [100.5281144, 18.8380236], [100.528049, 18.837793], [100.5280571, 18.8375216], [100.5282122, 18.8371686], [100.5288631, 18.8362379], [100.5290025, 18.8358294], [100.5290105, 18.8355844], [100.5289867, 18.8352831], [100.5288774, 18.834862], [100.5286725, 18.8345042], [100.528481, 18.834325], [100.5279285, 18.8339938], [100.5272652, 18.8336694], [100.5269677, 18.8334841], [100.5268764, 18.8334025], [100.5265795, 18.8328938], [100.5262218, 18.831998], [100.5260342, 18.831477], [100.525721, 18.8310776], [100.5256392, 18.8310053], [100.525339, 18.8308206], [100.5252513, 18.8307807], [100.5243656, 18.8305662], [100.5241535, 18.8304607], [100.5239556, 18.8303551], [100.5233695, 18.8296933], [100.5232268, 18.8295567], [100.5231055, 18.829491], [100.5222147, 18.8292637], [100.5220496, 18.8291868], [100.521835, 18.8290531], [100.5214926, 18.8287406], [100.5206996, 18.8275265], [100.5205757, 18.8273873], [100.5204319, 18.827311], [100.5201848, 18.8272641], [100.5198048, 18.8272538], [100.5187787, 18.8273693], [100.518131, 18.827321], [100.517879, 18.8272368], [100.5175575, 18.8270458], [100.5173329, 18.826893], [100.5170311, 18.826625], [100.5169031, 18.8264907], [100.5166616, 18.8261497], [100.5163537, 18.8252721], [100.5161252, 18.8248988], [100.5158974, 18.8246058], [100.5151324, 18.8240225], [100.5147918, 18.8237037], [100.5146349, 18.8234638], [100.514595, 18.8233773], [100.5144768, 18.822945], [100.5142036, 18.8224356], [100.5138975, 18.8221894], [100.5135189, 18.8219683], [100.5130413, 18.8214938], [100.5128144, 18.8212946], [100.5125527, 18.8211681], [100.5123761, 18.8211056], [100.5113768, 18.8210249], [100.5105599, 18.8209377], [100.5083281, 18.8204089], [100.506983, 18.8202021], [100.506996, 18.8191974], [100.5070828, 18.8186741], [100.507169, 18.8183529], [100.5072899, 18.8180834], [100.5080059, 18.8168035], [100.5081892, 18.8163952], [100.5084471, 18.8156053], [100.508498, 18.815344], [100.5086144, 18.8143104], [100.5086937, 18.8121142], [100.5086948, 18.8113859], [100.5086804, 18.8110491], [100.508597, 18.8103249], [100.5085374, 18.8100662], [100.5084201, 18.809803], [100.5083296, 18.8095139], [100.5080705, 18.8085176], [100.5078149, 18.8079207], [100.5076013, 18.807478], [100.5075728, 18.8073172], [100.5075066, 18.8059586], [100.5075214, 18.8053466], [100.5075023, 18.8047155], [100.5073552, 18.8033898], [100.5072774, 18.8030104], [100.5071881, 18.8020965], [100.5071085, 18.8015174], [100.5070769, 18.8010024], [100.5070883, 18.800764], [100.5071377, 18.8005288], [100.5073322, 18.8000979], [100.5075005, 18.799753], [100.5077408, 18.7993989], [100.5079688, 18.7989865], [100.5081004, 18.79863], [100.508924, 18.7953753], [100.5090876, 18.7945606], [100.509127, 18.7941943], [100.5090508, 18.7937546], [100.508973, 18.7935287], [100.5087708, 18.7931901], [100.5075688, 18.791828], [100.5071148, 18.7911811], [100.5068496, 18.7906632], [100.5066195, 18.7899221], [100.5065658, 18.7896833], [100.5065309, 18.788981], [100.5066817, 18.7872982], [100.5050991, 18.7857829], [100.504114, 18.7847785], [100.5038251, 18.7844227], [100.5035816, 18.7839525], [100.5034184, 18.7833433], [100.5034167, 18.7831667], [100.5033739, 18.7827571], [100.5033375, 18.7820924], [100.5034735, 18.7804046], [100.5036748, 18.7793721], [100.5038168, 18.7788317], [100.5038434, 18.778178], [100.503694, 18.7774197], [100.5030167, 18.7752021], [100.5028117, 18.7742467], [100.5026412, 18.7728366], [100.502609, 18.7720768], [100.5026028, 18.7713692], [100.502702, 18.7702789], [100.5028901, 18.7692336], [100.5029434, 18.7680989], [100.5029153, 18.7677854], [100.5028242, 18.7675087], [100.5027086, 18.7673286], [100.5021327, 18.7666696], [100.5017993, 18.7662138], [100.5015308, 18.7659263], [100.5012872, 18.7655904], [100.5005936, 18.7645101], [100.5003621, 18.7641138], [100.5002322, 18.7637528], [100.5001531, 18.7634035], [100.5001235, 18.7629211], [100.500154, 18.7623621], [100.5002369, 18.7620948], [100.5004118, 18.7617201], [100.5006931, 18.7613106], [100.5012846, 18.7605118], [100.5014455, 18.7601847], [100.5014919, 18.7597839], [100.5015038, 18.7590835], [100.501325, 18.7578831], [100.5010946, 18.7572627], [100.4996204, 18.7553199], [100.4992876, 18.7546146], [100.498999, 18.7535658], [100.498808, 18.7525029], [100.4986909, 18.7508268], [100.4987204, 18.7503354], [100.4987027, 18.7497685], [100.498661, 18.7493465], [100.4985701, 18.7490938], [100.4978104, 18.7476882], [100.4971175, 18.7466681], [100.4968175, 18.7461351], [100.4965508, 18.7455988], [100.4962531, 18.7448772], [100.4957433, 18.7439934], [100.4953795, 18.7435584], [100.4948812, 18.7430647], [100.4945168, 18.7426784], [100.4943056, 18.7424267], [100.4937985, 18.7420145], [100.4935023, 18.7418087], [100.492976, 18.7413785], [100.4928129, 18.7411898], [100.4925625, 18.7408027], [100.4924542, 18.7403692], [100.4924231, 18.7400708], [100.4924111, 18.7397813], [100.4924275, 18.7394825], [100.492713, 18.7373898], [100.4929205, 18.7364142], [100.4931691, 18.735606], [100.4937517, 18.7353403], [100.494533, 18.7348126], [100.495113, 18.734182], [100.4958994, 18.732945], [100.4964524, 18.7322388], [100.4973191, 18.7315301], [100.4991881, 18.7306488], [100.4993894, 18.7305328], [100.4996208, 18.7303472], [100.4997052, 18.7302501], [100.5001132, 18.7293511], [100.5005449, 18.7281358], [100.5006381, 18.7279008], [100.5007359, 18.7277311], [100.5009961, 18.7274721], [100.5011654, 18.7273626], [100.5013421, 18.7272868], [100.5015334, 18.7272583], [100.501732, 18.7272567], [100.5019238, 18.7272822], [100.5023152, 18.7274277], [100.5030919, 18.7280891], [100.5033294, 18.7282715], [100.5045615, 18.7293963], [100.5048494, 18.7297781], [100.5050042, 18.730067], [100.5053238, 18.7307669], [100.5056474, 18.7319234], [100.5057252, 18.7323794], [100.5058189, 18.733604], [100.5058096, 18.733912], [100.5057753, 18.734091], [100.5056654, 18.7342934], [100.5055269, 18.7344314], [100.505305, 18.7346043], [100.5050558, 18.7348534], [100.5048549, 18.7351592], [100.5048119, 18.7352622], [100.5047463, 18.7355061], [100.504731, 18.7360385], [100.5047438, 18.7361334], [100.5047888, 18.7362547], [100.5048454, 18.7363303], [100.5050905, 18.7365261], [100.5052037, 18.7366924], [100.5052372, 18.7368671], [100.5052533, 18.7375361], [100.5052783, 18.7377057], [100.5053519, 18.7378101], [100.5056565, 18.738049], [100.5057434, 18.7380617], [100.5060364, 18.7380571], [100.5062191, 18.7380266], [100.5062751, 18.7380015], [100.5063311, 18.7379653], [100.5064123, 18.7378731], [100.5066093, 18.7374443], [100.506638, 18.7374133], [100.506754, 18.7373522], [100.5068986, 18.7373133], [100.5071357, 18.7373089], [100.5072255, 18.7373258], [100.5074163, 18.7373892], [100.5076853, 18.7375791], [100.5078724, 18.737661], [100.5082996, 18.7378017], [100.5084025, 18.7378209], [100.5085929, 18.7378922], [100.5089875, 18.73812], [100.5094876, 18.7383419], [100.509573, 18.7384667], [100.5096027, 18.7385493], [100.5096723, 18.7386693], [100.5098003, 18.738844], [100.5099147, 18.7389661], [100.5100446, 18.7390529], [100.5101901, 18.739107], [100.5104839, 18.7392552], [100.5106299, 18.7393746], [100.5107703, 18.7394588], [100.5108654, 18.7394882], [100.5109419, 18.7394901], [100.5112221, 18.7394432], [100.5114368, 18.7394409], [100.5115612, 18.7394951], [100.5118, 18.7396815], [100.5119489, 18.7398259], [100.5120202, 18.7398529], [100.5121704, 18.7398492], [100.5125942, 18.7397956], [100.5128313, 18.7397861], [100.5129108, 18.7398332], [100.5131133, 18.7400801], [100.5132195, 18.7401771], [100.5133362, 18.7402565], [100.5134657, 18.7402982], [100.5136582, 18.7403192], [100.5140059, 18.7402988], [100.514161, 18.7402599], [100.5146744, 18.740065], [100.5150481, 18.7399429], [100.5151977, 18.739906], [100.5155658, 18.7398614], [100.5157907, 18.7398655], [100.5167228, 18.7400246], [100.5172765, 18.7402259], [100.517353, 18.7402378], [100.5177737, 18.7402335], [100.5178807, 18.7402741], [100.5179864, 18.7403711], [100.5180805, 18.7405097], [100.5182773, 18.7409397], [100.5183111, 18.7409892], [100.5183714, 18.7410162], [100.51851, 18.7409759], [100.5187182, 18.7408842], [100.5189549, 18.7407488], [100.5190542, 18.7406622], [100.5191581, 18.7405979], [100.5192736, 18.7405789], [100.5193436, 18.7405836], [100.5194608, 18.7406367], [100.5195663, 18.740747], [100.5196172, 18.7408461], [100.5196918, 18.7411161], [100.5197178, 18.7411583], [100.5197805, 18.7412086], [100.5198441, 18.7412388], [100.5199711, 18.7412696], [100.520216, 18.7413025], [100.5203378, 18.7413778], [100.5204891, 18.7413829], [100.5206339, 18.7414188], [100.5206899, 18.7414639], [100.5208017, 18.7415998], [100.5209579, 18.7417393], [100.5211318, 18.7418537], [100.5213524, 18.7420413], [100.5214862, 18.7420805], [100.5215751, 18.7420745], [100.5216237, 18.7420433], [100.5218068, 18.7416341], [100.5218695, 18.7415541], [100.5219758, 18.7415056], [100.5220557, 18.7414912], [100.5225468, 18.7414597], [100.5226725, 18.7414671], [100.522765, 18.7414992], [100.5229216, 18.7415985], [100.5230209, 18.741638], [100.5232074, 18.7418002], [100.5234162, 18.7418978], [100.5234653, 18.7419055], [100.5235801, 18.7418863], [100.5239251, 18.7416434], [100.5242248, 18.7415138], [100.5243609, 18.7414817], [100.5244366, 18.7414909], [100.5246893, 18.7415694], [100.5249964, 18.7416036], [100.5251985, 18.7416613], [100.5253624, 18.7417517], [100.5255184, 18.7417886], [100.5256799, 18.7419482], [100.5258886, 18.7420793], [100.5260523, 18.7421472], [100.5262392, 18.7421654], [100.5267955, 18.7421295], [100.5269845, 18.7420882], [100.5271554, 18.7420209], [100.527362, 18.7419105], [100.5275608, 18.7417648], [100.5277143, 18.741693], [100.5278802, 18.7416761], [100.5282719, 18.7417195], [100.5284645, 18.7417123], [100.5286166, 18.7416418], [100.5288079, 18.7414892], [100.5288875, 18.7414462], [100.5293383, 18.7412914], [100.5295538, 18.7411893], [100.5296484, 18.7411646], [100.5297077, 18.7411655], [100.5297673, 18.7411947], [100.5297665, 18.7412737], [100.5295768, 18.7416128], [100.529468, 18.7417027], [100.5293846, 18.7418262], [100.5293497, 18.7419042], [100.5293385, 18.7421373], [100.5293854, 18.7422513], [100.5294827, 18.742376], [100.5296501, 18.7425305], [100.5297452, 18.7425784], [100.5299437, 18.7426172], [100.5300015, 18.7426501], [100.5300417, 18.7427285], [100.5300541, 18.7428063], [100.5300237, 18.7430232], [100.5300387, 18.743089], [100.5300722, 18.7431196], [100.5305239, 18.7432743], [100.5307892, 18.7433954], [100.5308637, 18.7433802], [100.5309798, 18.7432046], [100.5310102, 18.7431821], [100.5310595, 18.7431731], [100.5311081, 18.7431813], [100.5312773, 18.7432981], [100.5313844, 18.7433143], [100.5316171, 18.7433107], [100.5316754, 18.7433219], [100.5317217, 18.7433668], [100.5317705, 18.7434841], [100.5317418, 18.7437883], [100.531833, 18.7438734], [100.5319274, 18.7438833], [100.5322098, 18.7438353], [100.5322981, 18.7438339], [100.5323299, 18.7438663], [100.5324114, 18.7440422], [100.5324725, 18.7440859], [100.53298, 18.7441974], [100.5331047, 18.7442101], [100.5332069, 18.7442031], [100.533277, 18.7441813], [100.5333469, 18.7441305], [100.5334092, 18.743961], [100.5334186, 18.7437638], [100.5334599, 18.743695], [100.5335327, 18.7436578], [100.5336201, 18.7436503], [100.5339009, 18.7436913], [100.5339899, 18.7437306], [100.5341121, 18.743854], [100.5342053, 18.7440976], [100.5342395, 18.7444249], [100.5342673, 18.7444521], [100.5343644, 18.7444593], [100.5345044, 18.744441], [100.5346095, 18.7443934], [100.534697, 18.7441323], [100.5347481, 18.7440874], [100.5349281, 18.7439877], [100.5351014, 18.7439349], [100.5353109, 18.7439049], [100.5354358, 18.7438904], [100.5356603, 18.7438994], [100.5363599, 18.7440424], [100.5367721, 18.7440466], [100.5368442, 18.7440628], [100.5369634, 18.7441714], [100.5371771, 18.7444817], [100.5372883, 18.7445858], [100.5373492, 18.7446096], [100.5377849, 18.7445543], [100.5379002, 18.7445807], [100.5381549, 18.7447096], [100.5383057, 18.7447159], [100.5385228, 18.7447005], [100.5385765, 18.7447181], [100.5386033, 18.7447607], [100.5386039, 18.7448292], [100.5385369, 18.7451966], [100.5385259, 18.7455635], [100.5384174, 18.7459389], [100.5384091, 18.7460805], [100.5384232, 18.746225], [100.5383969, 18.7465017], [100.5384029, 18.7466644], [100.5385019, 18.7467792], [100.5386068, 18.7468562], [100.5387547, 18.7468062], [100.5389148, 18.7467184], [100.5389588, 18.7467197], [100.5390085, 18.746745], [100.5391233, 18.746816], [100.5392274, 18.7469331], [100.5392855, 18.7470698], [100.5392933, 18.7471348], [100.5392848, 18.7471863], [100.5392457, 18.7472345], [100.5390332, 18.7473853], [100.5389544, 18.7474219], [100.5387473, 18.747475], [100.5386302, 18.7475504], [100.5385494, 18.7476573], [100.5385384, 18.7477381], [100.5385489, 18.7478432], [100.5385878, 18.7479408], [100.5386205, 18.7479768], [100.5388216, 18.7481057], [100.5389194, 18.748192], [100.5391069, 18.7482992], [100.5392806, 18.7483504], [100.5394291, 18.7483492], [100.5395639, 18.7483045], [100.5397844, 18.7482773], [100.5398545, 18.7482423], [100.5399465, 18.7480965], [100.5400104, 18.7477436], [100.5400467, 18.7476178], [100.540111, 18.7475315], [100.5401871, 18.7474753], [100.5403011, 18.7474505], [100.5404879, 18.7474593], [100.5405314, 18.747478], [100.5407571, 18.7476801], [100.5408152, 18.7476988], [100.5409834, 18.7476839], [100.5410771, 18.74763], [100.541133, 18.7475477], [100.5411549, 18.7474769], [100.5411656, 18.7471304], [100.5410737, 18.7467053], [100.5409884, 18.746501], [100.5409834, 18.7463782], [100.5410343, 18.7463325], [100.5411714, 18.7462837], [100.5412671, 18.7461855], [100.5412994, 18.7460884], [100.5413009, 18.7460129], [100.5412515, 18.7458847], [100.5412545, 18.7458572], [100.5413115, 18.745768], [100.5413615, 18.7457288], [100.5414755, 18.7456758], [100.5416154, 18.7456539], [100.5419724, 18.7456637], [100.5419935, 18.7458079], [100.5421291, 18.7460922], [100.5421385, 18.7462447], [100.5420952, 18.7463837], [100.5419514, 18.7466289], [100.5418578, 18.7468971], [100.5417889, 18.7470282], [100.5417668, 18.7471823], [100.5417652, 18.7473315], [100.5418289, 18.7480201], [100.5419507, 18.7484848], [100.5419458, 18.7487136], [100.5418913, 18.7488255], [100.5418245, 18.7489095], [100.5415668, 18.7491227], [100.5414821, 18.7492116], [100.5414401, 18.7492777], [100.5413859, 18.7494178], [100.5412702, 18.749842], [100.5412352, 18.7500672], [100.5412469, 18.7502539], [100.5412813, 18.7503734], [100.541551, 18.7506272], [100.5417543, 18.7509322], [100.5419689, 18.7513508], [100.5419999, 18.7514496], [100.5419997, 18.7517606], [100.541931, 18.751927], [100.5418462, 18.7520085], [100.5417481, 18.7520293], [100.5415631, 18.7520244], [100.541508, 18.7519916], [100.541453, 18.7518884], [100.5414209, 18.7518651], [100.5413285, 18.7518497], [100.541246, 18.7518597], [100.5409858, 18.7519613], [100.5405766, 18.7521508], [100.5403185, 18.7522985], [100.5402299, 18.752392], [100.5401934, 18.7524825], [100.5401912, 18.752609], [100.5403035, 18.7529271], [100.5403401, 18.7532864], [100.5404262, 18.7535863], [100.5404415, 18.7537828], [100.5404682, 18.7538532], [100.5405059, 18.7538967], [100.5406935, 18.7540369], [100.5407347, 18.7541638], [100.5411011, 18.7542795], [100.5412139, 18.7543286], [100.5421143, 18.7549256], [100.5425627, 18.7551752], [100.54301, 18.7553836], [100.5435811, 18.7556145], [100.5440154, 18.7557642], [100.5447354, 18.756041], [100.5449593, 18.7561806], [100.5452084, 18.7563671], [100.5454207, 18.7565892], [100.5456209, 18.756835], [100.5457968, 18.7571282], [100.5459605, 18.757445], [100.5463664, 18.7585493], [100.5465916, 18.7588303], [100.5468536, 18.7590756], [100.5472522, 18.7593787], [100.5481854, 18.759972], [100.5486219, 18.7603572], [100.5490713, 18.7608013], [100.5495085, 18.7612572], [100.5499586, 18.7617838], [100.5503205, 18.7621225], [100.5507317, 18.7624491], [100.5512548, 18.7628336], [100.5521279, 18.7636159], [100.552588, 18.7638831], [100.5538044, 18.7643208], [100.5543376, 18.7644578], [100.5549199, 18.764559], [100.5563682, 18.764653], [100.557433, 18.7647502], [100.5583115, 18.7647782], [100.5591538, 18.764889], [100.5594887, 18.7649923], [100.559725, 18.76512], [100.5600117, 18.765365], [100.560362, 18.7657863], [100.5608365, 18.7662655], [100.561635, 18.7670012], [100.5618426, 18.7672488], [100.5619829, 18.7673736], [100.562088, 18.7674522], [100.5622207, 18.7675042], [100.5623601, 18.7675295], [100.562819, 18.7674925], [100.563611, 18.7673533], [100.5642912, 18.767162], [100.5645757, 18.7670669], [100.5649845, 18.7668845], [100.5651506, 18.7667837], [100.5652958, 18.766683], [100.5659864, 18.7661138], [100.5661732, 18.7659996], [100.5664019, 18.7658916], [100.566973, 18.7656862], [100.5673128, 18.7656103], [100.5678068, 18.7655237], [100.5683754, 18.7654718], [100.5688824, 18.765444], [100.5698966, 18.7654237], [100.5710952, 18.7654876], [100.5721476, 18.765671], [100.5727401, 18.7657963], [100.5733882, 18.7659787], [100.5739533, 18.7661962], [100.574111, 18.766318], [100.574135, 18.7663774], [100.57416, 18.766545], [100.5741701, 18.7667744], [100.5741566, 18.7670223], [100.574199, 18.7673649], [100.5742794, 18.7675954], [100.5744105, 18.7678068], [100.5744935, 18.7678882], [100.574592, 18.7679582], [100.5751076, 18.7682596], [100.5759066, 18.7686109], [100.5760933, 18.7686802], [100.576749, 18.7688537], [100.5771672, 18.7690042], [100.5773706, 18.7691172], [100.577427, 18.769181], [100.5774785, 18.7693567], [100.5774975, 18.7695048], [100.577503, 18.7697788], [100.5775215, 18.7698709], [100.5775933, 18.7700129], [100.5776497, 18.7700851], [100.5778094, 18.7702096], [100.5780425, 18.7703391], [100.5783165, 18.7704402], [100.5787196, 18.7705375], [100.5794692, 18.7706222], [100.5804608, 18.7706518], [100.5806838, 18.7706764], [100.5809557, 18.7707404], [100.5814379, 18.7709551], [100.5819728, 18.7712696], [100.582125, 18.7713775], [100.5828237, 18.7720197], [100.5839825, 18.7733827], [100.5845262, 18.773979], [100.5855868, 18.7752692], [100.5871813, 18.7766625], [100.587745, 18.777356], [100.5884838, 18.778631], [100.5889999, 18.7798313], [100.5898136, 18.7821707], [100.5901776, 18.7834525], [100.5904261, 18.7838936], [100.5905756, 18.7840102], [100.5907868, 18.7841027], [100.5910221, 18.7841242], [100.5913188, 18.7840982], [100.5916396, 18.7840012], [100.5921449, 18.7837965], [100.5926993, 18.7835443], [100.5940771, 18.7827077], [100.5945325, 18.7824564], [100.5954313, 18.7820009], [100.5959859, 18.7817723], [100.5973287, 18.7811598], [100.5982785, 18.7808689], [100.5987599, 18.7807469], [100.5992173, 18.7807076], [100.5996874, 18.7807036], [100.600059, 18.7807594], [100.6004561, 18.7808856], [100.6010527, 18.7811751], [100.6015743, 18.7813827], [100.6019454, 18.7813795], [100.6023404, 18.7812819], [100.6027714, 18.7810661], [100.6031774, 18.7808269], [100.6037314, 18.7805393], [100.6043105, 18.7802869], [100.6047039, 18.7800243], [100.6053554, 18.7795827], [100.6056582, 18.7793097], [100.6080264, 18.7774723], [100.6071635, 18.7770266], [100.6063167, 18.7767095], [100.6055579, 18.7763071], [100.6050369, 18.7760014], [100.6045892, 18.7756246], [100.6042745, 18.7752183], [100.6039746, 18.774812], [100.6037634, 18.7743908], [100.6035225, 18.7739699], [100.6031387, 18.7725208], [100.6028136, 18.7710149], [100.6021659, 18.7682568], [100.6019937, 18.7672713], [100.6018825, 18.7664685], [100.6018135, 18.7654257], [100.6016669, 18.7640169], [100.601544, 18.7619734], [100.6015391, 18.7614517], [100.6016096, 18.7610845], [100.6017974, 18.7605894], [100.6020598, 18.7601641], [100.6023962, 18.7597383], [100.6029684, 18.7591975], [100.6033795, 18.7588415], [100.6038499, 18.7584991], [100.604643, 18.7578436], [100.6049216, 18.7575593], [100.6051552, 18.7572188], [100.6052566, 18.7569924], [100.6053133, 18.756724], [100.6053104, 18.7564138], [100.6052628, 18.7560758], [100.6049762, 18.7555142], [100.6046614, 18.7550939], [100.6040626, 18.75438], [100.6038217, 18.7539449], [100.6037527, 18.7536491], [100.6037065, 18.7530642], [100.6037528, 18.7526018], [100.6038885, 18.7519493], [100.6041077, 18.7513932], [100.6043145, 18.7509578], [100.6046311, 18.7503946], [100.6049704, 18.7498841], [100.6053871, 18.7493412], [100.6055779, 18.749014], [100.6056327, 18.7488589], [100.6056696, 18.7486937], [100.6056665, 18.7483631], [100.6055876, 18.7480562], [100.6055113, 18.7479082], [100.6054291, 18.7478018], [100.6052717, 18.7476663], [100.6051524, 18.747596], [100.6050085, 18.7475615], [100.6048023, 18.7475514], [100.6045442, 18.7475935], [100.6038733, 18.7477362], [100.6032638, 18.7478471], [100.6028422, 18.7478613], [100.6027017, 18.7478242], [100.602575, 18.747779], [100.6022958, 18.7476016], [100.6019712, 18.7473189], [100.6015567, 18.7469206], [100.6010548, 18.7466711], [100.6005207, 18.7465381], [100.5998982, 18.7464377], [100.599349, 18.7463221], [100.5989744, 18.7461812], [100.5986619, 18.7460041], [100.5984823, 18.7457942], [100.5983466, 18.7455309], [100.5979603, 18.7445825], [100.5976549, 18.7439823], [100.5974593, 18.7436892], [100.5972063, 18.7434891], [100.596983, 18.7433535], [100.5960686, 18.7429066], [100.5957896, 18.7427503], [100.5956439, 18.7426035], [100.5955243, 18.7424287], [100.5954285, 18.7421295], [100.5952685, 18.7417805], [100.5949425, 18.741203], [100.5943451, 18.7402279], [100.5941289, 18.7396692], [100.5939678, 18.7390572], [100.5938328, 18.7387233], [100.5936801, 18.7384232], [100.5934481, 18.7380887], [100.5932123, 18.7378052], [100.5929982, 18.737458], [100.5927262, 18.7368681], [100.5926451, 18.7364987], [100.5926305, 18.7361287], [100.5926621, 18.7358386], [100.5927042, 18.7356657], [100.5927776, 18.7355045], [100.5928575, 18.7353729], [100.5929624, 18.7352352], [100.5930864, 18.7351449], [100.593273, 18.735072], [100.5939459, 18.7349116], [100.5941076, 18.7348448], [100.5942255, 18.7347724], [100.5944168, 18.7345269], [100.5944657, 18.7344134], [100.5944948, 18.7341871], [100.5944246, 18.7333609], [100.5943311, 18.7327192], [100.5936697, 18.7294293], [100.5935933, 18.7286091], [100.5935646, 18.7280306], [100.5935603, 18.7275654], [100.5936214, 18.7269832], [100.5936841, 18.7265702], [100.5937807, 18.7262099], [100.5940184, 18.7255204], [100.594149, 18.7252444], [100.5946393, 18.7242673], [100.5948905, 18.7238315], [100.5951093, 18.7235029], [100.59526, 18.7232868], [100.5955011, 18.7230011], [100.5958562, 18.7226361], [100.5968402, 18.7218378], [100.5968864, 18.7215495], [100.596818, 18.721053], [100.5967644, 18.7209043], [100.5966466, 18.7207065], [100.5964354, 18.7204376], [100.5962715, 18.7202623], [100.595722, 18.7197754], [100.5946295, 18.7188678], [100.594553, 18.7187469], [100.5944936, 18.7185983], [100.5944687, 18.7184107], [100.5944707, 18.7181122], [100.5945937, 18.7175204], [100.5946613, 18.7173155], [100.5947695, 18.7171047], [100.5948665, 18.7169437], [100.5950387, 18.7167599], [100.5951938, 18.7166095], [100.5957056, 18.7161743], [100.5959981, 18.7158404], [100.5961177, 18.7156129], [100.5961911, 18.7154024], [100.5962295, 18.7151756], [100.5962394, 18.7149878], [100.5962401, 18.7144465], [100.5962143, 18.7141705], [100.5958845, 18.7123782], [100.5958126, 18.7121358], [100.5957415, 18.7119652], [100.5956298, 18.7117949], [100.5953605, 18.7115211], [100.5950857, 18.7112693], [100.5947519, 18.7109021], [100.5945824, 18.7107489], [100.5943839, 18.7106014], [100.5937485, 18.7102147], [100.5933524, 18.7100082], [100.5929512, 18.7098735], [100.5924686, 18.7097907], [100.5922427, 18.7097359], [100.591917, 18.7096227], [100.591783, 18.7095465], [100.5916374, 18.7094396], [100.5913187, 18.7091543], [100.5910968, 18.7089336], [100.5908188, 18.7085825], [100.5906099, 18.7082831], [100.5904562, 18.7080095], [100.5900349, 18.7071559], [100.5897143, 18.7065494], [100.5893063, 18.7055186], [100.5891354, 18.7048785], [100.5891, 18.704025], [100.5891172, 18.7038813], [100.5891848, 18.7036764], [100.5892738, 18.7035157], [100.5894771, 18.7032129], [100.5897761, 18.7028699], [100.5902165, 18.70242], [100.5903257, 18.7023282], [100.5904497, 18.7022502], [100.5906252, 18.7021858], [100.5908009, 18.7021424], [100.5911382, 18.7021185], [100.5913401, 18.7021307], [100.5915718, 18.7021918], [100.5920503, 18.7023625], [100.5924189, 18.7025412], [100.5926402, 18.7026652], [100.5935024, 18.7033171], [100.5939921, 18.7036396], [100.5946941, 18.704165], [100.5949231, 18.7043239], [100.5951516, 18.7044338], [100.5953355, 18.7044812], [100.5956073, 18.7045139], [100.5969489, 18.7043906], [100.5972277, 18.7043812], [100.5977199, 18.7044469], [100.5982572, 18.7046172], [100.5985004, 18.704727], [100.5999752, 18.7054975], [100.6004254, 18.7057803], [100.6010398, 18.7063415], [100.6013798, 18.7066043], [100.6015052, 18.7066731], [100.6017038, 18.7067274], [100.6019609, 18.7067531], [100.6029741, 18.7068214], [100.603503, 18.7068728], [100.6039414, 18.7069637], [100.6042755, 18.7070969], [100.604519, 18.7072347], [100.6047332, 18.7073797], [100.6049775, 18.7076084], [100.6054302, 18.7081499], [100.605652, 18.7083228], [100.6066098, 18.7088914], [100.6076757, 18.7094251], [100.6082511, 18.7097453], [100.6088813, 18.7100388], [100.6094444, 18.710228], [100.6097919, 18.7103036], [100.6099296, 18.7103182], [100.6100891, 18.7103116], [100.6102375, 18.7102893], [100.6104516, 18.7102298], [100.610649, 18.7101599], [100.6108792, 18.7100531], [100.6111743, 18.7098355], [100.6117765, 18.7091755], [100.6126843, 18.7080424], [100.6129767, 18.707743], [100.6134319, 18.7073171], [100.6138537, 18.7068289], [100.6141786, 18.7064979], [100.6145513, 18.7060259], [100.6149252, 18.7056788], [100.6153144, 18.7052066], [100.6162395, 18.7041828], [100.6166622, 18.7037884], [100.6170364, 18.7034726], [100.6173776, 18.7031258], [100.6177357, 18.7028414], [100.6184343, 18.702245], [100.6188097, 18.7019569], [100.6191031, 18.7017669], [100.6194621, 18.7015762], [100.619805, 18.701417], [100.6201974, 18.7012885], [100.6206722, 18.7012063], [100.6211475, 18.7011709], [100.6215908, 18.701214], [100.6220553, 18.7013374], [100.6225757, 18.701538], [100.6230396, 18.7017953], [100.6235189, 18.7021819], [100.6240153, 18.7026465], [100.6250923, 18.7037937], [100.625358, 18.7041352], [100.6261362, 18.7049099], [100.6264648, 18.7051402], [100.6267009, 18.7052389], [100.6274857, 18.7053732], [100.6279714, 18.7055207], [100.6281316, 18.7056248], [100.6282572, 18.7057358], [100.6284671, 18.7059845], [100.6286258, 18.7062012], [100.6287288, 18.7062976], [100.6291143, 18.7067279], [100.629462, 18.7070766], [100.6296727, 18.7072388], [100.6299196, 18.7073305], [100.6300648, 18.7073552], [100.6302446, 18.707347], [100.6304482, 18.7072907], [100.6306439, 18.7071835], [100.6309733, 18.7068993], [100.6315692, 18.7061791], [100.6319591, 18.7057889], [100.6324224, 18.7053629], [100.6326894, 18.7049855], [100.6328711, 18.7046909], [100.63304, 18.7043495], [100.633196, 18.7039379], [100.633303, 18.7035501], [100.6333849, 18.7031157], [100.6333894, 18.7023069], [100.6333231, 18.7018035], [100.6332611, 18.7015516], [100.6330917, 18.7011971], [100.6328384, 18.7007641], [100.6327605, 18.7005736], [100.6324459, 18.6999557], [100.632371, 18.6997602], [100.6322045, 18.698493], [100.6320449, 18.6979429], [100.631923, 18.6973004], [100.6318795, 18.696786], [100.6318754, 18.6963632], [100.631847, 18.6960467], [100.6318584, 18.6958512], [100.6318964, 18.6956806], [100.6319546, 18.6955415], [100.6320594, 18.6954271], [100.6322303, 18.6953184], [100.6326982, 18.6951316], [100.6336942, 18.6948392], [100.6340233, 18.6946662], [100.6343119, 18.6944178], [100.6344762, 18.6943029], [100.634837, 18.6939909], [100.6350474, 18.6938567], [100.6352185, 18.6937669], [100.6355077, 18.6935753], [100.6356455, 18.6934606], [100.636712, 18.6922474], [100.6370135, 18.6919548], [100.6376824, 18.6913564], [100.6378335, 18.6912416], [100.6380505, 18.6911136], [100.6387745, 18.6907354], [100.6393346, 18.6905162], [100.6397638, 18.6904431], [100.6399755, 18.6904412], [100.6404259, 18.6905066], [100.6406053, 18.690587], [100.640765, 18.6906865], [100.6408985, 18.6908177], [100.6410661, 18.6910431], [100.6415903, 18.6919704], [100.6416854, 18.6921661], [100.641806, 18.6923289], [100.6419353, 18.6924452], [100.6421894, 18.6925564], [100.6425025, 18.6926104], [100.6427653, 18.6925986], [100.642909, 18.6925879], [100.6431563, 18.6925101], [100.6438012, 18.6919892], [100.6439392, 18.6918981], [100.6444129, 18.6916292], [100.644867, 18.6913983], [100.645401, 18.691214], [100.6457724, 18.6911445], [100.646164, 18.6911127], [100.646317, 18.691123], [100.6465457, 18.6911606], [100.6478492, 18.691462], [100.648018, 18.6914794], [100.6482263, 18.6914728], [100.648682, 18.6914026], [100.6493216, 18.6913639], [100.6498772, 18.691359], [100.6501504, 18.6913992], [100.6505291, 18.6915708], [100.6507082, 18.6916259], [100.6508472, 18.6916341], [100.6512291, 18.6916213], [100.6514272, 18.6915912], [100.6515903, 18.6915283], [100.6517235, 18.6914562], [100.6519699, 18.6912791], [100.6521327, 18.6911832], [100.6524932, 18.6910192], [100.6527236, 18.6909367], [100.6535371, 18.6907217], [100.6544839, 18.6905702], [100.6552523, 18.6904994], [100.6564237, 18.6904309], [100.6567716, 18.6904278], [100.6575159, 18.6903922], [100.6578941, 18.6903597], [100.6584861, 18.6903487], [100.6588276, 18.6903166], [100.6590469, 18.6902681], [100.6602404, 18.6899667], [100.6608855, 18.6897748], [100.6611713, 18.6896618], [100.6618945, 18.6893354], [100.6621373, 18.6891936], [100.6624715, 18.6890336], [100.662666, 18.6889504], [100.6628731, 18.6889079], [100.6630743, 18.6888828], [100.6636539, 18.6888544], [100.665235, 18.6888637], [100.6664119, 18.6887427], [100.6672048, 18.6886833], [100.6679923, 18.6886879], [100.6682428, 18.688709], [100.6684833, 18.6887582], [100.6687691, 18.6888497], [100.6692287, 18.6890376], [100.6695595, 18.689151], [100.6706119, 18.6894092], [100.6711322, 18.6895558], [100.6723633, 18.689987], [100.6725468, 18.690026], [100.6727913, 18.6900529], [100.6729683, 18.6900514], [100.6736874, 18.6899344], [100.6740042, 18.6898676], [100.6742177, 18.6898599], [100.674798, 18.6899012], [100.6750361, 18.6899049], [100.6752439, 18.6899322], [100.6754336, 18.689977], [100.6761567, 18.6902672], [100.6767568, 18.6904538], [100.6770633, 18.6905907], [100.6773149, 18.6907222], [100.677493, 18.6908312], [100.6778252, 18.69109], [100.6782322, 18.691511], [100.6783553, 18.6916146], [100.6790004, 18.6920393], [100.6796083, 18.6924061], [100.6801596, 18.6925932], [100.6807534, 18.6927682], [100.6824435, 18.6933057], [100.6833325, 18.6937049], [100.6836818, 18.6938414], [100.6849121, 18.6941793], [100.6851143, 18.6942531], [100.6854145, 18.6943668], [100.6859664, 18.6946236], [100.6863445, 18.6948174], [100.6868658, 18.6950157], [100.6874616, 18.6952723], [100.6883048, 18.6956784], [100.6889572, 18.6959446], [100.6891536, 18.6959878], [100.6894433, 18.6960188], [100.6895758, 18.6959958], [100.6897857, 18.6959241], [100.6899394, 18.6958391], [100.6900461, 18.6957528], [100.690199, 18.695551], [100.6903829, 18.6951219], [100.6904663, 18.6947764], [100.6904965, 18.694203], [100.6904905, 18.6940591], [100.6904622, 18.6939721], [100.6904156, 18.693894], [100.6902222, 18.6936493], [100.6899021, 18.6933807], [100.6894921, 18.6930741], [100.6891142, 18.692713], [100.6889495, 18.6925206], [100.6887844, 18.6922894], [100.6884779, 18.6917492], [100.6883697, 18.691502], [100.688227, 18.6910689], [100.6881844, 18.6908754], [100.688149, 18.6905887], [100.6881779, 18.6903303], [100.6883787, 18.6899968], [100.6889361, 18.6893023], [100.6893932, 18.6887053], [100.6897639, 18.6881504], [100.6900495, 18.6877755], [100.6903356, 18.687442], [100.69058, 18.6872881], [100.6909257, 18.6871333], [100.6912435, 18.6870753], [100.6915615, 18.6870449], [100.6918416, 18.6870652], [100.6921596, 18.6871321], [100.6926782, 18.6873106], [100.6941194, 18.6881938], [100.6949785, 18.6887376], [100.6957354, 18.6891996], [100.6961719, 18.6894438], [100.696696, 18.68977], [100.6974813, 18.6901628], [100.6980626, 18.6904195], [100.6986879, 18.690731], [100.6992121, 18.691071], [100.6997221, 18.6914249], [100.7002036, 18.6918341], [100.700628, 18.6923129], [100.7009515, 18.6928339], [100.7012177, 18.6934107], [100.701559, 18.6942625], [100.7020248, 18.6959818], [100.7022062, 18.696565], [100.7024941, 18.6971415], [100.7029826, 18.6982436], [100.7031717, 18.698577], [100.7034283, 18.6990091], [100.7036998, 18.699416], [100.7039307, 18.6997242], [100.7042047, 18.6999906], [100.7051132, 18.7007683], [100.7054519, 18.7009927], [100.7057253, 18.701197], [100.7058306, 18.7012973], [100.7059332, 18.701484], [100.7059834, 18.7016986], [100.7060201, 18.7016415], [100.7061051, 18.701584], [100.7073754, 18.701233], [100.7076072, 18.7011307], [100.7083526, 18.7007262], [100.7085983, 18.7006335], [100.7092311, 18.7003475], [100.7099857, 18.6999157], [100.7102307, 18.6997508], [100.7104752, 18.6995406], [100.7106816, 18.6993127], [100.7108405, 18.6990762], [100.7109425, 18.6988403], [100.7109972, 18.6986138], [100.7110226, 18.6983152], [100.7110532, 18.6966425], [100.7110876, 18.6962896], [100.7111419, 18.6960269], [100.7112438, 18.6957819], [100.7114766, 18.6953459], [100.7116076, 18.6951639], [100.7118237, 18.694954], [100.7121248, 18.6947162], [100.7125925, 18.694052], [100.7129092, 18.6934705], [100.7130575, 18.6931256], [100.7131958, 18.6927356], [100.7133884, 18.6920739], [100.7135684, 18.691105], [100.7136273, 18.6903632], [100.7136715, 18.6900373], [100.7137637, 18.6897743], [100.713986, 18.6892389], [100.7141606, 18.6886858], [100.7144571, 18.687978], [100.7146576, 18.6871716], [100.7148149, 18.6867724], [100.7154119, 18.6857725], [100.715635, 18.6853184], [100.7158223, 18.6848657], [100.7159606, 18.6844757], [100.7160999, 18.6841761], [100.7163326, 18.6837401], [100.7165472, 18.6833765], [100.7172678, 18.6824116], [100.7175574, 18.681966], [100.7178388, 18.6816561], [100.7181386, 18.6812827], [100.718392, 18.6810092], [100.7186367, 18.6808171], [100.7193621, 18.6803313], [100.7199738, 18.6798466], [100.7205559, 18.6793279], [100.72077, 18.6791985], [100.7213774, 18.6790443], [100.7222892, 18.6788802], [100.723141, 18.6786814], [100.7237753, 18.676903], [100.7243391, 18.6755817], [100.724383, 18.6753614], [100.724368, 18.6750207], [100.724379, 18.6749619], [100.7244624, 18.6748439], [100.7245619, 18.6748026], [100.7246573, 18.6747211], [100.7247822, 18.6745257], [100.7252161, 18.6737007], [100.7253336, 18.6735273], [100.7254976, 18.6733939], [100.725681, 18.6732786], [100.7257264, 18.6732048], [100.7257524, 18.6731093], [100.7257511, 18.6729884], [100.7257264, 18.6728273], [100.7256386, 18.6725089], [100.7256361, 18.67226], [100.7256664, 18.6722158], [100.7257236, 18.6721713], [100.7260335, 18.6720071], [100.7260987, 18.6719882], [100.7262179, 18.6719871], [100.7263942, 18.6719342], [100.726516, 18.6718084], [100.7265539, 18.6717494], [100.7265445, 18.6715809], [100.7265938, 18.6715182], [100.727355, 18.6711116], [100.7279371, 18.6708717], [100.7280136, 18.670827], [100.7280933, 18.6707273], [100.7281117, 18.6706465], [100.7281109, 18.6705659], [100.7280439, 18.6704016], [100.7279577, 18.6702448], [100.7279476, 18.6700103], [100.7280211, 18.6697205], [100.728104, 18.6696483], [100.7282938, 18.6695915], [100.7291888, 18.6693964], [100.7295131, 18.6692394], [100.7298053, 18.6690416], [100.7299439, 18.6687736], [100.7300235, 18.6686547], [100.730187, 18.668568], [100.7305505, 18.6685756], [100.7306951, 18.6686183], [100.7308797, 18.6686193], [100.7312267, 18.6684237], [100.7313247, 18.6684145], [100.7314546, 18.6684243], [100.7315761, 18.6684589], [100.7316568, 18.6684555], [100.7317343, 18.668419], [100.73192, 18.6682414], [100.7319859, 18.6681995], [100.7320406, 18.668188], [100.7322195, 18.6682001], [100.7326694, 18.6681932], [100.7329566, 18.6680806], [100.7330286, 18.6680689], [100.7331296, 18.668068], [100.733575, 18.6681986], [100.7340499, 18.6681007], [100.7342922, 18.6680985], [100.7345671, 18.6681839], [100.7347672, 18.6682975], [100.7348722, 18.6684065], [100.734925, 18.6685023], [100.7350463, 18.668798], [100.7350928, 18.6688361], [100.7352547, 18.6688703], [100.7359411, 18.6688667], [100.7360278, 18.6688824], [100.736129, 18.6689117], [100.736588, 18.6692291], [100.7367093, 18.6692527], [100.7367728, 18.6692521], [100.7368591, 18.6692266], [100.7370283, 18.6691343], [100.7371203, 18.6691087], [100.7374086, 18.6690923], [100.7375784, 18.6690605], [100.7377795, 18.6689844], [100.7378951, 18.6689998], [100.7380776, 18.6690779], [100.7382161, 18.6690876], [100.7383052, 18.669062], [100.7385424, 18.6688481], [100.738709, 18.6687751], [100.7390285, 18.6687089], [100.7392334, 18.6687263], [100.7394417, 18.6687876], [100.7396071, 18.6688905], [100.7397111, 18.668906], [100.7398704, 18.668965], [100.740061, 18.6689908], [100.7402493, 18.669077], [100.7404687, 18.6690914], [100.7406402, 18.6692218], [100.7408318, 18.669341], [100.741053, 18.6695396], [100.7410801, 18.6696493], [100.7410782, 18.6697455], [100.7411279, 18.6698111], [100.7412033, 18.6698516], [100.7412325, 18.6698871], [100.7412711, 18.6699994], [100.7413059, 18.6700183], [100.7414645, 18.6700169], [100.7415659, 18.6700572], [100.7416502, 18.6701196], [100.7419276, 18.6704551], [100.7420361, 18.6706356], [100.7420249, 18.6709436], [100.7419412, 18.6712247], [100.7419449, 18.6712989], [100.7421336, 18.6714181], [100.7422011, 18.6715357], [100.7422258, 18.6716977], [100.7422286, 18.671967], [100.7422761, 18.6720985], [100.7424475, 18.6722261], [100.7425621, 18.6724313], [100.7426792, 18.6726006], [100.7427667, 18.672696], [100.7428683, 18.6727583], [100.7431602, 18.672816], [100.7436274, 18.6728145], [100.7437261, 18.6728713], [100.7438425, 18.6729774], [100.7439507, 18.6731193], [100.7442236, 18.6732955], [100.7444382, 18.6734117], [100.7444738, 18.6734993], [100.744538, 18.6735785], [100.7450911, 18.6740736], [100.7451346, 18.6740925], [100.7452559, 18.6741106], [100.7454751, 18.674114], [100.7461708, 18.6741653], [100.746254, 18.6741288], [100.7463855, 18.6740121], [100.7465608, 18.6739527], [100.746667, 18.6738968], [100.7469092, 18.6736059], [100.7472062, 18.6735976], [100.7473275, 18.6736157], [100.7479116, 18.6737642], [100.7480039, 18.6737606], [100.7481073, 18.6737184], [100.7481563, 18.673718], [100.7482173, 18.6737614], [100.7482728, 18.6738268], [100.7487874, 18.674512], [100.7488778, 18.6746019], [100.7490261, 18.6746514], [100.7493436, 18.6746619], [100.7499782, 18.6746271], [100.7503579, 18.6745831], [100.7512399, 18.6745562], [100.771136, 18.6744035], [100.7855614, 18.6747449], [100.7935392, 18.6754137], [100.7934123, 18.6762428], [100.7933071, 18.6770771], [100.7932735, 18.6775001], [100.7931818, 18.6779339], [100.7930297, 18.6783769], [100.7928276, 18.6788135], [100.7923444, 18.6795258], [100.792069, 18.6798424], [100.7917301, 18.6801476], [100.7914034, 18.6804164], [100.7905974, 18.680883], [100.7902193, 18.6810798], [100.7896947, 18.6813953], [100.7891938, 18.6817749], [100.7887511, 18.6821505], [100.7886201, 18.682342], [100.7882842, 18.682943], [100.7878823, 18.6835808], [100.7871238, 18.6846659], [100.7869091, 18.6850393], [100.7867144, 18.6855031], [100.7864347, 18.686022], [100.786286, 18.6863405], [100.7859028, 18.686951], [100.7856966, 18.6872337], [100.7852826, 18.6876271], [100.7850006, 18.6879287], [100.7843884, 18.6884599], [100.7840969, 18.6887615], [100.7835697, 18.6892375], [100.7828534, 18.689815], [100.7816555, 18.6906868], [100.7809215, 18.6913912], [100.7800084, 18.6922332], [100.779219, 18.6930921], [100.7790025, 18.6932934], [100.7789115, 18.6934225], [100.7788532, 18.6935575], [100.7787982, 18.6937573], [100.7787474, 18.6943465], [100.7787407, 18.6946183], [100.7787585, 18.6954152], [100.7787292, 18.6962488], [100.7787386, 18.6969742], [100.7793364, 18.7013081], [100.7795486, 18.7026293], [100.7795068, 18.7040331], [100.7793774, 18.7048657], [100.7791684, 18.7064825], [100.7790952, 18.7066866], [100.7789844, 18.706891], [100.7788176, 18.7071497], [100.7784148, 18.707644], [100.7782843, 18.7077648], [100.778091, 18.7078863], [100.7778284, 18.7079904], [100.7776093, 18.7080464], [100.7773586, 18.7080727], [100.7771388, 18.7080628], [100.7768743, 18.7079816], [100.7765844, 18.7078647], [100.7762248, 18.7076887], [100.7756819, 18.7073948], [100.7754614, 18.7073131], [100.7751936, 18.7072674], [100.7748734, 18.707283], [100.7747254, 18.7073072], [100.7746251, 18.7073409], [100.7745725, 18.7073767], [100.7745204, 18.707458], [100.774454, 18.7076882], [100.7744269, 18.7080345], [100.7743481, 18.7081896], [100.7743204, 18.7083144], [100.7742018, 18.7084092], [100.77402, 18.7083247], [100.7739709, 18.7083305], [100.7739521, 18.7083477], [100.7738847, 18.7086379], [100.7736187, 18.7088373], [100.7733827, 18.7092398], [100.7733142, 18.7093096], [100.7732642, 18.7093367], [100.7731527, 18.7093516], [100.7730472, 18.7093079], [100.7726921, 18.7086526], [100.7725694, 18.708534], [100.7724929, 18.7085068], [100.7724402, 18.7085145], [100.7721852, 18.7086126], [100.7721031, 18.7086644], [100.7719126, 18.7088238], [100.7714319, 18.709123], [100.770922, 18.7093691], [100.7707423, 18.7094191], [100.7704047, 18.7094691], [100.769573, 18.709555], [100.7694844, 18.7096254], [100.7693708, 18.7098748], [100.7693249, 18.7099037], [100.7692653, 18.7098985], [100.7689345, 18.7097669], [100.7687944, 18.7097277], [100.7685305, 18.709694], [100.768181, 18.7096025], [100.7680502, 18.7095963], [100.7678407, 18.7096494], [100.7677824, 18.7096212], [100.7676366, 18.7094576], [100.7675746, 18.7094081], [100.7672344, 18.7092421], [100.7666563, 18.7091837], [100.7665655, 18.7091601], [100.7663849, 18.7090819], [100.7662966, 18.7090785], [100.7660322, 18.7091108], [100.7658212, 18.7092384], [100.7657043, 18.7092704], [100.7656104, 18.709268], [100.7654289, 18.7091968], [100.765341, 18.7091948], [100.7652267, 18.70923], [100.7650562, 18.7093068], [100.7647355, 18.7094049], [100.7643983, 18.7094989], [100.7639702, 18.7095839], [100.763586, 18.7096985], [100.7632296, 18.7098274], [100.7629017, 18.709983], [100.7626026, 18.7101967], [100.7617433, 18.7107308], [100.7610267, 18.7111274], [100.7610131, 18.711745], [100.7609891, 18.7120127], [100.7610156, 18.7126299], [100.7611042, 18.7134504], [100.7612794, 18.7142382], [100.761687, 18.7142407], [100.7621458, 18.7142831], [100.7626468, 18.7144002], [100.7629184, 18.7144943], [100.7636553, 18.7148849], [100.763924, 18.7150686], [100.7641777, 18.7152488], [100.7643938, 18.7154294], [100.764819, 18.7158444], [100.764975, 18.7160256], [100.7652553, 18.7164119], [100.7654181, 18.716709], [100.7654685, 18.7168553], [100.7655322, 18.7172021], [100.7655521, 18.7176746], [100.7655497, 18.7181688], [100.7655222, 18.7184191], [100.7655031, 18.7189305], [100.7654305, 18.719325], [100.7653461, 18.7196598], [100.7648365, 18.7209094], [100.7647282, 18.7211383], [100.7646149, 18.7213208], [100.7643398, 18.7216947], [100.7635523, 18.7226219], [100.7633863, 18.7228429], [100.7622674, 18.7246931], [100.761872, 18.7254268], [100.7616034, 18.725999], [100.7614695, 18.7263336], [100.7614314, 18.7265027], [100.7614283, 18.7266294], [100.7614548, 18.7268281], [100.7622339, 18.7287955], [100.7623565, 18.7292332], [100.7624197, 18.729632], [100.7624793, 18.7302503], [100.7624929, 18.7309985], [100.7624244, 18.7317924], [100.762386, 18.7320797], [100.7622803, 18.7326995], [100.7621897, 18.7330717], [100.7619776, 18.7336869], [100.7618384, 18.7339358], [100.7616639, 18.7341906], [100.761524, 18.7343663], [100.7613778, 18.7345027], [100.7611783, 18.7346227], [100.7609784, 18.734709], [100.7606721, 18.7347794], [100.7592975, 18.7349048], [100.7587493, 18.7350056], [100.7585199, 18.7350866], [100.7583082, 18.7351786], [100.7581147, 18.7353042], [100.7578862, 18.7354807], [100.7569303, 18.7361198], [100.756673, 18.7363641], [100.7565504, 18.7365003], [100.756446, 18.7366813], [100.7563599, 18.736924], [100.7562025, 18.7376963], [100.7561249, 18.7381865], [100.7561039, 18.7384398], [100.756116, 18.7390361], [100.7561483, 18.7393002], [100.7562041, 18.7395641], [100.7562893, 18.7398052], [100.7564162, 18.7400853], [100.7565366, 18.7403036], [100.7567285, 18.7405944], [100.7568839, 18.7407729], [100.7571161, 18.7409508], [100.757342, 18.741095], [100.7575732, 18.7411884], [100.757822, 18.7412592], [100.758094, 18.7412961], [100.7585724, 18.7412972], [100.7590854, 18.7412248], [100.7593033, 18.7411665], [100.7595796, 18.7410514], [100.7598731, 18.7408743], [100.7604945, 18.7404408], [100.7607412, 18.7403091], [100.7609176, 18.7402343], [100.7612002, 18.7401529], [100.7616918, 18.7400693], [100.7619264, 18.7400544], [100.7621391, 18.7400608], [100.7624273, 18.7400961], [100.7629955, 18.7402215], [100.7632889, 18.7403285], [100.7636629, 18.7405191], [100.7638501, 18.7406312], [100.7640555, 18.7407854], [100.7642656, 18.7409775], [100.7645705, 18.7413375], [100.7648671, 18.741744], [100.7650569, 18.7421093], [100.7651996, 18.7426312], [100.765256, 18.7429429], [100.765387, 18.7440472], [100.7655061, 18.7448435], [100.7656565, 18.7456776], [100.7657614, 18.7463981], [100.7658496, 18.7467897], [100.7659457, 18.7470842], [100.766041, 18.7473027], [100.7661721, 18.747563], [100.7664514, 18.7480161], [100.7669097, 18.7486363], [100.7671382, 18.7488873], [100.7672273, 18.7489371], [100.7673206, 18.7489657], [100.7675819, 18.7489675], [100.7686529, 18.7488856], [100.7689588, 18.748908], [100.7691497, 18.7489527], [100.769532, 18.7490841], [100.7697502, 18.7491959], [100.7701024, 18.7494204], [100.7702321, 18.7495416], [100.7703532, 18.7496839], [100.7704657, 18.7498558], [100.7705744, 18.7500869], [100.770694, 18.7505119], [100.770726, 18.7510306], [100.7707186, 18.7511657], [100.770638, 18.7515082], [100.7705431, 18.7517581], [100.7699228, 18.7530087], [100.7688717, 18.7550018], [100.7685077, 18.7557774], [100.7680752, 18.7567815], [100.7679294, 18.7572344], [100.7679084, 18.7573485], [100.7678942, 18.757682], [100.767915, 18.7584075], [100.7679083, 18.7586143], [100.7678599, 18.7590747], [100.7677887, 18.7594636], [100.7676695, 18.759855], [100.7675765, 18.7600022], [100.7673435, 18.7603082], [100.766619, 18.7610633], [100.7663575, 18.7614764], [100.7662307, 18.7617758], [100.7661116, 18.7622439], [100.7660169, 18.7627961], [100.7659588, 18.7634549], [100.7659201, 18.7642767], [100.7658235, 18.7649004], [100.7661338, 18.7653005], [100.7666863, 18.7656438], [100.7675314, 18.7659774], [100.7683903, 18.7662342], [100.769482, 18.7663632], [100.7701919, 18.7663635], [100.7706312, 18.7663872], [100.7711885, 18.7664865], [100.7719738, 18.7667091], [100.7726604, 18.7670535], [100.7730462, 18.7672228], [100.7735882, 18.7676791], [100.7738212, 18.7680628], [100.774084, 18.7687734], [100.7748214, 18.7710651], [100.7752597, 18.7717069], [100.7757779, 18.7724151], [100.7764537, 18.7730294], [100.7770489, 18.7735104], [100.7775282, 18.7738665], [100.7793963, 18.7747884], [100.7805578, 18.775524], [100.7812575, 18.7758948], [100.7817367, 18.7762342], [100.7821991, 18.7766493], [100.7824496, 18.7770244], [100.7828124, 18.7780193], [100.7831624, 18.7786367], [100.7837631, 18.7796461], [100.784684, 18.7809376], [100.7854609, 18.7819537], [100.7861205, 18.7826857], [100.7866654, 18.7834103], [100.7875292, 18.7843081], [100.7881523, 18.784923], [100.788916, 18.7855113], [100.7891476, 18.7857524], [100.7897292, 18.7866109], [100.7907305, 18.7880107], [100.7910795, 18.7885359], [100.7912971, 18.789121], [100.7914113, 18.7899253], [100.7914066, 18.7903112], [100.7909015, 18.7925225], [100.7908438, 18.7937311], [100.7908546, 18.7947545], [100.7910621, 18.7960444], [100.7914554, 18.7974249], [100.7917278, 18.7981857], [100.792016, 18.798787], [100.792639, 18.799385], [100.7933525, 18.8002171], [100.7940296, 18.8009404], [100.78612, 18.8056658], [100.785997, 18.8066463], [100.7860157, 18.8069779], [100.785989, 18.8073244], [100.7859181, 18.8077795], [100.7858308, 18.8081193], [100.7855372, 18.8090093], [100.7855018, 18.8092405], [100.7854886, 18.8101422], [100.7856889, 18.811179], [100.7859309, 18.812576], [100.7859637, 18.8128209], [100.7860589, 18.8139452], [100.7861693, 18.8143553], [100.7863019, 18.8147147], [100.7868216, 18.8158782], [100.7868624, 18.8161519], [100.7868833, 18.8166999], [100.7868462, 18.8174865], [100.786672, 18.8189235], [100.7866753, 18.8192336], [100.7866492, 18.819903], [100.7867681, 18.8204484], [100.7868308, 18.8208349], [100.7868122, 18.8210505], [100.786873, 18.8212534], [100.7869371, 18.8213724], [100.7870116, 18.821679], [100.7870803, 18.8218299], [100.7872884, 18.8220993], [100.787666, 18.8225465], [100.7877429, 18.8226893], [100.7878962, 18.8233103], [100.7880178, 18.8237162], [100.7880312, 18.8237998], [100.7880165, 18.8239954], [100.7879608, 18.8242753], [100.7878557, 18.8246353], [100.7877234, 18.8251992], [100.7876366, 18.8257068], [100.7875096, 18.8259833], [100.7874692, 18.8261233], [100.7874194, 18.8265587], [100.7874812, 18.8268653], [100.7874956, 18.8270368], [100.7874924, 18.8271366], [100.7874361, 18.8273486], [100.787305, 18.827637], [100.7870946, 18.8279423], [100.786877, 18.8283713], [100.786659, 18.8287604], [100.7863665, 18.8292301], [100.7862769, 18.8294783], [100.7862696, 18.8295861], [100.786048, 18.8300151], [100.785983, 18.8302152], [100.7859645, 18.8312408], [100.7859461, 18.8314804], [100.7859062, 18.8316643], [100.7858368, 18.8318405], [100.7856795, 18.8324206], [100.7856491, 18.8327161], [100.7855247, 18.833236], [100.7855057, 18.8334237], [100.7855459, 18.8336547], [100.7855934, 18.83379], [100.7857605, 18.8341354], [100.7857957, 18.8342908], [100.7858033, 18.8346178], [100.7857398, 18.8349536], [100.7857405, 18.8350174], [100.7858058, 18.8352522], [100.785824, 18.8353876], [100.7858517, 18.8357198], [100.7858377, 18.8358634], [100.7858694, 18.8359534], [100.7860039, 18.8361833], [100.7860168, 18.8364393], [100.785864, 18.8367627], [100.7855899, 18.8372459], [100.7854079, 18.8374843], [100.7852172, 18.8378497], [100.7850413, 18.8380433], [100.7845862, 18.8383601], [100.7842395, 18.83856], [100.7834676, 18.8389677], [100.783211, 18.8391223], [100.7830923, 18.8392405], [100.7830004, 18.8394352], [100.7829654, 18.8396422], [100.7829607, 18.8399579], [100.7829903, 18.8404656], [100.783058, 18.8430515], [100.7830149, 18.84356], [100.7829644, 18.8449076], [100.7829277, 18.8452621], [100.7828048, 18.8458714], [100.7827503, 18.8460721], [100.7825756, 18.8463663], [100.7823924, 18.8466297], [100.7821683, 18.8468474], [100.7816948, 18.847183], [100.7806976, 18.8476929], [100.7799766, 18.8480294], [100.7798968, 18.8481242], [100.7798359, 18.8483085], [100.779825, 18.8485566], [100.7798533, 18.8486888], [100.7799273, 18.8487951], [100.7800391, 18.8488452], [100.7805226, 18.8491382], [100.7811315, 18.8495737], [100.7815399, 18.8499233], [100.78169, 18.8500731], [100.7820102, 18.8504409], [100.7821172, 18.8505408], [100.7823072, 18.8506325], [100.7825194, 18.8506844], [100.7836219, 18.8508899], [100.7840321, 18.8509798], [100.7842556, 18.851046], [100.7845314, 18.8511994], [100.7846928, 18.8513722], [100.7847994, 18.8515296], [100.7854708, 18.8527668], [100.7856653, 18.8543871], [100.7857528, 18.8549082], [100.7858866, 18.8554482], [100.7860327, 18.8559347], [100.7861353, 18.8561897], [100.7861822, 18.8562722], [100.7865619, 18.8568076], [100.786635, 18.8569337], [100.7866614, 18.8570115], [100.7866705, 18.8571381], [100.7866256, 18.8574996], [100.7866175, 18.8576996], [100.7866624, 18.8578285], [100.7868949, 18.8582555], [100.7869455, 18.8584379], [100.7869897, 18.8587447], [100.7870018, 18.8591569], [100.7869684, 18.8596401], [100.7869789, 18.8599058], [100.7870265, 18.8600395], [100.787868, 18.861841], [100.7879809, 18.8621131], [100.788074, 18.8624366], [100.7881982, 18.863028], [100.7882159, 18.8632473], [100.7881788, 18.8636185], [100.788074, 18.8641219], [100.7880632, 18.864317], [100.7881452, 18.865043], [100.7882171, 18.8652984], [100.7883292, 18.8654778], [100.7887853, 18.865971], [100.7898551, 18.8669571], [100.7904587, 18.8677039], [100.7905825, 18.8677782], [100.7907236, 18.8678037], [100.7911748, 18.8678433], [100.7912774, 18.8678618], [100.7914549, 18.867921], [100.7915683, 18.8680004], [100.7916279, 18.8680608], [100.791667, 18.8681286], [100.7917222, 18.868267], [100.7917575, 18.8684545], [100.7917652, 18.8689347], [100.7917264, 18.8691448], [100.7916637, 18.8692625], [100.7914266, 18.8696085], [100.7912848, 18.8699261], [100.7909703, 18.8698065], [100.7908509, 18.8697989], [100.790768, 18.8698441], [100.7906421, 18.8700223], [100.7904054, 18.8701301], [100.7902863, 18.8701473], [100.7901422, 18.8701217], [100.7899762, 18.8701211], [100.7897212, 18.870214], [100.7894515, 18.8703913], [100.7893826, 18.8704146], [100.7892423, 18.8704318], [100.7890856, 18.8704833], [100.7890477, 18.870504], [100.789003, 18.8705566], [100.788975, 18.8706181], [100.7889402, 18.8709246], [100.788896, 18.8710249], [100.7888205, 18.8711027], [100.7887329, 18.8711512], [100.788538, 18.8711939], [100.7884434, 18.8712628], [100.7884271, 18.8712924], [100.7884162, 18.8713901], [100.788467, 18.8714667], [100.7885268, 18.8714843], [100.7887603, 18.8714866], [100.7888345, 18.8715244], [100.7889122, 18.8716597], [100.7889673, 18.8718411], [100.789, 18.8718762], [100.7891906, 18.8719945], [100.7892058, 18.872056], [100.789162, 18.8721935], [100.7891546, 18.8722644], [100.7891931, 18.8723811], [100.7892741, 18.8725406], [100.7892849, 18.8726468], [100.7892662, 18.8727147], [100.7891701, 18.8728081], [100.7891358, 18.8728672], [100.7891512, 18.8729067], [100.7892299, 18.8729872], [100.7892338, 18.87303], [100.7892162, 18.8730497], [100.7891747, 18.8730612], [100.7889707, 18.8730208], [100.7888894, 18.8730282], [100.7886547, 18.8730793], [100.7886148, 18.8731026], [100.7885961, 18.873143], [100.7886006, 18.8731908], [100.7886694, 18.8733032], [100.7886085, 18.8734897], [100.7886217, 18.873511], [100.7887344, 18.8735775], [100.7887432, 18.8736313], [100.7887266, 18.8736829], [100.7885964, 18.8737619], [100.7885559, 18.8738021], [100.7885493, 18.8738672], [100.7887568, 18.8741286], [100.7887952, 18.8742777], [100.7887855, 18.874361], [100.7886797, 18.8744811], [100.7886154, 18.8745291], [100.7885949, 18.8745882], [100.7887182, 18.8747003], [100.7887432, 18.8747819], [100.7887405, 18.8748728], [100.7887159, 18.8749237], [100.7885987, 18.8750569], [100.7885567, 18.8751731], [100.7885536, 18.8755199], [100.7885686, 18.8756604], [100.7884928, 18.87604], [100.7884353, 18.8761611], [100.7883298, 18.8763071], [100.7882697, 18.8764698], [100.7882159, 18.8765191], [100.788096, 18.8765849], [100.7877606, 18.8766541], [100.7876392, 18.8767285], [100.7875047, 18.876836], [100.7874693, 18.8769124], [100.7874518, 18.8771063], [100.7874738, 18.8773371], [100.787464, 18.8774497], [100.7873718, 18.8775424], [100.7872744, 18.8777283], [100.7870022, 18.8779228], [100.7868693, 18.8779749], [100.7867716, 18.87799], [100.786598, 18.8779761], [100.7862297, 18.8779147], [100.7861795, 18.8779364], [100.7860649, 18.8780334], [100.7859496, 18.878067], [100.7857737, 18.8780883], [100.7855439, 18.8780227], [100.7853721, 18.878071], [100.7852876, 18.8780802], [100.7852552, 18.8780636], [100.7852331, 18.877868], [100.7852015, 18.8778238], [100.7851009, 18.8777719], [100.7849395, 18.8777597], [100.7848798, 18.8777878], [100.7848525, 18.8778388], [100.7847705, 18.8781783], [100.7847273, 18.8781883], [100.7846422, 18.8781362], [100.7845563, 18.8781127], [100.7843921, 18.8781343], [100.7842153, 18.8782451], [100.7840636, 18.8782936], [100.7840362, 18.8783165], [100.7839315, 18.8785132], [100.7837333, 18.8786506], [100.7837021, 18.8786885], [100.7836892, 18.8787771], [100.7837834, 18.8790904], [100.7837806, 18.8791996], [100.7837357, 18.8792527], [100.7835726, 18.8793389], [100.7835433, 18.879375], [100.7835056, 18.8795466], [100.7834153, 18.8797996], [100.7833508, 18.8798661], [100.7830852, 18.8799834], [100.782948, 18.880092], [100.7828095, 18.8802683], [100.7827308, 18.8804911], [100.7826996, 18.8805328], [100.7822335, 18.8809475], [100.7819962, 18.8811267], [100.7819767, 18.8811551], [100.78196, 18.881255], [100.7819833, 18.8815935], [100.7819685, 18.8816839], [100.7819179, 18.8817578], [100.7817726, 18.8818533], [100.7817003, 18.8819311], [100.7815369, 18.882373], [100.7815201, 18.8824692], [100.7815285, 18.8825142], [100.7816491, 18.8828857], [100.7816804, 18.8830397], [100.7816708, 18.8832599], [100.7816386, 18.883392], [100.7815863, 18.8834884], [100.7814435, 18.8836328], [100.7814157, 18.8839236], [100.7813654, 18.8841549], [100.7813312, 18.8842422], [100.7812655, 18.8843465], [100.7811369, 18.8844782], [100.7810261, 18.8846365], [100.7808549, 18.885063], [100.7807583, 18.8852379], [100.7803968, 18.8856127], [100.7803241, 18.8857171], [100.7803036, 18.8857775], [100.7802912, 18.8859349], [100.7803536, 18.8861311], [100.7804336, 18.8866002], [100.7804375, 18.8869748], [100.7804159, 18.8872962], [100.7803619, 18.8875048], [100.7803118, 18.8879466], [100.7803319, 18.8880749], [100.7804398, 18.8882368], [100.7809391, 18.8887673], [100.7810963, 18.8888669], [100.7812004, 18.8889143], [100.7815283, 18.8890065], [100.7817241, 18.8890798], [100.7819497, 18.8892232], [100.782368, 18.8896482], [100.7826454, 18.8899567], [100.7828446, 18.8900953], [100.7833607, 18.8902986], [100.7841198, 18.8905422], [100.7844869, 18.8906089], [100.7848882, 18.8906628], [100.7849281, 18.8907025], [100.7849663, 18.8908201], [100.7849635, 18.8913769], [100.7848445, 18.8916259], [100.7846555, 18.8918769], [100.7846334, 18.8919493], [100.7846767, 18.8922398], [100.7849218, 18.8931586], [100.7850264, 18.8937741], [100.7851061, 18.8945012], [100.7851437, 18.8953025], [100.7851419, 18.8957009], [100.7851079, 18.8959077], [100.784803, 18.8967571], [100.7845978, 18.8971325], [100.7834096, 18.8985505], [100.783256, 18.8988632], [100.7831807, 18.8991627], [100.7830702, 18.8998484], [100.7829063, 18.9004225], [100.7828228, 18.9008002], [100.7827413, 18.9013344], [100.782746, 18.9017728], [100.7827886, 18.9022702], [100.7829314, 18.9028141], [100.7831108, 18.9032983], [100.7834155, 18.9038406], [100.7839892, 18.9051033], [100.7845453, 18.9058684], [100.7851239, 18.906408], [100.7854879, 18.9066772], [100.7861813, 18.907109], [100.7869758, 18.9064676], [100.7874379, 18.9060264], [100.7879837, 18.905414], [100.7882343, 18.9051969], [100.7886162, 18.9049007], [100.7888935, 18.9046426], [100.7890401, 18.9045264], [100.7891212, 18.9044775], [100.7894349, 18.9043449], [100.7896985, 18.904261], [100.789908, 18.9042182], [100.7904636, 18.9041536], [100.7906186, 18.904104], [100.7920819, 18.9034458], [100.7926115, 18.9031445], [100.7927779, 18.9030651], [100.7934515, 18.9027625], [100.7941294, 18.9025005], [100.7942376, 18.9024365], [100.7943494, 18.9023429], [100.7944539, 18.9022096], [100.7945249, 18.9020191], [100.7945694, 18.901666], [100.7945964, 18.9016014], [100.7946605, 18.9015583], [100.7947616, 18.9015325], [100.794914, 18.9015544], [100.7951108, 18.9017148], [100.7956482, 18.9022989], [100.7958294, 18.9025607], [100.7961976, 18.9031628], [100.7962507, 18.9032887], [100.7962557, 18.9034175], [100.7962084, 18.9034813], [100.7959658, 18.9036944], [100.7956888, 18.903915], [100.7955592, 18.9039935], [100.7954082, 18.904036], [100.7948179, 18.9040745], [100.7946522, 18.9041183], [100.7943768, 18.9042568], [100.7939502, 18.9045245], [100.7938171, 18.90463], [100.7937174, 18.9047364], [100.7935851, 18.9049099], [100.7933753, 18.905316], [100.7931347, 18.9057248], [100.79299, 18.9060084], [100.792929, 18.906173], [100.7928499, 18.906483], [100.7928478, 18.9066388], [100.7929013, 18.9069206], [100.7929693, 18.9070605], [100.7930428, 18.907143], [100.7931346, 18.907217], [100.7932847, 18.9074428], [100.7933532, 18.9075148], [100.7935673, 18.9075174], [100.7937452, 18.9075824], [100.7939807, 18.9077336], [100.7943412, 18.9080457], [100.7944603, 18.9081324], [100.7952371, 18.9086156], [100.7955859, 18.9087739], [100.7957954, 18.9089206], [100.7960502, 18.9092625], [100.7963629, 18.9095043], [100.7965617, 18.9096851], [100.7970759, 18.9100058], [100.7974681, 18.9103089], [100.7978665, 18.9105112], [100.798175, 18.9107026], [100.7983281, 18.9108651], [100.7984259, 18.9110652], [100.7984711, 18.9111132], [100.7988837, 18.9112615], [100.7991177, 18.9113881], [100.7991868, 18.9114073], [100.7994775, 18.9114291], [100.7998888, 18.9113349], [100.7999737, 18.9113294], [100.8003182, 18.9114374], [100.801297, 18.9118179], [100.8016063, 18.9120832], [100.8021176, 18.9123663], [100.8024323, 18.912669], [100.8027167, 18.9130005], [100.8029571, 18.913209], [100.8029734, 18.9132451], [100.8029667, 18.9133015], [100.8028847, 18.9135799], [100.8028297, 18.9139626], [100.8027661, 18.9140502], [100.8026213, 18.9141535], [100.8012346, 18.9142996], [100.8005133, 18.9143505], [100.8001603, 18.9144014], [100.8001116, 18.9144238], [100.800087, 18.9144522], [100.8000732, 18.9147125], [100.8000308, 18.9147773], [100.7997252, 18.9149747], [100.7994422, 18.9152385], [100.7992897, 18.9153487], [100.7989579, 18.9155232], [100.7986957, 18.9156101], [100.7980189, 18.9156331], [100.797637, 18.9157264], [100.7976017, 18.9157208], [100.7973438, 18.9155881], [100.7972552, 18.9155913], [100.7968235, 18.9157372], [100.7960653, 18.9161931], [100.7960239, 18.916231], [100.7960047, 18.9162816], [100.7960139, 18.916449], [100.7961003, 18.9169284], [100.7960977, 18.9172611], [100.7961498, 18.9174164], [100.7962837, 18.9177372], [100.7963626, 18.9178664], [100.7964509, 18.9179499], [100.7966326, 18.9180648], [100.7967923, 18.9181239], [100.7969093, 18.9181493], [100.7969964, 18.9181452], [100.797062, 18.9181164], [100.7973137, 18.9179297], [100.7975672, 18.9175973], [100.7981623, 18.9171811], [100.7983202, 18.9170781], [100.7984397, 18.9170247], [100.798521, 18.9170327], [100.7985731, 18.9170829], [100.798673, 18.9172542], [100.7987909, 18.917521], [100.7988825, 18.9176296], [100.7989838, 18.9176914], [100.7992203, 18.9177422], [100.7992545, 18.9177781], [100.7992757, 18.9179445], [100.7992743, 18.9184426], [100.7992493, 18.9185523], [100.7992104, 18.9186364], [100.7990991, 18.9188218], [100.7985554, 18.9194604], [100.7983999, 18.9195496], [100.798139, 18.9196648], [100.7980511, 18.919751], [100.7977126, 18.9201448], [100.7976659, 18.9202328], [100.7976521, 18.920307], [100.7976806, 18.9204452], [100.797968, 18.920908], [100.7981348, 18.9211315], [100.7982742, 18.9214182], [100.7984745, 18.9219675], [100.7984865, 18.9220146], [100.7984842, 18.9222185], [100.798527, 18.9223253], [100.798607, 18.9224179], [100.799412, 18.9231001], [100.7995663, 18.9232818], [100.7997596, 18.9236106], [100.7998341, 18.923826], [100.7999015, 18.9241357], [100.7999297, 18.924399], [100.7999364, 18.9246469], [100.7999264, 18.9248359], [100.7999072, 18.9249143], [100.7997895, 18.9251577], [100.7997323, 18.9252403], [100.7996552, 18.9253383], [100.7993795, 18.9256214], [100.7992968, 18.9257576], [100.7990236, 18.9263383], [100.7988525, 18.9266452], [100.798808, 18.9267906], [100.7987586, 18.9270506], [100.7987548, 18.9272528], [100.7988496, 18.9278146], [100.7988323, 18.9280884], [100.7988441, 18.9282438], [100.7990381, 18.9287806], [100.799154, 18.9291797], [100.7992559, 18.9293204], [100.7994467, 18.9294462], [100.7995915, 18.9294953], [100.7997011, 18.9295065], [100.7998985, 18.9295057], [100.8000633, 18.9294825], [100.8002007, 18.9294339], [100.800261, 18.9293666], [100.8004265, 18.9289929], [100.8004768, 18.9288332], [100.8005109, 18.9286971], [100.8005471, 18.9284322], [100.8005239, 18.9280146], [100.8004368, 18.9273153], [100.8004403, 18.9271733], [100.8004788, 18.926968], [100.8005228, 18.9268014], [100.8006189, 18.9265956], [100.8007058, 18.9264738], [100.8008819, 18.9263043], [100.800993, 18.9262226], [100.8011025, 18.926165], [100.8014299, 18.926028], [100.8017306, 18.9259266], [100.8020197, 18.9258561], [100.8022602, 18.9258344], [100.8029686, 18.925813], [100.8034265, 18.9258311], [100.8036948, 18.9258769], [100.8039277, 18.9259376], [100.8044042, 18.9260943], [100.8053981, 18.9263084], [100.8055251, 18.9263473], [100.8057311, 18.9264485], [100.8061534, 18.9267656], [100.8064536, 18.9269377], [100.8079647, 18.9276141], [100.8082217, 18.9276919], [100.8085992, 18.9277628], [100.8088011, 18.9277766], [100.8090468, 18.9277677], [100.8096526, 18.9276715], [100.8098335, 18.9276245], [100.8103601, 18.9274113], [100.8105507, 18.9273159], [100.8106398, 18.9272472], [100.8108588, 18.926966], [100.8109412, 18.9269023], [100.8110103, 18.9268693], [100.8110779, 18.9268445], [100.8112455, 18.9268235], [100.8114933, 18.9268501], [100.8115393, 18.9268722], [100.8116044, 18.9269378], [100.811709, 18.9272029], [100.8118971, 18.927514], [100.8120766, 18.9278614], [100.8121437, 18.9278898], [100.812384, 18.9278929], [100.8124519, 18.9279086], [100.8126625, 18.9281673], [100.8130601, 18.9287248], [100.8132118, 18.9289919], [100.8132624, 18.929208], [100.8133043, 18.9295549], [100.8133706, 18.9296897], [100.8136112, 18.9299511], [100.8136548, 18.9299822], [100.8138195, 18.9300483], [100.8138874, 18.9300997], [100.8141381, 18.9303501], [100.8146619, 18.9308181], [100.8147425, 18.9308632], [100.8150561, 18.9309425], [100.8151187, 18.9309709], [100.8151764, 18.9310151], [100.8152229, 18.9310848], [100.8153807, 18.9315684], [100.8154169, 18.9317363], [100.8154722, 18.9321544], [100.8156483, 18.9326918], [100.8156487, 18.9327348], [100.8156402, 18.9327801], [100.8155802, 18.9328753], [100.8150637, 18.9334009], [100.814864, 18.9335362], [100.8146728, 18.9336177], [100.8144585, 18.9336606], [100.8141104, 18.9336662], [100.8139201, 18.9336272], [100.8134776, 18.9334594], [100.8130976, 18.9333444], [100.8129017, 18.9333064], [100.8126096, 18.9332784], [100.8124953, 18.9332895], [100.812348, 18.9333335], [100.8121036, 18.9334866], [100.8112903, 18.9342023], [100.8111414, 18.934368], [100.811086, 18.934452], [100.8109475, 18.934781], [100.8109062, 18.9348413], [100.8106951, 18.9350784], [100.8104745, 18.9352212], [100.8103688, 18.9353211], [100.8101955, 18.935527], [100.8100681, 18.9357424], [100.8099906, 18.9365961], [100.809951, 18.9367281], [100.8098469, 18.9368906], [100.809823, 18.9369744], [100.8098564, 18.9371592], [100.8099089, 18.9372491], [100.810305, 18.9376193], [100.8104518, 18.9377047], [100.8106194, 18.9377746], [100.8107377, 18.937852], [100.8107933, 18.9379056], [100.8109385, 18.9381102], [100.8111066, 18.9383895], [100.811133, 18.9384521], [100.8111511, 18.9385951], [100.8111349, 18.938796], [100.8110992, 18.9388888], [100.8109196, 18.9390721], [100.8105974, 18.9393056], [100.8105085, 18.9393973], [100.810335, 18.9396329], [100.810238, 18.9398223], [100.8101157, 18.940225], [100.8101024, 18.9403508], [100.8101217, 18.9404431], [100.8103372, 18.9408599], [100.8105193, 18.9412911], [100.8107028, 18.9416555], [100.8107388, 18.9418348], [100.8107373, 18.9420842], [100.810716, 18.9422111], [100.8106473, 18.9423512], [100.8104081, 18.9425587], [100.8103045, 18.942709], [100.8100261, 18.9432026], [100.8099099, 18.9435258], [100.8098491, 18.9438248], [100.8097459, 18.944682], [100.8097338, 18.9450935], [100.8097592, 18.9453456], [100.8097979, 18.9454856], [100.8098614, 18.9456012], [100.8100113, 18.9457458], [100.8100767, 18.945786], [100.8102942, 18.9458569], [100.8105889, 18.9458982], [100.8112549, 18.9461894], [100.8114408, 18.9463103], [100.8116977, 18.9465124], [100.8117597, 18.9466354], [100.8117862, 18.9469007], [100.8119017, 18.947217], [100.8119336, 18.9474601], [100.8119251, 18.9476606], [100.8118977, 18.9478383], [100.8118287, 18.9481129], [100.8117125, 18.9484538], [100.8115735, 18.9486657], [100.8112574, 18.9490061], [100.8111078, 18.949218], [100.8106835, 18.9499119], [100.8105402, 18.9502151], [100.8105224, 18.9502964], [100.8105205, 18.9503725], [100.8105569, 18.9505295], [100.8107471, 18.9509328], [100.8110667, 18.9513761], [100.8114287, 18.9521272], [100.8114662, 18.9522723], [100.8114957, 18.9527813], [100.8115282, 18.9528808], [100.8116048, 18.9530242], [100.8117343, 18.9532169], [100.8119976, 18.9535809], [100.8120779, 18.9536671], [100.8121308, 18.9537037], [100.8122316, 18.9537341], [100.8127622, 18.9537246], [100.8131653, 18.9538491], [100.8132493, 18.9538497], [100.813315, 18.9538234], [100.8138002, 18.9535005], [100.8138684, 18.9534314], [100.8139022, 18.9533654], [100.8139026, 18.9532641], [100.8138401, 18.9528157], [100.8138322, 18.9525978], [100.8138581, 18.9524061], [100.8139218, 18.952269], [100.814038, 18.9521669], [100.8141939, 18.9521086], [100.8144398, 18.9521133], [100.8146471, 18.9521591], [100.8147238, 18.952192], [100.8150182, 18.9523735], [100.8152031, 18.95251], [100.815587, 18.9527416], [100.8156888, 18.9528482], [100.8157668, 18.9529605], [100.815932, 18.9532513], [100.8159962, 18.9533716], [100.8160824, 18.9535888], [100.8161216, 18.953724], [100.8161242, 18.9538082], [100.8161073, 18.9538951], [100.8160242, 18.9540564], [100.8158787, 18.9542602], [100.8158366, 18.9543424], [100.8158096, 18.9544583], [100.8158209, 18.9545399], [100.8159415, 18.9548348], [100.8160536, 18.9550321], [100.8161521, 18.9551289], [100.8164163, 18.9553366], [100.8165969, 18.9557516], [100.8166159, 18.9557683], [100.8166747, 18.9557777], [100.81738, 18.955695], [100.8176149, 18.9557137], [100.81776, 18.9557631], [100.8178855, 18.9558346], [100.818135, 18.9560386], [100.8182136, 18.9561345], [100.8182681, 18.9562396], [100.8182858, 18.9563232], [100.8182888, 18.9565026], [100.8182725, 18.9566434], [100.8182367, 18.9567997], [100.8181096, 18.9570582], [100.8180419, 18.9573918], [100.8179447, 18.9577068], [100.8178584, 18.9578642], [100.8175542, 18.9583138], [100.8174692, 18.9584024], [100.8171509, 18.9586159], [100.8171132, 18.9587109], [100.8170775, 18.9589974], [100.8170946, 18.9596044], [100.8170081, 18.960325], [100.8169813, 18.9603711], [100.8169148, 18.9604196], [100.8166906, 18.9605205], [100.8166574, 18.9605498], [100.816447, 18.9608589], [100.816369, 18.9610102], [100.8163525, 18.9616663], [100.8163563, 18.9620189], [100.8163769, 18.9622027], [100.8164258, 18.9622483], [100.8164763, 18.9622602], [100.817261, 18.9623022], [100.817546, 18.9623029], [100.8180616, 18.9622695], [100.8182945, 18.962269], [100.8184683, 18.962324], [100.8187472, 18.9624471], [100.8188107, 18.9624607], [100.8194571, 18.9624614], [100.8195802, 18.9624761], [100.8197246, 18.9625651], [100.8199467, 18.9627738], [100.8200642, 18.9629162], [100.8201724, 18.9630999], [100.8203897, 18.9636906], [100.8204665, 18.9638134], [100.8205216, 18.9638674], [100.8206591, 18.9639179], [100.8217633, 18.9640958], [100.8220108, 18.9641106], [100.8223526, 18.9640701], [100.8225146, 18.9640657], [100.8226224, 18.9640794], [100.8227696, 18.9641244], [100.822927, 18.9642173], [100.823096, 18.9643339], [100.8231821, 18.9644141], [100.823243, 18.964496], [100.8233362, 18.9649722], [100.823464, 18.96529], [100.8236669, 18.9657067], [100.8236977, 18.9658393], [100.8236755, 18.9659751], [100.8235681, 18.9661238], [100.8234462, 18.9662167], [100.8232782, 18.9663167], [100.8224261, 18.9667159], [100.8221033, 18.9668387], [100.8220257, 18.9668993], [100.8217597, 18.9673618], [100.8217082, 18.9675059], [100.8216605, 18.9678772], [100.8215737, 18.9682502], [100.8215828, 18.9683153], [100.8216157, 18.9683854], [100.8217118, 18.9684842], [100.8219644, 18.968584], [100.8225438, 18.9686807], [100.8226253, 18.9687224], [100.8228792, 18.9689432], [100.8229972, 18.9689966], [100.8230511, 18.9690036], [100.8242855, 18.9690113], [100.8246878, 18.9690003], [100.8252879, 18.9689093], [100.8256792, 18.9688086], [100.8258596, 18.9687217], [100.8259526, 18.968654], [100.8261072, 18.9684756], [100.8261451, 18.9684064], [100.8261792, 18.968277], [100.8261832, 18.9680626], [100.826211, 18.9679257], [100.8264024, 18.9675071], [100.826535, 18.9672705], [100.8267898, 18.9662282], [100.8268612, 18.966053], [100.8269572, 18.9659135], [100.8270942, 18.9657915], [100.8273937, 18.9655912], [100.8274948, 18.9655354], [100.8276076, 18.9655014], [100.8277599, 18.9655257], [100.8279041, 18.9656005], [100.8281017, 18.9657793], [100.8282075, 18.965913], [100.8282728, 18.9660967], [100.8283299, 18.9665533], [100.828363, 18.9666842], [100.8284348, 18.9667739], [100.8286473, 18.9669596], [100.8287908, 18.9671354], [100.8293938, 18.9679359], [100.8295266, 18.9681544], [100.8297071, 18.9684787], [100.829848, 18.9689292], [100.829938, 18.9691517], [100.8303368, 18.9700144], [100.8308715, 18.9708722], [100.8309306, 18.9709975], [100.8309543, 18.9711195], [100.8309454, 18.9713305], [100.8309692, 18.9714614], [100.8312672, 18.9722522], [100.8316344, 18.9731182], [100.8317299, 18.9733756], [100.8319788, 18.9738912], [100.832096, 18.9742569], [100.8322609, 18.9749039], [100.8324186, 18.975243], [100.8326842, 18.9754911], [100.8331465, 18.9755159], [100.8337575, 18.9759352], [100.8338919, 18.9766025], [100.8340712, 18.9769022], [100.8342502, 18.9771391], [100.8344361, 18.9773287], [100.8348444, 18.977639], [100.8350943, 18.9777923], [100.8352649, 18.977966], [100.8353576, 18.9781077], [100.8357006, 18.9788081], [100.8360173, 18.9793074], [100.8361085, 18.9794999], [100.8361267, 18.9797221], [100.8361004, 18.9802253], [100.8360431, 18.9804824], [100.8358283, 18.9808944], [100.8357353, 18.9812142], [100.8357081, 18.9813982], [100.8357021, 18.98197], [100.8357235, 18.982125], [100.8358359, 18.9823082], [100.8358682, 18.9823487], [100.8360896, 18.9825215], [100.8363327, 18.9827618], [100.8365701, 18.9830523], [100.8366493, 18.9832289], [100.8366815, 18.9833674], [100.836696, 18.983575], [100.8366389, 18.983846], [100.8366153, 18.9843815], [100.8365887, 18.9844906], [100.8365258, 18.9845644], [100.8364285, 18.9846447], [100.8362529, 18.9847335], [100.8353665, 18.9850333], [100.8350665, 18.9851187], [100.8347892, 18.9851774], [100.8345978, 18.9851731], [100.8344747, 18.9851308], [100.8339772, 18.9848043], [100.8339164, 18.9847785], [100.833787, 18.9847611], [100.833305, 18.9848001], [100.8331712, 18.9848263], [100.8331029, 18.9848643], [100.8330464, 18.9849318], [100.8330022, 18.9850754], [100.8329868, 18.9853073], [100.8330224, 18.985573], [100.8330594, 18.985666], [100.833238, 18.9858447], [100.8339827, 18.9864985], [100.8340526, 18.9866082], [100.8340859, 18.9867128], [100.8341865, 18.987568], [100.8342606, 18.9880632], [100.8342969, 18.9882402], [100.8344459, 18.9887369], [100.8344885, 18.9889314], [100.8345564, 18.9893099], [100.8346133, 18.9898006], [100.8346159, 18.9900409], [100.8345787, 18.9902256], [100.8344746, 18.9904647], [100.8343588, 18.9906397], [100.8342592, 18.9907294], [100.8340302, 18.9908763], [100.8337264, 18.9910263], [100.8324276, 18.991597], [100.8323124, 18.9916098], [100.8321933, 18.9916016], [100.8315098, 18.9914625], [100.8314042, 18.9914519], [100.8308442, 18.9914983], [100.8307157, 18.9915264], [100.8306157, 18.991581], [100.8305556, 18.9916925], [100.8305468, 18.992122], [100.8305639, 18.9924485], [100.8306356, 18.992841], [100.8307252, 18.993182], [100.8309905, 18.9937768], [100.8311105, 18.9939874], [100.8308927, 18.9940066], [100.8306821, 18.9940644], [100.8305608, 18.9941382], [100.830343, 18.9943298], [100.8302041, 18.9943935], [100.8301076, 18.9944195], [100.8297595, 18.9944598], [100.8296685, 18.994487], [100.8296122, 18.9945204], [100.8295455, 18.9946145], [100.8295338, 18.9946883], [100.8295283, 18.9949396], [100.8295829, 18.9951311], [100.8295766, 18.9951891], [100.8295397, 18.9952289], [100.8294625, 18.9952468], [100.8293671, 18.9952464], [100.8292218, 18.9951123], [100.8289829, 18.9949287], [100.8287563, 18.9949117], [100.8286259, 18.9948775], [100.8284902, 18.9948617], [100.8283578, 18.9948722], [100.8282418, 18.9949155], [100.8281501, 18.9950045], [100.8281272, 18.9950548], [100.8281249, 18.9951154], [100.8281991, 18.9951856], [100.8284078, 18.9952993], [100.8284111, 18.9953427], [100.8283618, 18.9953945], [100.8280966, 18.9955417], [100.8280116, 18.9956067], [100.8279886, 18.995661], [100.827987, 18.9957225], [100.8280397, 18.9958176], [100.828038, 18.9958641], [100.8278822, 18.9960557], [100.8277863, 18.9961382], [100.8276258, 18.9962098], [100.8274591, 18.9961888], [100.8271228, 18.9962974], [100.8269483, 18.9963964], [100.8267895, 18.9965146], [100.8266898, 18.9965471], [100.8265799, 18.9966161], [100.8265152, 18.9966162], [100.8264356, 18.9965828], [100.8263947, 18.996588], [100.8263038, 18.9966501], [100.8260321, 18.9967698], [100.8259871, 18.996832], [100.8260208, 18.9970358], [100.8256673, 18.9976365], [100.8255909, 18.9977333], [100.8255401, 18.9977693], [100.8254382, 18.9978098], [100.8253651, 18.9978224], [100.8251526, 18.9977403], [100.8251083, 18.9977354], [100.8248469, 18.9977354], [100.8246593, 18.9977846], [100.8245933, 18.9978155], [100.8245197, 18.9979149], [100.8244601, 18.9981576], [100.824422, 18.9982224], [100.824284, 18.9983777], [100.8241497, 18.9984843], [100.8240574, 18.9985167], [100.8239523, 18.9985191], [100.8238842, 18.9984869], [100.8237335, 18.99837], [100.8236641, 18.998347], [100.8235714, 18.9983426], [100.823471, 18.998391], [100.8233077, 18.9985123], [100.8230202, 18.9986546], [100.8229422, 18.998733], [100.8228748, 18.9988915], [100.8228543, 18.9989101], [100.8227937, 18.9989344], [100.8226791, 18.9989526], [100.8226297, 18.9989873], [100.8225984, 18.99916], [100.8225935, 18.9993508], [100.8225609, 18.999405], [100.8224746, 18.9994782], [100.8224314, 18.9995747], [100.8221084, 18.9997594], [100.8218798, 18.9998551], [100.8216273, 19.0000391], [100.8215316, 19.0001374], [100.8214656, 19.000171], [100.8213455, 19.0001945], [100.821084, 19.0001852], [100.8209431, 19.0001998], [100.8206072, 19.0003478], [100.8205326, 19.0003472], [100.8204089, 19.0002971], [100.8203194, 19.0003272], [100.820287, 19.0003824], [100.8202793, 19.0004351], [100.8203057, 19.0004775], [100.8205183, 19.000635], [100.8205236, 19.0006938], [100.8205076, 19.000741], [100.8204726, 19.0007671], [100.8204208, 19.0007732], [100.8201643, 19.0006895], [100.8200912, 19.0006779], [100.8200241, 19.0006864], [100.8199516, 19.0007308], [100.8198899, 19.0008186], [100.8198693, 19.0009042], [100.819877, 19.000918], [100.8199846, 19.0009408], [100.8200026, 19.0009852], [100.8199942, 19.0010196], [100.8199132, 19.0010792], [100.81987, 19.0012425], [100.819719, 19.001328], [100.8196181, 19.0014791], [100.8195327, 19.0015337], [100.8194257, 19.0015493], [100.8193361, 19.0015377], [100.8191707, 19.0014885], [100.8190412, 19.0014256], [100.8189925, 19.0014201], [100.8189643, 19.0014278], [100.8188568, 19.0015111], [100.8185732, 19.0015719], [100.818359, 19.0017074], [100.818132, 19.0018172], [100.8176671, 19.0019954], [100.8175102, 19.0020238], [100.817354, 19.0019606], [100.8172949, 19.0019646], [100.8172609, 19.0020069], [100.817234, 19.0021341], [100.8171628, 19.0022491], [100.8170923, 19.0022657], [100.8169704, 19.0022678], [100.816787, 19.0023423], [100.8167379, 19.0023758], [100.8165849, 19.0025365], [100.8165159, 19.0025803], [100.8163868, 19.0026176], [100.8162319, 19.0026922], [100.815979, 19.0028619], [100.8157167, 19.0029496], [100.8155463, 19.0030584], [100.8154791, 19.0030661], [100.8153558, 19.0030542], [100.8153085, 19.0030677], [100.8151862, 19.003147], [100.8151017, 19.0033101], [100.815061, 19.0033475], [100.81481, 19.003395], [100.8146472, 19.003531], [100.814526, 19.0035791], [100.8144396, 19.003575], [100.8142664, 19.0034457], [100.814197, 19.003425], [100.8140549, 19.0034627], [100.813863, 19.0034291], [100.8134805, 19.0034133], [100.8126944, 19.0033506], [100.8123779, 19.0033576], [100.8116086, 19.0033222], [100.8112545, 19.0032826], [100.8108638, 19.0032747], [100.8099593, 19.0032835], [100.8095156, 19.0033192], [100.8083893, 19.0033537], [100.8081592, 19.0033755], [100.8078761, 19.003433], [100.807741, 19.0034812], [100.807451, 19.0036601], [100.807288, 19.0038025], [100.8064843, 19.0047686], [100.8063952, 19.0048946], [100.8063151, 19.0050949], [100.8062959, 19.0052241], [100.8062505, 19.0055844], [100.8062512, 19.0060669], [100.8062233, 19.0061745], [100.8061427, 19.0062912], [100.8060344, 19.0063719], [100.8059222, 19.0064249], [100.8056846, 19.0064947], [100.8054812, 19.0065226], [100.8053374, 19.0065171], [100.8051575, 19.0064243], [100.8049958, 19.0062929], [100.8049173, 19.0062662], [100.8044404, 19.0062709], [100.8041118, 19.0063054], [100.8038898, 19.0063115], [100.8034989, 19.0062879], [100.8034082, 19.0062575], [100.8033128, 19.0062168], [100.8032386, 19.0061653], [100.8031302, 19.0060334], [100.8030379, 19.0058622], [100.8029661, 19.0056869], [100.8028876, 19.0052652], [100.8027335, 19.0050907], [100.802655, 19.0050524], [100.8024082, 19.005043], [100.8020553, 19.0051091], [100.8015965, 19.00527], [100.8014124, 19.0053617], [100.8009564, 19.0057224], [100.8008947, 19.0057987], [100.8007792, 19.0059026], [100.8004775, 19.0061463], [100.8003081, 19.0062562], [100.8001928, 19.0063844], [100.8000321, 19.0065104], [100.7999189, 19.0065629], [100.7996666, 19.006618], [100.799483, 19.0067511], [100.7993388, 19.006831], [100.7991602, 19.0068814], [100.7987854, 19.0069337], [100.798723, 19.006956], [100.7985032, 19.0071393], [100.7982457, 19.0072609], [100.7979438, 19.0074802], [100.7977271, 19.0076054], [100.7976668, 19.007648], [100.7976107, 19.0077147], [100.7974128, 19.0080016], [100.7972327, 19.0081728], [100.7970874, 19.0084159], [100.7970162, 19.0084959], [100.7968881, 19.0085729], [100.796714, 19.0086071], [100.796233, 19.0086514], [100.7958422, 19.0087248], [100.7954242, 19.0089045], [100.7952276, 19.0089533], [100.7951365, 19.0089434], [100.794665, 19.0088217], [100.7941674, 19.0087436], [100.7936627, 19.0087124], [100.7934051, 19.0087294], [100.7932953, 19.0087449], [100.7930875, 19.008819], [100.7925855, 19.0090331], [100.7922982, 19.0091152], [100.7921921, 19.0091198], [100.7919983, 19.009082], [100.7915145, 19.0088739], [100.7913966, 19.008839], [100.7913018, 19.0088435], [100.791196, 19.0088806], [100.7911024, 19.0089897], [100.790969, 19.0092759], [100.7908944, 19.0093957], [100.7907486, 19.0095883], [100.7906622, 19.0096684], [100.7903875, 19.0098659], [100.7903121, 19.0099027], [100.7901145, 19.0099438], [100.7898797, 19.0099678], [100.7895155, 19.0099496], [100.789371, 19.009915], [100.7892262, 19.0098515], [100.7890926, 19.0097698], [100.788791, 19.0095743], [100.7886037, 19.0094319], [100.7885346, 19.0093532], [100.7882958, 19.0090057], [100.7880851, 19.0088093], [100.7880318, 19.0087918], [100.7875993, 19.0091242], [100.7873805, 19.0092309], [100.7870728, 19.0092934], [100.7863712, 19.0093358], [100.7862555, 19.0093537], [100.7851954, 19.0098257], [100.7848831, 19.0099849], [100.7845639, 19.0101712], [100.7843974, 19.0102814], [100.7841355, 19.0104842], [100.783859, 19.0106498], [100.7836352, 19.0107436], [100.7830269, 19.0109225], [100.7825223, 19.0111141], [100.7822419, 19.0112559], [100.7816381, 19.0115197], [100.7814998, 19.0115991], [100.781422, 19.0116677], [100.781292, 19.0118522], [100.7811699, 19.0121181], [100.780924, 19.0128196], [100.780741, 19.013395], [100.7803792, 19.0146316], [100.7801881, 19.0154286], [100.778798, 19.0152275], [100.7786206, 19.0151797], [100.778367, 19.0151524], [100.7782382, 19.0151108], [100.7780385, 19.0149531], [100.7777459, 19.0148251], [100.777605, 19.0147438], [100.7774516, 19.014554], [100.7773114, 19.0144167], [100.7770179, 19.0142282], [100.7768179, 19.0140222], [100.7767273, 19.0139029], [100.7765681, 19.0137671], [100.7764432, 19.0137243], [100.7763681, 19.0137512], [100.7762601, 19.0138365], [100.776198, 19.013845], [100.7761393, 19.013812], [100.7760906, 19.0137408], [100.7761149, 19.0135746], [100.7761022, 19.0134787], [100.7760813, 19.0134441], [100.7760255, 19.0134251], [100.7758806, 19.0134237], [100.7758291, 19.0133964], [100.7757531, 19.013269], [100.7755788, 19.0131203], [100.775301, 19.0127402], [100.7752701, 19.0127279], [100.7752058, 19.0127327], [100.7750572, 19.012801], [100.7749532, 19.0127978], [100.7748144, 19.012685], [100.7747382, 19.0126746], [100.7746647, 19.012646], [100.7745267, 19.0124664], [100.7743548, 19.0124026], [100.7739435, 19.0121895], [100.7738943, 19.0121984], [100.7737237, 19.0123372], [100.7736717, 19.0123518], [100.7736282, 19.0123398], [100.7735988, 19.0123028], [100.7735176, 19.0120869], [100.7734412, 19.0119962], [100.7733862, 19.0119544], [100.7732037, 19.0119375], [100.7730151, 19.0119574], [100.7728354, 19.0121234], [100.7726385, 19.0121977], [100.7723831, 19.0122628], [100.7723205, 19.012294], [100.7721302, 19.0125687], [100.7721025, 19.0125857], [100.7718979, 19.0126155], [100.7718291, 19.0126147], [100.7717586, 19.0125931], [100.7717217, 19.0125657], [100.7716579, 19.0124799], [100.7716129, 19.012376], [100.7715739, 19.0121494], [100.7714326, 19.0119377], [100.7712982, 19.0114422], [100.771253, 19.0114269], [100.7710516, 19.0114821], [100.7710081, 19.0115233], [100.770973, 19.011628], [100.7709687, 19.011745], [100.7709356, 19.0119375], [100.7709111, 19.0120087], [100.7708633, 19.0120551], [100.7706781, 19.0120851], [100.7705588, 19.0121207], [100.7704716, 19.0121716], [100.7703761, 19.012278], [100.7700514, 19.012301], [100.7698105, 19.0123659], [100.7697007, 19.0124662], [100.769502, 19.0125673], [100.7694509, 19.0126189], [100.7693512, 19.0129456], [100.7693275, 19.0130931], [100.7693425, 19.0131629], [100.7694111, 19.0132113], [100.7694216, 19.0132697], [100.7693915, 19.0133295], [100.7692557, 19.0134676], [100.7692582, 19.0137025], [100.7692391, 19.0137685], [100.7691653, 19.0138423], [100.7688833, 19.0139651], [100.7687712, 19.0140538], [100.7687391, 19.0141293], [100.7687174, 19.0143645], [100.7686677, 19.0144401], [100.768611, 19.014473], [100.7684946, 19.01447], [100.7682622, 19.0145056], [100.7681549, 19.0145024], [100.7680732, 19.0145309], [100.7679884, 19.0145211], [100.767932, 19.0145468], [100.7678337, 19.0145399], [100.767694, 19.0146154], [100.7675361, 19.0146367], [100.7672097, 19.0146012], [100.7670034, 19.0146073], [100.7668073, 19.0145487], [100.7666667, 19.0145343], [100.7665395, 19.0145523], [100.7663919, 19.0146121], [100.7663207, 19.0146222], [100.7662283, 19.0146054], [100.7661166, 19.0145323], [100.766041, 19.0145267], [100.7659566, 19.0145599], [100.7657731, 19.014766], [100.7657295, 19.0147934], [100.7656771, 19.0148039], [100.7656269, 19.0147809], [100.7655924, 19.0146845], [100.7655422, 19.0146119], [100.7654727, 19.0145771], [100.7654023, 19.0145715], [100.7653336, 19.0146129], [100.7651835, 19.014902], [100.7650753, 19.0149424], [100.7650096, 19.0149248], [100.7647794, 19.0147637], [100.7646919, 19.0147781], [100.7645914, 19.0148489], [100.7645235, 19.0148525], [100.7642867, 19.0146791], [100.7640128, 19.0146149], [100.7636614, 19.0146133], [100.7634743, 19.0146349], [100.7633108, 19.0146761], [100.7630466, 19.0147974], [100.7629531, 19.0148082], [100.7628563, 19.0147596], [100.7626698, 19.0146005], [100.7625021, 19.0144883], [100.7623743, 19.0144623], [100.7618466, 19.0145118], [100.7617817, 19.0145298], [100.7616706, 19.0146076], [100.7614521, 19.0148547], [100.7612804, 19.0151088], [100.7610562, 19.0153164], [100.7609991, 19.0153367], [100.7608563, 19.0153653], [100.7606586, 19.0153721], [100.760452, 19.0153547], [100.7599423, 19.0153925], [100.7598658, 19.0153768], [100.7597821, 19.015338], [100.7596701, 19.0152367], [100.7595373, 19.0151522], [100.7594711, 19.0151264], [100.7593464, 19.0151408], [100.7592911, 19.0151644], [100.7592396, 19.0152144], [100.7591645, 19.0153373], [100.7591174, 19.0154697], [100.7590318, 19.0155794], [100.7587456, 19.0157505], [100.7586696, 19.0157809], [100.7585865, 19.0158048], [100.7583128, 19.0158371], [100.7580741, 19.0159054], [100.7574327, 19.0159544], [100.7573501, 19.0160145], [100.7573063, 19.016147], [100.7572347, 19.0162598], [100.757176, 19.0162934], [100.7571137, 19.0163072], [100.7570373, 19.0162947], [100.75695, 19.0162461], [100.7566946, 19.0160472], [100.7566214, 19.0160149], [100.7564617, 19.0160065], [100.7562955, 19.0160378], [100.7561299, 19.0161317], [100.7559338, 19.0162887], [100.7557598, 19.0165676], [100.7557081, 19.0166044], [100.7555904, 19.0166253], [100.7555279, 19.0166226], [100.7553364, 19.0165584], [100.7550399, 19.0164061], [100.7549113, 19.0163842], [100.7546893, 19.0163929], [100.754177, 19.01651], [100.7539203, 19.016519], [100.753781, 19.0164643], [100.7534694, 19.0161999], [100.7532429, 19.0161063], [100.7526547, 19.015937], [100.7524388, 19.0158599], [100.7517638, 19.0156815], [100.7515061, 19.0155915], [100.7513137, 19.0154481], [100.7511556, 19.0152549], [100.7510158, 19.0151605], [100.750821, 19.0151129], [100.7505813, 19.0150821], [100.7501899, 19.0148185], [100.7501062, 19.0147764], [100.7499186, 19.0147518], [100.7497106, 19.0147736], [100.7496207, 19.0147975], [100.7495552, 19.014841], [100.7494933, 19.0148977], [100.749319, 19.0151502], [100.7491609, 19.0152936], [100.7488992, 19.0154842], [100.7484853, 19.0157158], [100.7483815, 19.0157432], [100.7481388, 19.0157686], [100.7478716, 19.0157645], [100.7477815, 19.0157753], [100.7477054, 19.0157991], [100.7475299, 19.015936], [100.747446, 19.0159877], [100.7473745, 19.0160101], [100.7473052, 19.0160141], [100.7470299, 19.0158979], [100.7469708, 19.0158885], [100.7468497, 19.0159194], [100.7467118, 19.0160032], [100.7465594, 19.016031], [100.7463923, 19.0159765], [100.7458795, 19.0157173], [100.7452161, 19.015321], [100.7449749, 19.0151516], [100.7444021, 19.0147874], [100.7438061, 19.0145862], [100.7436318, 19.0144515], [100.7434563, 19.0142551], [100.7433338, 19.0140894], [100.7431304, 19.0136986], [100.7429133, 19.0133621], [100.7425683, 19.0130404], [100.7421236, 19.0127196], [100.7415201, 19.0121836], [100.7410892, 19.0118221], [100.7401995, 19.0111399], [100.7397124, 19.0108466], [100.7391637, 19.0105498], [100.7383921, 19.0104042], [100.7380607, 19.0103296], [100.7378304, 19.0102541], [100.7377171, 19.0102108], [100.7371889, 19.0099161], [100.7365656, 19.0095935], [100.7361874, 19.0093594], [100.7359755, 19.0091801], [100.7357554, 19.0089676], [100.7352265, 19.008308], [100.7351358, 19.0082299], [100.7349627, 19.0082118], [100.7344437, 19.0083349], [100.7342068, 19.0083742], [100.7341061, 19.0084158], [100.7339938, 19.0084649], [100.7338934, 19.0085288], [100.7336878, 19.0087322], [100.7332626, 19.0092192], [100.7330201, 19.0094693], [100.7328082, 19.0096637], [100.7326725, 19.0098453], [100.7324678, 19.0102182], [100.7322991, 19.0104565], [100.7319147, 19.0109041], [100.7318377, 19.0109788], [100.7317373, 19.0110464], [100.7316019, 19.0111216], [100.7313888, 19.011205], [100.730699, 19.0114483], [100.7304934, 19.0115057], [100.7301787, 19.0115456], [100.7291061, 19.0116371], [100.7289279, 19.011709], [100.7287778, 19.0118658], [100.728482, 19.0122238], [100.7281462, 19.0124822], [100.7278957, 19.0127028], [100.727507, 19.013106], [100.7273027, 19.0132892], [100.7266502, 19.0141352], [100.7264738, 19.0143884], [100.7264165, 19.0144852], [100.7263291, 19.0146895], [100.7262282, 19.01509], [100.7262006, 19.0154232], [100.7262367, 19.0159076], [100.726405, 19.016768], [100.7264395, 19.0169313], [100.7265155, 19.0171528], [100.7266994, 19.0174979], [100.7270244, 19.018021], [100.7270665, 19.0181298], [100.7271158, 19.0185405], [100.7271323, 19.0190808], [100.7271284, 19.0192263], [100.7270969, 19.0193565], [100.7269794, 19.0196175], [100.7267424, 19.0200577], [100.7266939, 19.0202506], [100.7266888, 19.0208944], [100.72672, 19.0212715], [100.7267338, 19.0218559], [100.7267802, 19.0222107], [100.7268084, 19.0222955], [100.7270134, 19.0225637], [100.727457, 19.0229554], [100.7277483, 19.023282], [100.7278355, 19.0234439], [100.7278645, 19.0236139], [100.7278572, 19.0244057], [100.7278057, 19.0250758], [100.7277895, 19.0257678], [100.7276986, 19.0259981], [100.727662, 19.0262278], [100.7276565, 19.0264462], [100.7276132, 19.0267758], [100.7274878, 19.0270619], [100.7274303, 19.0271438], [100.7273379, 19.0272334], [100.7272874, 19.0272532], [100.7270433, 19.0273001], [100.7268472, 19.0272924], [100.7267351, 19.0273125], [100.7265216, 19.0274022], [100.7263092, 19.0274392], [100.7260303, 19.0275183], [100.7257821, 19.0276577], [100.7255452, 19.0277539], [100.7253904, 19.0278525], [100.7252577, 19.0279844], [100.7250766, 19.0282936], [100.7245826, 19.0289643], [100.7243275, 19.0294096], [100.7242265, 19.0295253], [100.7241516, 19.0295738], [100.7240598, 19.0296113], [100.7239745, 19.0296232], [100.7237883, 19.0296011], [100.7236259, 19.0296138], [100.723519, 19.0296434], [100.7233639, 19.0297102], [100.7230194, 19.0297772], [100.722248, 19.029864], [100.7221344, 19.0298953], [100.7220977, 19.0299414], [100.7220379, 19.0301225], [100.7218853, 19.0302769], [100.7217514, 19.0304486], [100.7217299, 19.0304839], [100.7216962, 19.0306216], [100.7215589, 19.0307946], [100.7214636, 19.0309755], [100.7210348, 19.0314719], [100.7207849, 19.0316744], [100.7206431, 19.0319052], [100.7203457, 19.0319165], [100.7201411, 19.0318961], [100.7197423, 19.0318934], [100.7195259, 19.0318604], [100.7194338, 19.0318644], [100.7192968, 19.03192], [100.7191993, 19.0320339], [100.7191194, 19.0320857], [100.7189691, 19.0321349], [100.7188143, 19.0321611], [100.7187486, 19.0322007], [100.7186148, 19.0323195], [100.718422, 19.0323726], [100.718307, 19.0324278], [100.7182339, 19.0324923], [100.7181051, 19.0326751], [100.7179112, 19.032884], [100.7178422, 19.0330137], [100.7178068, 19.0331591], [100.7177885, 19.0333313], [100.7178264, 19.0336551], [100.7177901, 19.0338363], [100.717718, 19.0339707], [100.7174996, 19.0340447], [100.717371, 19.0341151], [100.7172488, 19.0341902], [100.717125, 19.0343211], [100.7170569, 19.0343634], [100.7169271, 19.0343888], [100.7166648, 19.0343825], [100.716541, 19.0344441], [100.7164646, 19.0344388], [100.7164218, 19.0343975], [100.7164028, 19.0343405], [100.716396, 19.0342317], [100.7163567, 19.0341855], [100.7162191, 19.0341426], [100.7161471, 19.0341487], [100.7161105, 19.0341658], [100.7159795, 19.0343631], [100.7157491, 19.0345979], [100.7155343, 19.0347338], [100.7153868, 19.0348865], [100.7152853, 19.0349591], [100.7151286, 19.0350342], [100.7150022, 19.0351288], [100.7148808, 19.0352638], [100.7147664, 19.0354412], [100.7146473, 19.035591], [100.7144437, 19.0357756], [100.7142632, 19.0360343], [100.7140394, 19.0362622], [100.7138664, 19.0363293], [100.7137026, 19.0363433], [100.7136271, 19.0363315], [100.7135622, 19.0363089], [100.713393, 19.0361965], [100.7131973, 19.0360936], [100.7130735, 19.0360468], [100.7128298, 19.0360084], [100.7125565, 19.0360241], [100.7124382, 19.0360912], [100.7123598, 19.0361711], [100.7123, 19.0363356], [100.7122985, 19.036379], [100.7123309, 19.0364503], [100.7128968, 19.0367155], [100.7129894, 19.0367926], [100.7130487, 19.0368678], [100.7131127, 19.0369878], [100.7131628, 19.0371758], [100.7131833, 19.0374859], [100.713157, 19.0377979], [100.7130906, 19.0380323], [100.7129693, 19.0382124], [100.7127018, 19.0384817], [100.7122047, 19.0388301], [100.7120208, 19.0391925], [100.7118846, 19.0393434], [100.7117058, 19.0394885], [100.7116281, 19.0395796], [100.7115442, 19.0397051], [100.7114256, 19.0399711], [100.7111669, 19.0403133], [100.7110896, 19.0404512], [100.7110067, 19.0406764], [100.7107847, 19.0414079], [100.7107266, 19.0418106], [100.7106626, 19.042115], [100.710652, 19.0422763], [100.7106849, 19.0423353], [100.7110689, 19.042706], [100.7110901, 19.0427603], [100.7110881, 19.0428141], [100.711074, 19.0428774], [100.711045, 19.0429244], [100.711011, 19.0429621], [100.7108958, 19.0429837], [100.7106518, 19.0429124], [100.7105155, 19.0428872], [100.7101499, 19.0428937], [100.7099475, 19.0429423], [100.709632, 19.0430523], [100.7095467, 19.0431103], [100.7095216, 19.0431572], [100.7095258, 19.0432398], [100.7097977, 19.0436895], [100.7098221, 19.0437797], [100.7098206, 19.0442564], [100.7097898, 19.0443505], [100.7097304, 19.044425], [100.7097453, 19.0444981], [100.70985, 19.0445837], [100.7104079, 19.0448753], [100.7104715, 19.0449141], [100.7104917, 19.0449472], [100.7104787, 19.0450594], [100.7102425, 19.045398], [100.7102308, 19.0454574], [100.7102405, 19.0455739], [100.7102117, 19.0456145], [100.710129, 19.0456512], [100.7099529, 19.045677], [100.7098555, 19.0456519], [100.7097305, 19.0454799], [100.7096458, 19.0453275], [100.7094349, 19.0451043], [100.7093111, 19.0450236], [100.7091137, 19.0449506], [100.7086093, 19.0446677], [100.7085418, 19.0446461], [100.7081466, 19.0446264], [100.7078332, 19.0446494], [100.707591, 19.0447114], [100.7074075, 19.0448435], [100.7073678, 19.0449073], [100.70734, 19.0451384], [100.7072997, 19.0451995], [100.707227, 19.0452568], [100.7069202, 19.0453874], [100.7068616, 19.0454254], [100.7066929, 19.0456015], [100.7060219, 19.0460223], [100.705853, 19.0461735], [100.7057749, 19.0462241], [100.7056053, 19.0463067], [100.7054491, 19.0463425], [100.7053783, 19.0463419], [100.7052264, 19.0463045], [100.7047233, 19.0461152], [100.7043667, 19.0460021], [100.7040331, 19.0458666], [100.7037468, 19.0457972], [100.702946, 19.0455552], [100.7026943, 19.0454467], [100.7024323, 19.0453642], [100.7023494, 19.0453502], [100.7021979, 19.0453516], [100.7018718, 19.0453767], [100.7016618, 19.0453565], [100.7012356, 19.0452773], [100.7010581, 19.0452023], [100.7009357, 19.0451229], [100.7007964, 19.0449387], [100.7006906, 19.0447229], [100.7005211, 19.0442872], [100.70039, 19.0440074], [100.7002926, 19.0439215], [100.700202, 19.0438911], [100.7000132, 19.0438957], [100.6998855, 19.0439447], [100.6995632, 19.0442414], [100.6993259, 19.0444183], [100.699244, 19.0444386], [100.6991094, 19.0444173], [100.6988028, 19.0442426], [100.698734, 19.0442344], [100.6985444, 19.0442606], [100.6984025, 19.0442431], [100.6982607, 19.044175], [100.6980159, 19.0440176], [100.6977422, 19.0438834], [100.6976199, 19.0438631], [100.6974917, 19.0438701], [100.6973024, 19.0439265], [100.6971565, 19.0440128], [100.6969633, 19.0441834], [100.6968253, 19.0442432], [100.6967557, 19.0442565], [100.6967013, 19.044257], [100.6966179, 19.0442295], [100.6965599, 19.0441734], [100.696488, 19.0440638], [100.6964323, 19.044037], [100.6963268, 19.0440624], [100.6960658, 19.0441747], [100.6958006, 19.044245], [100.6956483, 19.0442618], [100.6954278, 19.0442638], [100.6949174, 19.0441421], [100.6947326, 19.0441438], [100.6945603, 19.0441806], [100.6942186, 19.044315], [100.6938947, 19.0443581], [100.6930713, 19.0442905], [100.6922931, 19.0441794], [100.6912861, 19.0439719], [100.6902263, 19.0436761], [100.6895928, 19.0435243], [100.6891466, 19.0434496], [100.6887112, 19.043424], [100.6882764, 19.0434575], [100.687918, 19.0435347], [100.6875461, 19.0436432], [100.6871057, 19.0438049], [100.6858267, 19.0443683], [100.6852489, 19.0445969], [100.6845268, 19.0449372], [100.6834507, 19.0454804], [100.6825008, 19.0461312], [100.6813512, 19.0470188], [100.6807761, 19.0475504], [100.679974, 19.0483408], [100.6795728, 19.0487168], [100.6788357, 19.0492627], [100.6783126, 19.0496012], [100.6773258, 19.050404], [100.6769461, 19.0506535], [100.6765293, 19.0508242], [100.6761791, 19.0509044], [100.6757206, 19.0509599], [100.6750188, 19.0509792], [100.6746945, 19.0509564], [100.674222, 19.0509607], [100.6732097, 19.0509827], [100.6727654, 19.0511023], [100.6723885, 19.0512213], [100.6722119, 19.0512873], [100.6720527, 19.0513912], [100.6717314, 19.0516637], [100.6714105, 19.0519747], [100.6708894, 19.0525187], [100.6706229, 19.0528677], [100.6703582, 19.0533965], [100.6699199, 19.0541194], [100.669481, 19.0547781], [100.6692822, 19.0551522], [100.6691244, 19.0555773], [100.6688903, 19.0564652], [100.6687049, 19.0568264], [100.6681874, 19.0577297], [100.6680823, 19.0579473], [100.6680026, 19.0581551], [100.66783, 19.0584519], [100.6675661, 19.0587888], [100.666961, 19.0593071], [100.6666802, 19.0595792], [100.6664401, 19.0598767], [100.6661, 19.0602091], [100.6657243, 19.0606169], [100.6655359, 19.0607631], [100.6652567, 19.0609389], [100.6649543, 19.0610788], [100.6646667, 19.0611825], [100.6644015, 19.0612427], [100.6641133, 19.0612814], [100.6635668, 19.0613152], [100.6633008, 19.061296], [100.6630268, 19.0612334], [100.6627754, 19.0611563], [100.6624779, 19.061029], [100.6617451, 19.0606528], [100.6611729, 19.0603908], [100.660128, 19.0599524], [100.6597617, 19.0597752], [100.6584801, 19.0592018], [100.6573514, 19.0587281], [100.6570851, 19.0586799], [100.6566442, 19.0586333], [100.6560898, 19.0586311], [100.6555053, 19.0586652], [100.6552399, 19.0587037], [100.6549216, 19.0587716], [100.6525359, 19.0594429], [100.65163, 19.0596145], [100.6512791, 19.0596378], [100.6508287, 19.0596026], [100.6502804, 19.0594559], [100.6495338, 19.059217], [100.6489779, 19.0590631], [100.648353, 19.0589391], [100.647745, 19.0588932], [100.6459501, 19.0589734], [100.6454646, 19.0590291], [100.6449393, 19.0591621], [100.6444683, 19.0593204], [100.6432326, 19.0599733], [100.6427761, 19.0602342], [100.6424535, 19.0603783], [100.6418088, 19.0607178], [100.6412876, 19.0609373], [100.6408232, 19.0611543], [100.6404648, 19.061346], [100.639832, 19.0615314], [100.6394419, 19.0616761], [100.6389436, 19.0618089], [100.638526, 19.0619024], [100.6379324, 19.0619591], [100.6363121, 19.0619478], [100.6353936, 19.0619046], [100.6345287, 19.0618352], [100.6338538, 19.061854], [100.6333539, 19.0618199], [100.6330563, 19.0617584], [100.632907, 19.061677], [100.632771, 19.0615812], [100.6325935, 19.0613773], [100.6324427, 19.0611476], [100.6323438, 19.0606991], [100.6322684, 19.0598909], [100.632264, 19.0594416], [100.6322199, 19.058874], [100.6320753, 19.0581929], [100.6320754, 19.0581081], [100.6320033, 19.0576337], [100.631865, 19.0573012], [100.6317273, 19.0570199], [100.631536, 19.0567905], [100.6313046, 19.0566], [100.6309652, 19.0564104], [100.6305044, 19.0562348], [100.6299764, 19.0560854], [100.6292867, 19.0559631], [100.6286236, 19.0558149], [100.6277709, 19.0555913], [100.6272156, 19.0554165], [100.6262671, 19.0550653], [100.6257787, 19.0548257], [100.6254127, 19.0546749], [100.6249918, 19.0544347], [100.6241897, 19.053864], [100.6234957, 19.0533052], [100.6226355, 19.0523242], [100.6219389, 19.0514958], [100.6214888, 19.0510248], [100.6210928, 19.0505661], [100.6204776, 19.0497755], [100.6202715, 19.049405], [100.6199655, 19.0484833], [100.6193462, 19.0468389], [100.6192223, 19.0465738], [100.6190713, 19.0463888], [100.6186572, 19.0460199], [100.6183, 19.0457391], [100.6176413, 19.0451593], [100.6172455, 19.0447458], [100.6166786, 19.0440144], [100.6163657, 19.0434937], [100.6161108, 19.0431855], [100.6158471, 19.0429216], [100.6152541, 19.0423768], [100.6149252, 19.0421312], [100.6145413, 19.0419088], [100.6149805, 19.0408323], [100.6150938, 19.0405546], [100.6152052, 19.04034], [100.6153293, 19.040146], [100.6154621, 19.0399986], [100.6155074, 19.0399503], [100.6156132, 19.0398374], [100.6158735, 19.0396134], [100.616327, 19.0392804], [100.6168205, 19.0388023], [100.6171908, 19.0384569], [100.617389, 19.0382582], [100.6174996, 19.0381175], [100.6175737, 19.0379797], [100.6177056, 19.0377165], [100.6178491, 19.0373559], [100.6180736, 19.0367019], [100.6182616, 19.0361313], [100.6185053, 19.0355764], [100.6187773, 19.0350871], [100.619077, 19.0345975], [100.6192812, 19.0342535], [100.6193357, 19.0340958], [100.6193471, 19.0339108], [100.6192892, 19.0336481], [100.6192402, 19.0335441], [100.6191402, 19.0334122], [100.6189951, 19.0332822], [100.6186326, 19.033009], [100.6182137, 19.0326178], [100.61774, 19.032293], [100.6172112, 19.0319817], [100.6165994, 19.0316844], [100.6160708, 19.0313995], [100.6156382, 19.0310216], [100.6151072, 19.0304867], [100.6147857, 19.0301605], [100.6146451, 19.0299248], [100.6144893, 19.0295577], [100.6144448, 19.0292422], [100.6142891, 19.0288883], [100.614079, 19.0286269], [100.6138004, 19.0284319], [100.6134385, 19.0282114], [100.6130213, 19.0280044], [100.6124105, 19.0277992], [100.6118137, 19.0276202], [100.6109389, 19.0272988], [100.6105362, 19.0271575], [100.6101879, 19.0269105], [100.6099306, 19.0266898], [100.6095522, 19.026193], [100.6092289, 19.0256694], [100.6088628, 19.0250146], [100.6085666, 19.024425], [100.6084108, 19.0240578], [100.6081708, 19.0235598], [100.6078887, 19.0230095], [100.6076351, 19.0225379], [100.6072988, 19.0220934], [100.6068234, 19.0215843], [100.6063356, 19.02122], [100.6057224, 19.0207647], [100.6054794, 19.0205493], [100.6054552, 19.0204533], [100.6054654, 19.0203987], [100.6054774, 19.0203346], [100.6052614, 19.0203517], [100.6049352, 19.0203775], [100.6045967, 19.020398], [100.6042008, 19.0204219], [100.6038525, 19.0204759], [100.6036026, 19.0205377], [100.60338, 19.0206502], [100.6031224, 19.0208396], [100.6028563, 19.0210716], [100.6026436, 19.0212777], [100.6024399, 19.0214921], [100.6023973, 19.0215421], [100.6022718, 19.0216893], [100.6020507, 19.0219464], [100.6018119, 19.0222292], [100.6015995, 19.0224693], [100.6014675, 19.0226292], [100.6014226, 19.0226835], [100.601219, 19.0229065], [100.6010327, 19.0230698], [100.6008016, 19.0232249], [100.6005882, 19.0233544], [100.6004191, 19.0234494], [100.6001609, 19.0235708], [100.5999381, 19.0236578], [100.5996973, 19.0237364], [100.599367, 19.0238073], [100.5990991, 19.0238522], [100.5988935, 19.023871], [100.5985897, 19.0239077], [100.5982948, 19.0239357], [100.5979283, 19.0239644], [100.5976245, 19.0240011], [100.5973835, 19.0240542], [100.5971786, 19.0241411], [100.5969738, 19.0242449], [100.5967781, 19.0243657], [100.5965113, 19.0245212], [100.5964825, 19.0245395], [100.5962534, 19.0246851], [100.5960314, 19.0248571], [100.5957473, 19.0250808], [100.595316, 19.0254614], [100.5946451, 19.0259769], [100.5941123, 19.026314], [100.5935793, 19.0266289], [100.5931162, 19.0269432], [100.5925133, 19.0272587], [100.5919329, 19.0275214], [100.5913713, 19.0277304], [100.5908876, 19.027849], [100.5901891, 19.0279215], [100.589423, 19.0279174], [100.5884638, 19.0278477], [100.5876711, 19.0278101], [100.5875175, 19.0278115], [100.5870777, 19.0277589], [100.586756, 19.0277956], [100.5865505, 19.0278229], [100.5863275, 19.0278929], [100.5860695, 19.0280398], [100.5858386, 19.0282204], [100.585697, 19.0283833], [100.5855294, 19.0286314], [100.5853886, 19.0288794], [100.5852748, 19.0291356], [100.5851163, 19.0294007], [100.5849583, 19.0297253], [100.5847817, 19.0299651], [100.5845515, 19.0302223], [100.5843833, 19.0304109], [100.584215, 19.0305825], [100.5839929, 19.0307461], [100.5836727, 19.0309445], [100.5834647, 19.0310497], [100.5834501, 19.031057], [100.583147, 19.0311617], [100.5827163, 19.0312438], [100.5816227, 19.0314305], [100.5808312, 19.0315259], [100.5798054, 19.0314904], [100.5787091, 19.0313889], [100.5775651, 19.0311771], [100.5762349, 19.0309889], [100.5747179, 19.0307581], [100.5738548, 19.0306768], [100.572851, 19.0305515], [100.5718948, 19.0304275], [100.5709616, 19.0303246], [100.5699833, 19.0303772], [100.5687022, 19.0304546], [100.5678412, 19.0305949], [100.5670507, 19.0308011], [100.5664238, 19.0310502], [100.5657975, 19.0313659], [100.5651489, 19.0317925], [100.5645237, 19.0322189], [100.5638374, 19.0326649], [100.5632505, 19.0331384], [100.5627879, 19.0335192], [100.562327, 19.0340772], [100.5618205, 19.0347464], [100.5614549, 19.0355252], [100.561159, 19.0362813], [100.560816, 19.0369935], [100.5603268, 19.0381339], [100.5602834, 19.0382351], [100.5601724, 19.0386432], [100.5601353, 19.0387794], [100.5601035, 19.0388702], [100.5599661, 19.0392627], [100.5599465, 19.0393878], [100.5598841, 19.0397865], [100.5597577, 19.0402005], [100.5596163, 19.0405596], [100.5594316, 19.0409329], [100.5592335, 19.0414163], [100.5590202, 19.0418311], [100.5587213, 19.0423705], [100.5585076, 19.042744], [100.5584189, 19.0428817], [100.5582932, 19.0430768], [100.5582272, 19.0431792], [100.5580651, 19.0435103], [100.5579006, 19.0438016], [100.5577258, 19.0440369], [100.557502, 19.0442912], [100.5573461, 19.0444421], [100.5570822, 19.0446127], [100.5567884, 19.0447367], [100.5563075, 19.0448343], [100.5556494, 19.0449146], [100.5552366, 19.0449368], [100.554873, 19.0449586], [100.5545581, 19.0449332], [100.5541937, 19.0448708], [100.5538287, 19.0447429], [100.5535811, 19.0445487], [100.5533132, 19.0442891], [100.5531043, 19.044029], [100.5529739, 19.043759], [100.5528533, 19.0434701], [100.5526523, 19.0430136], [100.5525012, 19.0426222], [100.5522912, 19.0422405], [100.5520809, 19.0418309], [100.5519789, 19.0416412], [100.5519208, 19.041533], [100.5519025, 19.0415103], [100.551682, 19.0412358], [100.5513357, 19.0409956], [100.5509993, 19.040774], [100.5507325, 19.040636], [100.5504854, 19.0404978], [100.550229, 19.0404158], [100.549904, 19.0403624], [100.5497022, 19.0403439], [100.5495301, 19.0403281], [100.5491365, 19.0403034], [100.5486551, 19.0403448], [100.5482427, 19.0404044], [100.5479587, 19.0405283], [100.5477045, 19.0406801], [100.5475196, 19.0408967], [100.5473351, 19.0411413], [100.5471901, 19.0414137], [100.5470654, 19.0417514], [100.5469012, 19.0422225], [100.5467697, 19.0425373], [100.5466393, 19.0429683], [100.5464853, 19.0434925], [100.5463168, 19.0437727], [100.5461357, 19.0440066], [100.5458333, 19.0443345], [100.5449601, 19.0450389], [100.5444747, 19.0453916], [100.5439645, 19.0457212], [100.5435998, 19.0459218], [100.5431265, 19.0462627], [100.5424331, 19.0465938], [100.5421166, 19.0467243], [100.5416046, 19.0468563], [100.5410433, 19.0469307], [100.5400908, 19.0469968], [100.53937, 19.0470028], [100.5388565, 19.0469722], [100.5382573, 19.0469191], [100.5377189, 19.0468307], [100.5370829, 19.0467546], [100.5366054, 19.046654], [100.5361766, 19.0465298], [100.5359185, 19.0463693], [100.5356972, 19.0462201], [100.5354999, 19.0460242], [100.5353262, 19.0457351], [100.5351768, 19.0454343], [100.5350272, 19.0451102], [100.5349265, 19.0447857], [100.5347389, 19.0443109], [100.5345512, 19.043836], [100.5341292, 19.0431192], [100.5338185, 19.0425524], [100.5336322, 19.042217], [100.5334461, 19.0419048], [100.5332488, 19.0417089], [100.5330025, 19.0415018], [100.5327447, 19.0413646], [100.532414, 19.041286], [100.5319618, 19.0412665], [100.5315915, 19.0412995], [100.531388, 19.0413177], [100.5307786, 19.0414854], [100.5301449, 19.041665], [100.529658, 19.0418549], [100.5291458, 19.0419637], [100.5285608, 19.0421312], [100.5278181, 19.0424163], [100.5273066, 19.0425948], [100.5266852, 19.0427858], [100.5263193, 19.0428586], [100.5257456, 19.0429098], [100.5252937, 19.0429368], [100.5246344, 19.0429887], [100.5240615, 19.0431328], [100.523599, 19.0433342], [100.5232104, 19.043593], [100.5227117, 19.0438411], [100.5222864, 19.0441003], [100.5218119, 19.0443249], [100.5213486, 19.0444333], [100.5208238, 19.0444957], [100.5202989, 19.0445465], [100.5198348, 19.0445736], [100.5194316, 19.0445769], [100.5187719, 19.0445824], [100.518136, 19.0445179], [100.5173528, 19.0443849], [100.5166926, 19.0443438], [100.5160817, 19.0443488], [100.5155811, 19.0443878], [100.5150567, 19.0444967], [100.5145818, 19.0446749], [100.5141313, 19.0448529], [100.5138033, 19.0450531], [100.5135734, 19.0453106], [100.5134057, 19.0456722], [100.5133841, 19.0459861], [100.5133503, 19.0463], [100.5131843, 19.0468591], [100.513042, 19.0473367], [100.5128732, 19.0475937], [100.5126432, 19.047828], [100.512303, 19.0480399], [100.5119627, 19.0482402], [100.5116341, 19.0483823], [100.5112687, 19.0485131], [100.510964, 19.048597], [100.5105368, 19.0486469], [100.5099751, 19.0486864], [100.5093885, 19.0486796], [100.5088023, 19.0487076], [100.508436, 19.0487455], [100.5076069, 19.0489381], [100.506924, 19.0490831], [100.5062171, 19.0492864], [100.5055349, 19.0495128], [100.5050965, 19.049679], [100.504549, 19.0499391], [100.5043063, 19.050127], [100.5040155, 19.0503966], [100.5037732, 19.050631], [100.50347, 19.0508774], [100.5032272, 19.0510537], [100.502911, 19.051219], [100.5025937, 19.051268], [100.5022509, 19.0511895], [100.5018216, 19.0510071], [100.5013312, 19.0508251], [100.5010003, 19.0507116], [100.5005348, 19.0505876], [100.5003152, 19.0505938], [100.4999894, 19.0506223], [100.4997176, 19.050655], [100.4993903, 19.050749], [100.4991751, 19.050842], [100.4989683, 19.0509807], [100.4987057, 19.0511503], [100.4985391, 19.0513114], [100.4984198, 19.0513961], [100.4982693, 19.0515724], [100.4981822, 19.051672], [100.4980867, 19.0517413], [100.4978712, 19.0518039], [100.4976632, 19.0518132], [100.497455, 19.0517921], [100.4972065, 19.0517484], [100.4969741, 19.0517199], [100.4967821, 19.051729], [100.4966224, 19.0517684], [100.4964629, 19.0518305], [100.4962957, 19.0519308], [100.4961287, 19.0520464], [100.4959215, 19.052147], [100.4956821, 19.0522174], [100.4954584, 19.0522649], [100.4950666, 19.0522985], [100.4947068, 19.0523395], [100.4944032, 19.0523952], [100.4941792, 19.0524122], [100.4938831, 19.052407], [100.4937894, 19.0523945], [100.4936939, 19.0523613], [100.4937292, 19.0522973], [100.4937765, 19.0522209], [100.4938057, 19.0521664], [100.4938441, 19.0521227], [100.4938848, 19.0520811], [100.4939209, 19.0520374], [100.4939524, 19.0519872], [100.4939726, 19.0519458], [100.4939814, 19.0519045], [100.4939901, 19.0518589], [100.4939896, 19.0518003], [100.4939891, 19.051746], [100.4939795, 19.051694], [100.4939561, 19.0516355], [100.4939329, 19.051588], [100.4939028, 19.0515448], [100.4938339, 19.0514954], [100.4937582, 19.0514526], [100.4936892, 19.0514011], [100.4936203, 19.0513517], [100.4935309, 19.0513069], [100.4934415, 19.0512663], [100.4933682, 19.0512387], [100.4933063, 19.0512088], [100.4932534, 19.0511724], [100.4932413, 19.0511616], [100.493212, 19.0511358], [100.4931769, 19.0510848], [100.493153, 19.0510181], [100.4931143, 19.050926], [100.4930808, 19.0508401], [100.4930674, 19.050795], [100.493067, 19.0507457], [100.4930728, 19.0506696], [100.4930936, 19.0505852], [100.4931146, 19.0505173], [100.4931337, 19.050474], [100.4931613, 19.0504203], [100.4931816, 19.0503694], [100.4932056, 19.0503008], [100.4932305, 19.0501918], [100.4932624, 19.0501278], [100.4932876, 19.0500537], [100.4933065, 19.0499857], [100.4933231, 19.0499137], [100.4933441, 19.0498457], [100.4933653, 19.0498024], [100.4934102, 19.0497507], [100.4934595, 19.049701], [100.4935259, 19.049645], [100.4935796, 19.0496117], [100.4936247, 19.0495785], [100.4936438, 19.049552], [100.4936544, 19.0495187], [100.4936832, 19.0493279], [100.4936856, 19.0492863], [100.4936881, 19.0492603], [100.4936961, 19.0492342], [100.4937113, 19.0492081], [100.4937312, 19.049188], [100.4937556, 19.0491687], [100.4937837, 19.0491538], [100.4938137, 19.0491414], [100.4938455, 19.0491333], [100.493891, 19.0491217], [100.4939428, 19.0491083], [100.4939892, 19.0490975], [100.4940173, 19.0490834], [100.49404, 19.0490685], [100.494059, 19.0490536], [100.4940725, 19.0490361], [100.4940824, 19.0490179], [100.4940912, 19.0489935], [100.4940947, 19.0489701], [100.4940953, 19.0489372], [100.4940922, 19.0489008], [100.4940839, 19.0488524], [100.4940581, 19.0487924], [100.4940294, 19.04875], [100.4940008, 19.0487166], [100.4939556, 19.0486744], [100.4939105, 19.0486389], [100.4938844, 19.0486234], [100.4938239, 19.0486117], [100.4937576, 19.0486098], [100.4936766, 19.0486104], [100.4936143, 19.0486109], [100.493536, 19.0486115], [100.4934604, 19.0486071], [100.4934163, 19.0485985], [100.4934046, 19.0485962], [100.4933554, 19.048584], [100.4933115, 19.0485717], [100.4932516, 19.048547], [100.4932122, 19.0485237], [100.4931861, 19.0484958], [100.4931579, 19.0484556], [100.4931349, 19.0484104], [100.4931079, 19.0483551], [100.4930847, 19.0482784], [100.4930615, 19.0482079], [100.4930409, 19.0481349], [100.4930218, 19.0480758], [100.4930147, 19.0480168], [100.4930144, 19.047985], [100.4930165, 19.0479257], [100.4930227, 19.0478827], [100.493033, 19.0478385], [100.4930445, 19.0477981], [100.4930576, 19.0477752], [100.4930855, 19.0477331], [100.4931362, 19.0476636], [100.4931716, 19.0476179], [100.4932175, 19.0475582], [100.4932515, 19.0475037], [100.4932868, 19.0474492], [100.4933143, 19.0474023], [100.4933417, 19.0473579], [100.4933797, 19.0473046], [100.4934098, 19.0472577], [100.4934355, 19.0472193], [100.4934448, 19.0472073], [100.493475, 19.0471532], [100.4935028, 19.0470947], [100.4935048, 19.0470588], [100.4935021, 19.0470229], [100.4934827, 19.0469603], [100.4934516, 19.0469157], [100.4934324, 19.0468777], [100.4934225, 19.0468262], [100.4934197, 19.0467679], [100.4934192, 19.0467141], [100.4934092, 19.0466514], [100.4933921, 19.046591], [100.493349, 19.0465083], [100.4932719, 19.0463363], [100.4932403, 19.0462311], [100.4932144, 19.0461691], [100.4931897, 19.0461104], [100.4931799, 19.0460656], [100.49317, 19.0460141], [100.4931647, 19.0459447], [100.4931594, 19.0458797], [100.4931564, 19.0458079], [100.4931371, 19.0457587], [100.4931178, 19.0457185], [100.4930868, 19.0456806], [100.4930512, 19.0456473], [100.4930226, 19.0456139], [100.4929845, 19.0455738], [100.49297, 19.0455358], [100.4929625, 19.0454933], [100.4929573, 19.0454395], [100.4929639, 19.0453789], [100.4929916, 19.0453203], [100.4930452, 19.0452436], [100.4931128, 19.0451556], [100.4931431, 19.0451173], [100.4931733, 19.0450677], [100.4931864, 19.045043], [100.4932151, 19.0449888], [100.4932499, 19.0449235], [100.49328, 19.0448605], [100.4932912, 19.0448021], [100.4932861, 19.0447573], [100.4932763, 19.044717], [100.4932617, 19.0446633], [100.493214, 19.0446053], [100.4931475, 19.0445565], [100.4930855, 19.0445173], [100.4930217, 19.0444634], [100.4929671, 19.0444167], [100.4929361, 19.0443901], [100.4928886, 19.0443523], [100.4928482, 19.0443123], [100.4928244, 19.0442833], [100.4928168, 19.0442273], [100.4928305, 19.0441823], [100.4928723, 19.0441035], [100.4929235, 19.0440268], [100.4929934, 19.0439321], [100.4930353, 19.0438712], [100.4930771, 19.0438013], [100.4931364, 19.0436449], [100.4932195, 19.0433414], [100.4932407, 19.0432084], [100.4932456, 19.0431776], [100.4932413, 19.0430351], [100.4932277, 19.0429071], [100.4932051, 19.0427964], [100.4931672, 19.0427126], [100.4931503, 19.0426862], [100.4931223, 19.0426424], [100.4930518, 19.0425804], [100.4930008, 19.0425456], [100.4929575, 19.0425254], [100.4929266, 19.0425111], [100.4928416, 19.0424983], [100.4927567, 19.0424956], [100.492697, 19.0425036], [100.4926471, 19.0425116], [100.4925995, 19.0425272], [100.4925574, 19.0425611], [100.492517, 19.0425951], [100.4924891, 19.0426391], [100.4924718, 19.0426813], [100.4924598, 19.0427251], [100.4924568, 19.0427823], [100.4924608, 19.0428445], [100.4924719, 19.0428898], [100.49249, 19.0429351], [100.4925193, 19.0429992], [100.4925355, 19.0430777], [100.492529, 19.043145], [100.4925255, 19.0431592], [100.492517, 19.0431939], [100.4925103, 19.043231], [100.4924947, 19.0432698], [100.4924756, 19.043307], [100.4924565, 19.0433475], [100.4924231, 19.0433713], [100.4923791, 19.0433902], [100.4923314, 19.0433973], [100.4922695, 19.0434018], [100.4922536, 19.0434029], [100.4922354, 19.0434024], [100.4921669, 19.0434003], [100.492096, 19.043384], [100.4920588, 19.0433742], [100.4920304, 19.0433627], [100.4919876, 19.0433311], [100.4919573, 19.0433027], [100.4919144, 19.0432493], [100.4918813, 19.043193], [100.4918618, 19.0431389], [100.4918456, 19.0430823], [100.4918292, 19.0430136], [100.4918128, 19.042933], [100.4917962, 19.0428375], [100.4917736, 19.0427689], [100.4917131, 19.0426856], [100.4916528, 19.0426233], [100.4915832, 19.042576], [100.4914884, 19.04252], [100.4914156, 19.0424757], [100.4913852, 19.0424428], [100.4912351, 19.0422542], [100.4910286, 19.0419331], [100.4906789, 19.0414606], [100.4904779, 19.041039], [100.4904596, 19.0410118], [100.4903712, 19.040878], [100.4903208, 19.0407864], [100.4902682, 19.0406994], [100.4902417, 19.0406435], [100.4901915, 19.0405677], [100.490146, 19.0404851], [100.4901078, 19.0404338], [100.4900766, 19.0403757], [100.4900501, 19.0403087], [100.4900473, 19.0402571], [100.4900563, 19.0402122], [100.4900841, 19.0401604], [100.490104, 19.0401144], [100.4901211, 19.0400749], [100.4901556, 19.0399804], [100.4901736, 19.0398793], [100.4901862, 19.039702], [100.4901968, 19.0395786], [100.4901982, 19.0394665], [100.4901807, 19.0393522], [100.4901564, 19.0392694], [100.4901275, 19.0392046], [100.4900869, 19.0391466], [100.4900227, 19.0390933], [100.4899776, 19.0390601], [100.4899042, 19.0390203], [100.4898048, 19.0389874], [100.4896962, 19.0389749], [100.4895947, 19.0389645], [100.4895403, 19.0389653], [100.4894981, 19.038966], [100.4894502, 19.0389787], [100.4894105, 19.0389892], [100.4893827, 19.039002], [100.4893564, 19.0390236], [100.489334, 19.0390465], [100.4893065, 19.0390833], [100.4892896, 19.0391226], [100.4892688, 19.0391657], [100.4892492, 19.0392037], [100.4892282, 19.0392303], [100.4892032, 19.0392444], [100.4891675, 19.0392611], [100.4891013, 19.0392768], [100.4890576, 19.0392821], [100.4889701, 19.0392904], [100.4889197, 19.0392934], [100.4888905, 19.0392898], [100.4888586, 19.0392838], [100.4888293, 19.0392726], [100.4888013, 19.0392577], [100.488756, 19.0392278], [100.4886485, 19.0391594], [100.4886271, 19.0391494], [100.4884969, 19.0390899], [100.4883951, 19.0390526], [100.4882581, 19.0390223], [100.4881423, 19.0389986], [100.4880431, 19.038977], [100.4879793, 19.0389663], [100.4878755, 19.0389649], [100.4878072, 19.0389721], [100.4877365, 19.0389839], [100.4876425, 19.0390116], [100.4875531, 19.039037], [100.4874685, 19.0390713], [100.4873792, 19.0391079], [100.4873087, 19.0391399], [100.4872077, 19.0391878], [100.4871853, 19.0391974], [100.487149, 19.0392129], [100.487088, 19.0392493], [100.4870341, 19.0392811], [100.4869872, 19.0393129], [100.4869333, 19.039356], [100.4868648, 19.0394271], [100.4868001, 19.0394938], [100.4867278, 19.0395819], [100.4866741, 19.0396384], [100.4866261, 19.0396718], [100.4865991, 19.0396906], [100.4865427, 19.039718], [100.4864864, 19.0397565], [100.4864395, 19.0397883], [100.4863974, 19.03982], [100.4863576, 19.0398562], [100.4863156, 19.0399059], [100.48629, 19.0399443], [100.4862622, 19.0399938], [100.4862438, 19.0400523], [100.4862348, 19.0401039], [100.4862283, 19.040169], [100.4862197, 19.0402543], [100.4862086, 19.0403329], [100.4862045, 19.0404047], [100.4862047, 19.0405275], [100.4861738, 19.0406629], [100.4861627, 19.0407459], [100.4861561, 19.0408021], [100.4861376, 19.0408426], [100.4860932, 19.0408788], [100.4860391, 19.0408994], [100.4859779, 19.0409089], [100.4858954, 19.0409141], [100.4858292, 19.0409034], [100.48577, 19.0408769], [100.4857249, 19.0408414], [100.4856986, 19.0407945], [100.4856672, 19.0407163], [100.4856335, 19.0406336], [100.4855877, 19.040533], [100.4855659, 19.0404659], [100.4855607, 19.0404099], [100.485553, 19.0403382], [100.4855523, 19.0402597], [100.4855636, 19.0402035], [100.4855632, 19.0401542], [100.4855628, 19.0401161], [100.485553, 19.0400713], [100.4855385, 19.0400333], [100.4855144, 19.0399796], [100.4854999, 19.0399416], [100.4854948, 19.0398946], [100.4854896, 19.0398363], [100.4854938, 19.0397757], [100.485493, 19.039695], [100.4855042, 19.0396276], [100.4855247, 19.0395377], [100.4855288, 19.0394727], [100.4855328, 19.0393986], [100.4855133, 19.0393203], [100.4854894, 19.0392846], [100.4854488, 19.0392266], [100.4854011, 19.0391732], [100.4853463, 19.0391041], [100.4852987, 19.0390529], [100.4852201, 19.0389661], [100.4851725, 19.0389193], [100.4851225, 19.0388682], [100.485089, 19.0388146], [100.4850505, 19.0387297], [100.4850384, 19.0386917], [100.4850261, 19.0386393], [100.4850071, 19.0385809], [100.4849875, 19.0384973], [100.4849678, 19.0384018], [100.4849511, 19.0382943], [100.4849218, 19.0381779], [100.4848802, 19.0380975], [100.4848291, 19.0380112], [100.484775, 19.0379309], [100.4847337, 19.0378834], [100.4846956, 19.0378418], [100.4846386, 19.0378034], [100.4845756, 19.037786], [100.484497, 19.0377866], [100.484409, 19.0377933], [100.4843117, 19.037809], [100.4842175, 19.0378307], [100.4841391, 19.0378553], [100.4840356, 19.03788], [100.4839445, 19.0378927], [100.4838691, 19.0378963], [100.4837653, 19.0378971], [100.4836458, 19.0378951], [100.4835515, 19.0378988], [100.4834982, 19.0378993], [100.4832855, 19.0378761], [100.4829334, 19.0378319], [100.4825508, 19.0378292], [100.482131, 19.0378149], [100.4821133, 19.0378135], [100.4820309, 19.0378069], [100.4819719, 19.0378058], [100.4818909, 19.0378052], [100.4817914, 19.0378034], [100.4817198, 19.037804], [100.4816283, 19.0378047], [100.4815805, 19.0378039], [100.4815611, 19.0378022], [100.4815407, 19.0378004], [100.4815114, 19.0377906], [100.4814794, 19.0377744], [100.4814568, 19.0377582], [100.4814407, 19.0377419], [100.4814233, 19.0377219], [100.4814125, 19.0377043], [100.4814002, 19.0376628], [100.4814016, 19.0376192], [100.4814035, 19.0375913], [100.4814147, 19.0375307], [100.4814306, 19.037461], [100.4814489, 19.0373958], [100.4814672, 19.0373374], [100.4814925, 19.0372632], [100.4815155, 19.0371935], [100.4815386, 19.0371417], [100.4815548, 19.0371012], [100.4815803, 19.0370516], [100.4816026, 19.0370077], [100.48165, 19.036939], [100.4816977, 19.0368508], [100.4817336, 19.0367858], [100.4817591, 19.0367362], [100.4817917, 19.0366934], [100.4818278, 19.0366652], [100.4818809, 19.0366455], [100.4819232, 19.0366362], [100.4819869, 19.0366312], [100.4820364, 19.0366353], [100.4820814, 19.0366529], [100.4821219, 19.0366974], [100.4821553, 19.0367443], [100.4822056, 19.0368268], [100.4822315, 19.0368689], [100.4822464, 19.0369016], [100.4822734, 19.0369531], [100.4822977, 19.0370021], [100.4823206, 19.0370372], [100.4823367, 19.0370636], [100.4823568, 19.0370824], [100.4823808, 19.0370998], [100.4824113, 19.0371021], [100.4824331, 19.0370982], [100.4824484, 19.0370955], [100.4825106, 19.0370723], [100.4825779, 19.0370415], [100.4826942, 19.0369863], [100.4827391, 19.0369594], [100.48278, 19.0369351], [100.4828169, 19.0369058], [100.4828498, 19.0368791], [100.4828734, 19.0368549], [100.4829037, 19.0368257], [100.4829233, 19.0367977], [100.4829403, 19.0367699], [100.482952, 19.036742], [100.4829584, 19.0367104], [100.4829613, 19.0366727], [100.4829629, 19.0366195], [100.4829638, 19.0365792], [100.4829636, 19.0365528], [100.4829633, 19.0365199], [100.4829523, 19.0364708], [100.4829413, 19.0364267], [100.4829223, 19.0363764], [100.4828845, 19.0363124], [100.4828492, 19.0362611], [100.4827919, 19.0362009], [100.4827182, 19.0361252], [100.4826445, 19.0360585], [100.4825827, 19.0360119], [100.4825282, 19.0359743], [100.4824524, 19.0359457], [100.4823626, 19.0359218], [100.4822634, 19.0359024], [100.4821831, 19.0358918], [100.4820416, 19.0358885], [100.4818694, 19.0358876], [100.4817209, 19.035891], [100.4815984, 19.0359032], [100.4814405, 19.0359157], [100.4813604, 19.0359276], [100.4812898, 19.0359461], [100.4812098, 19.0359669], [100.4811299, 19.0360012], [100.4810454, 19.03604], [100.4809445, 19.0360924], [100.4809246, 19.036104], [100.4808788, 19.036131], [100.4808107, 19.0361719], [100.4807497, 19.0362083], [100.4806935, 19.0362491], [100.4806374, 19.0363012], [100.4805765, 19.0363487], [100.4805179, 19.0363896], [100.4804522, 19.0364305], [100.4803723, 19.0364648], [100.4802901, 19.0365013], [100.4801797, 19.0365471], [100.4801658, 19.0365523], [100.4801068, 19.0365745], [100.480055, 19.0365839], [100.4800079, 19.0365888], [100.4799442, 19.0365826], [100.4798754, 19.0365428], [100.4798516, 19.0365108], [100.4798372, 19.0364915], [100.4798109, 19.0364468], [100.4798011, 19.0364065], [100.4797984, 19.0363684], [100.4798096, 19.0362966], [100.479837, 19.0361954], [100.4798636, 19.036102], [100.4799965, 19.0356757], [100.4800501, 19.0355451], [100.4801036, 19.035404], [100.4801135, 19.0353803], [100.4801448, 19.0353196], [100.4801813, 19.035258], [100.4802063, 19.0352132], [100.480243, 19.0351647], [100.4802816, 19.0351198], [100.4803184, 19.0350861], [100.4803552, 19.0350524], [100.4804114, 19.0350036], [100.4804522, 19.0349792], [100.480491, 19.0349547], [100.4805435, 19.0349339], [100.4805864, 19.0349187], [100.4806331, 19.034909], [100.4806994, 19.0348973], [100.4807521, 19.0348951], [100.4808282, 19.0348926], [100.4808948, 19.0349033], [100.481036, 19.0349434], [100.481388, 19.0351125], [100.4815146, 19.0351674], [100.4815827, 19.0352078], [100.4816728, 19.0352497], [100.4817199, 19.0352698], [100.481763, 19.0352843], [100.4818079, 19.0352877], [100.4818527, 19.035278], [100.4818935, 19.0352535], [100.4819419, 19.0352049], [100.4819745, 19.0351471], [100.4819937, 19.0351042], [100.482005, 19.035054], [100.4820065, 19.0350057], [100.4820042, 19.0349667], [100.4819921, 19.0349297], [100.4819625, 19.0348928], [100.4819192, 19.0348523], [100.4818818, 19.0348173], [100.4818364, 19.034762], [100.4818166, 19.0347368], [100.4818088, 19.0347269], [100.4817918, 19.0346893], [100.4817829, 19.0346696], [100.481757, 19.0346122], [100.481727, 19.0345271], [100.4816768, 19.0344078], [100.4816688, 19.0343846], [100.4816423, 19.0343004], [100.4816131, 19.0342381], [100.481601, 19.0341647], [100.4816058, 19.0340558], [100.4816051, 19.033981], [100.4816046, 19.0339252], [100.4816066, 19.0338218], [100.4816114, 19.0337238], [100.4816133, 19.0336177], [100.4816238, 19.0335087], [100.4816401, 19.0334052], [100.4816553, 19.0331928], [100.4816686, 19.0330703], [100.4816763, 19.032975], [100.481698, 19.0328387], [100.4817113, 19.0327243], [100.4817474, 19.032607], [100.4817782, 19.0325306], [100.4818261, 19.0324431], [100.4818656, 19.0323775], [100.4819164, 19.0323036], [100.4819702, 19.0322406], [100.4820668, 19.0321446], [100.4820982, 19.0320995], [100.4821251, 19.0320519], [100.4821472, 19.0320058], [100.4821676, 19.031949], [100.482177, 19.0319122], [100.4821846, 19.0318646], [100.4821873, 19.0318034], [100.4821852, 19.0317498], [100.4821736, 19.0317132], [100.4821572, 19.0316735], [100.4821408, 19.0316415], [100.4821164, 19.0316188], [100.4820776, 19.0315976], [100.4819543, 19.0315582], [100.4818328, 19.0315411], [100.4816034, 19.0315216], [100.4814893, 19.0314967], [100.4814393, 19.0314849], [100.4813457, 19.0314642], [100.4812765, 19.0314556], [100.4812249, 19.0314514], [100.4811509, 19.0314505], [100.4810801, 19.0314602], [100.4810175, 19.0314745], [100.4809468, 19.0314827], [100.4808744, 19.0314864], [100.4807794, 19.0314856], [100.4807133, 19.0314739], [100.480652, 19.0314545], [100.4806309, 19.0314363], [100.4806098, 19.031415], [100.4805968, 19.0313998], [100.4805884, 19.0313662], [100.4805961, 19.0312958], [100.4806781, 19.0310191], [100.4807422, 19.0308311], [100.4807546, 19.0307616], [100.4807618, 19.030661], [100.4807554, 19.0305821], [100.4807462, 19.0305087], [100.4807252, 19.0304001], [100.4806957, 19.0303023], [100.4806462, 19.0302102], [100.4805998, 19.0301317], [100.4805448, 19.0300668], [100.4804696, 19.0299694], [100.4804061, 19.0299074], [100.4803513, 19.0298615], [100.4802378, 19.0298019], [100.4801193, 19.0297632], [100.4798468, 19.0296875], [100.4796637, 19.0296366], [100.4793509, 19.0295887], [100.479104, 19.0295213], [100.4788244, 19.0294819], [100.4785832, 19.0294578], [100.4784531, 19.0294351], [100.4783419, 19.0294207], [100.4782275, 19.0294048], [100.4781743, 19.0293915], [100.478134, 19.029378], [100.4780952, 19.0293584], [100.478045, 19.0293297], [100.4780045, 19.029304], [100.4779593, 19.0292814], [100.4779285, 19.0292603], [100.4778912, 19.0292269], [100.4778556, 19.0292012], [100.477815, 19.0291647], [100.4777922, 19.0291328], [100.4777806, 19.0290931], [100.4777769, 19.0290411], [100.4777827, 19.0289737], [100.4777966, 19.0289077], [100.4778057, 19.0288388], [100.4778163, 19.0287668], [100.477832, 19.0287146], [100.477849, 19.028644], [100.4778648, 19.0286026], [100.4778773, 19.0285642], [100.4778931, 19.0285304], [100.4779153, 19.028495], [100.4779489, 19.0284718], [100.4779857, 19.0284486], [100.4780353, 19.028416], [100.4780657, 19.0283925], [100.4781024, 19.0283604], [100.4781263, 19.0283342], [100.4781438, 19.0283019], [100.4781578, 19.0282497], [100.4781621, 19.0281946], [100.4781569, 19.0281548], [100.478147, 19.0281212], [100.4781371, 19.0280953], [100.4781096, 19.0280741], [100.4780755, 19.0280499], [100.4780319, 19.0280273], [100.4779849, 19.0279955], [100.477921, 19.0279411], [100.4778812, 19.0278984], [100.477853, 19.0278648], [100.4778373, 19.0278385], [100.4778201, 19.0278063], [100.4778089, 19.0277725], [100.4777993, 19.0277285], [100.4778019, 19.02768], [100.4778093, 19.0276417], [100.4778167, 19.0276034], [100.4778318, 19.0275636], [100.4778516, 19.0275252], [100.4778791, 19.0274941], [100.4779005, 19.0274675], [100.4779251, 19.0274452], [100.4779497, 19.0274288], [100.4779958, 19.0274079], [100.4780575, 19.0273868], [100.4781393, 19.0273685], [100.478198, 19.0273636], [100.4782814, 19.027363], [100.4783634, 19.0273667], [100.4784377, 19.027375], [100.4784949, 19.0273833], [100.4785507, 19.0274005], [100.4786143, 19.0274265], [100.4786858, 19.0274641], [100.4787387, 19.0275019], [100.4787916, 19.0275456], [100.4788011, 19.0275559], [100.4788385, 19.0275967], [100.4788775, 19.027639], [100.4789103, 19.0276814], [100.4789353, 19.0277135], [100.4789512, 19.0277546], [100.478983, 19.0278631], [100.4790007, 19.0279394], [100.4790077, 19.0279734], [100.4790104, 19.0279864], [100.4790232, 19.0280348], [100.4790405, 19.028067], [100.4790546, 19.0280933], [100.4790812, 19.0281211], [100.4791091, 19.0281385], [100.4791464, 19.0281558], [100.4792037, 19.028173], [100.4792501, 19.0281756], [100.4792995, 19.0281678], [100.4793473, 19.0281557], [100.4794198, 19.0281345], [100.4794876, 19.0281134], [100.4795523, 19.0280849], [100.4795846, 19.0280671], [100.4796107, 19.0280433], [100.4796337, 19.0280196], [100.479655, 19.0279886], [100.4796671, 19.0279488], [100.4796774, 19.0278943], [100.4796875, 19.0278178], [100.4796932, 19.0277574], [100.4797052, 19.0277221], [100.4797204, 19.0276911], [100.4797418, 19.0276571], [100.479757, 19.027632], [100.4797722, 19.0276054], [100.4797873, 19.0275641], [100.4798023, 19.0275155], [100.4798127, 19.0274595], [100.4798307, 19.0273991], [100.479838, 19.027349], [100.4798467, 19.0272887], [100.479854, 19.0272416], [100.4798582, 19.0271872], [100.4798548, 19.0271534], [100.4798513, 19.0271034], [100.4798507, 19.0270926], [100.4798425, 19.0270586], [100.4798305, 19.0270333], [100.4798158, 19.0270119], [100.4797915, 19.0269922], [100.4797606, 19.0269603], [100.4797378, 19.0269269], [100.4797231, 19.026904], [100.4797034, 19.0268613], [100.479687, 19.0268293], [100.4796577, 19.0267943], [100.4796189, 19.0267671], [100.4795817, 19.026746], [100.4795338, 19.0267209], [100.4793574, 19.0265974], [100.4791536, 19.0264636], [100.4789936, 19.0263294], [100.4788173, 19.0262111], [100.4786028, 19.0260982], [100.4785103, 19.0260348], [100.4783515, 19.0259553], [100.4783207, 19.0259326], [100.4783061, 19.0259158], [100.4782963, 19.0258945], [100.4782927, 19.0258578], [100.4782924, 19.0258195], [100.4782982, 19.0257537], [100.4783035, 19.0256995], [100.4783021, 19.0255433], [100.4782788, 19.025382], [100.4782336, 19.0252261], [100.4781936, 19.0250441], [100.4780929, 19.024795], [100.4780094, 19.0246498], [100.4778932, 19.0245153], [100.4778047, 19.0244066], [100.4777271, 19.0243083], [100.4776387, 19.0242205], [100.4774622, 19.0240708], [100.4773243, 19.0239573], [100.4771701, 19.0238596], [100.4770404, 19.0237504], [100.4769153, 19.0236403], [100.4767826, 19.0235025], [100.4765397, 19.0232752], [100.4763116, 19.0230757], [100.4761865, 19.0229655], [100.4760883, 19.0229099], [100.4759444, 19.0228425], [100.4757689, 19.0228092], [100.4755566, 19.0227483], [100.475344, 19.0226598], [100.4751097, 19.0225783], [100.4749776, 19.022503], [100.4747867, 19.0223864], [100.4746837, 19.022297], [100.474522, 19.0221733], [100.4743826, 19.0221049], [100.4741089, 19.0220142], [100.4738702, 19.0219562], [100.4735998, 19.0219306], [100.4733733, 19.0219116], [100.472986, 19.0218799], [100.4725548, 19.0218278], [100.4723354, 19.0217879], [100.4720502, 19.0217416], [100.471816, 19.0216809], [100.4716181, 19.0215922], [100.4714346, 19.0214895], [100.4713316, 19.0214001], [100.4712431, 19.0213035], [100.4711689, 19.0211652], [100.4711018, 19.021013], [100.471064, 19.0208605], [100.4709721, 19.0203751], [100.4709111, 19.020077], [100.4708067, 19.0198278], [100.4707097, 19.0195925], [100.4706055, 19.0193711], [100.4705454, 19.0191771], [100.4704853, 19.0189901], [100.4704026, 19.018713], [100.4703417, 19.0184357], [100.4702664, 19.0181793], [100.47017, 19.0180065], [100.4700593, 19.0178685], [100.4699418, 19.017793], [100.4698029, 19.0177802], [100.4696643, 19.0177883], [100.4695183, 19.0177894], [100.4693874, 19.017853], [100.4692044, 19.0180482], [100.4691776, 19.0180769], [100.4690253, 19.0181892], [100.4689023, 19.0183221], [100.4687132, 19.0184069], [100.4684656, 19.0184784], [100.4682467, 19.0185009], [100.4680351, 19.0185095], [100.4677503, 19.0185118], [100.4674142, 19.0184798], [100.467173, 19.0184539], [100.4669464, 19.018421], [100.4666755, 19.0183467], [100.4664556, 19.0182443], [100.4662572, 19.0181], [100.4661172, 19.0179553], [100.4660287, 19.0178588], [100.465962, 19.0177413], [100.4659314, 19.0175887], [100.4659084, 19.0174639], [100.4659066, 19.0172556], [100.4659486, 19.0170469], [100.4660127, 19.0168658], [100.4661703, 19.0165174], [100.4662844, 19.0162109], [100.4663699, 19.0159602], [100.4663797, 19.015939], [100.4664343, 19.0158208], [100.4664472, 19.0156263], [100.4664456, 19.0154457], [100.4664144, 19.0152098], [100.4663686, 19.014981], [100.4663227, 19.0147453], [100.4662404, 19.0145237], [100.466203, 19.0144129], [100.4661436, 19.0143092], [100.4660188, 19.0142338], [100.4658287, 19.0141936], [100.4656753, 19.0141949], [100.4655295, 19.0142168], [100.4653767, 19.0142736], [100.465202, 19.0143375], [100.4650349, 19.0144291], [100.4649043, 19.0145274], [100.464781, 19.0146256], [100.4646064, 19.0146894], [100.4644898, 19.0147181], [100.4643659, 19.01474], [100.4642343, 19.0147202], [100.4639414, 19.0146253], [100.4636847, 19.0145023], [100.4634943, 19.0144274], [100.463274, 19.0142833], [100.4631563, 19.014187], [100.4631042, 19.0140763], [100.4630361, 19.013806], [100.4630057, 19.0136674], [100.4629388, 19.013529], [100.4627989, 19.0133912], [100.4626811, 19.013281], [100.4624608, 19.0131439], [100.4622848, 19.013055], [100.4621021, 19.0130287], [100.4619413, 19.0130091], [100.4617295, 19.0130038], [100.4614814, 19.0130197], [100.4611526, 19.0129945], [100.4611245, 19.0129879], [100.4608672, 19.0129273], [100.460655, 19.0128734], [100.4604938, 19.0128053], [100.4603543, 19.0127161], [100.4602071, 19.0125784], [100.460126, 19.0124887], [100.4600521, 19.0123921], [100.4599706, 19.0122538], [100.459874, 19.0120601], [100.4598141, 19.0118939], [100.4597978, 19.0116996], [100.4597814, 19.0114914], [100.4597723, 19.0112832], [100.4597555, 19.0110263], [100.4597246, 19.0108391], [100.4596718, 19.0106381], [100.4596269, 19.0105204], [100.4595234, 19.0103684], [100.4593617, 19.0102447], [100.4592293, 19.0101346], [100.4590823, 19.0100247], [100.4588915, 19.0099151], [100.4587226, 19.0098053], [100.4585393, 19.0097165], [100.4582902, 19.0096142], [100.4580154, 19.009537], [100.4578366, 19.0095044], [100.4576523, 19.0094771], [100.4575012, 19.0094731], [100.4573475, 19.0094848], [100.4572128, 19.0094754], [100.4571001, 19.0094606], [100.4570176, 19.0094482], [100.4569325, 19.0094514], [100.45682, 19.0094654], [100.456702, 19.0094846], [100.4565812, 19.0094908], [100.456496, 19.0094862], [100.45643, 19.0094789], [100.4563858, 19.0094505], [100.4563471, 19.0094169], [100.4563192, 19.0093675], [100.456294, 19.0093128], [100.4562547, 19.009219], [100.4562075, 19.0091541], [100.4561437, 19.0090893], [100.45608, 19.0090271], [100.4560054, 19.0089728], [100.4559389, 19.0089106], [100.4558699, 19.0088694], [100.4558118, 19.0088202], [100.4557757, 19.008776], [100.4557534, 19.0087344], [100.455742, 19.0086875], [100.4557581, 19.008643], [100.4557934, 19.0085983], [100.4558506, 19.0085482], [100.4558766, 19.0085225], [100.4559403, 19.008443], [100.4559913, 19.0083153], [100.4560388, 19.0082074], [100.4561024, 19.0080891], [100.4561499, 19.0079812], [100.4561953, 19.007873], [100.4562176, 19.0077876], [100.4562333, 19.0077039], [100.4562191, 19.0076465], [100.4561939, 19.0075997], [100.4561634, 19.0075607], [100.4561026, 19.0075247], [100.456053, 19.0074989], [100.4559869, 19.0074811], [100.4559429, 19.0074763], [100.4558963, 19.0074819], [100.455836, 19.007498], [100.4557785, 19.007522], [100.4556746, 19.007575], [100.4555978, 19.0075913], [100.4555292, 19.0075919], [100.4554741, 19.0075792], [100.4553969, 19.0075459], [100.4553334, 19.0075046], [100.4552861, 19.007437], [100.455236, 19.0073616], [100.4551995, 19.0072731], [100.4551794, 19.007174], [100.4551706, 19.0071035], [100.4551673, 19.0070382]]]}}, {"type": "Feature", "properties": {"name": "อำเภอภูเพียง", "id": "phuphiang", "source": "OpenStreetMap/Nominatim", "osm_id": 18993989}, "geometry": {"type": "Polygon", "coordinates": [[[100.7561039, 18.7384398], [100.7561249, 18.7381865], [100.7562025, 18.7376963], [100.7563599, 18.736924], [100.756446, 18.7366813], [100.7565504, 18.7365003], [100.756673, 18.7363641], [100.7569303, 18.7361198], [100.7578862, 18.7354807], [100.7581147, 18.7353042], [100.7583082, 18.7351786], [100.7585199, 18.7350866], [100.7587493, 18.7350056], [100.7592975, 18.7349048], [100.7606721, 18.7347794], [100.7609784, 18.734709], [100.7611783, 18.7346227], [100.7613778, 18.7345027], [100.761524, 18.7343663], [100.7616639, 18.7341906], [100.7618384, 18.7339358], [100.7619776, 18.7336869], [100.7621897, 18.7330717], [100.7622803, 18.7326995], [100.762386, 18.7320797], [100.7624244, 18.7317924], [100.7624929, 18.7309985], [100.7624793, 18.7302503], [100.7624197, 18.729632], [100.7623565, 18.7292332], [100.7622339, 18.7287955], [100.7614548, 18.7268281], [100.7614283, 18.7266294], [100.7614314, 18.7265027], [100.7614695, 18.7263336], [100.7616034, 18.725999], [100.761872, 18.7254268], [100.7622674, 18.7246931], [100.7633863, 18.7228429], [100.7635523, 18.7226219], [100.7643398, 18.7216947], [100.7646149, 18.7213208], [100.7647282, 18.7211383], [100.7648365, 18.7209094], [100.7653461, 18.7196598], [100.7654305, 18.719325], [100.7655031, 18.7189305], [100.7655222, 18.7184191], [100.7655497, 18.7181688], [100.7655521, 18.7176746], [100.7655322, 18.7172021], [100.7654685, 18.7168553], [100.7654181, 18.716709], [100.7652553, 18.7164119], [100.764975, 18.7160256], [100.764819, 18.7158444], [100.7643938, 18.7154294], [100.7641777, 18.7152488], [100.763924, 18.7150686], [100.7636553, 18.7148849], [100.7629184, 18.7144943], [100.7626468, 18.7144002], [100.7621458, 18.7142831], [100.761687, 18.7142407], [100.7612794, 18.7142382], [100.7611042, 18.7134504], [100.7610156, 18.7126299], [100.7609891, 18.7120127], [100.7610131, 18.711745], [100.7610267, 18.7111274], [100.7617433, 18.7107308], [100.7626026, 18.7101967], [100.7629017, 18.709983], [100.7632296, 18.7098274], [100.763586, 18.7096985], [100.7639702, 18.7095839], [100.7643983, 18.7094989], [100.7647355, 18.7094049], [100.7650562, 18.7093068], [100.7652267, 18.70923], [100.765341, 18.7091948], [100.7654289, 18.7091968], [100.7656104, 18.709268], [100.7657043, 18.7092704], [100.7658212, 18.7092384], [100.7660322, 18.7091108], [100.7662966, 18.7090785], [100.7663849, 18.7090819], [100.7665655, 18.7091601], [100.7666563, 18.7091837], [100.7672344, 18.7092421], [100.7675746, 18.7094081], [100.7676366, 18.7094576], [100.7677824, 18.7096212], [100.7678407, 18.7096494], [100.7680502, 18.7095963], [100.768181, 18.7096025], [100.7685305, 18.709694], [100.7687944, 18.7097277], [100.7689345, 18.7097669], [100.7692653, 18.7098985], [100.7693249, 18.7099037], [100.7693708, 18.7098748], [100.7694844, 18.7096254], [100.769573, 18.709555], [100.7704047, 18.7094691], [100.7707423, 18.7094191], [100.770922, 18.7093691], [100.7714319, 18.709123], [100.7719126, 18.7088238], [100.7721031, 18.7086644], [100.7721852, 18.7086126], [100.7724402, 18.7085145], [100.7724929, 18.7085068], [100.7725694, 18.708534], [100.7726921, 18.7086526], [100.7730472, 18.7093079], [100.7731527, 18.7093516], [100.7732642, 18.7093367], [100.7733142, 18.7093096], [100.7733827, 18.7092398], [100.7736187, 18.7088373], [100.7738847, 18.7086379], [100.7739521, 18.7083477], [100.7739709, 18.7083305], [100.77402, 18.7083247], [100.7742018, 18.7084092], [100.7743204, 18.7083144], [100.7743481, 18.7081896], [100.7744269, 18.7080345], [100.774454, 18.7076882], [100.7745204, 18.707458], [100.7745725, 18.7073767], [100.7746251, 18.7073409], [100.7747254, 18.7073072], [100.7748734, 18.707283], [100.7751936, 18.7072674], [100.7754614, 18.7073131], [100.7756819, 18.7073948], [100.7762248, 18.7076887], [100.7765844, 18.7078647], [100.7768743, 18.7079816], [100.7771388, 18.7080628], [100.7773586, 18.7080727], [100.7776093, 18.7080464], [100.7778284, 18.7079904], [100.778091, 18.7078863], [100.7782843, 18.7077648], [100.7784148, 18.707644], [100.7788176, 18.7071497], [100.7789844, 18.706891], [100.7790952, 18.7066866], [100.7791684, 18.7064825], [100.7793774, 18.7048657], [100.7795068, 18.7040331], [100.7795486, 18.7026293], [100.7793364, 18.7013081], [100.7787386, 18.6969742], [100.7787292, 18.6962488], [100.7787585, 18.6954152], [100.7787407, 18.6946183], [100.7787474, 18.6943465], [100.7787982, 18.6937573], [100.7788532, 18.6935575], [100.7789115, 18.6934225], [100.7790025, 18.6932934], [100.779219, 18.6930921], [100.7800084, 18.6922332], [100.7809215, 18.6913912], [100.7816555, 18.6906868], [100.7828534, 18.689815], [100.7835697, 18.6892375], [100.7840969, 18.6887615], [100.7843884, 18.6884599], [100.7850006, 18.6879287], [100.7852826, 18.6876271], [100.7856966, 18.6872337], [100.7859028, 18.686951], [100.786286, 18.6863405], [100.7864347, 18.686022], [100.7867144, 18.6855031], [100.7869091, 18.6850393], [100.7871238, 18.6846659], [100.7878823, 18.6835808], [100.7882842, 18.682943], [100.7886201, 18.682342], [100.7887511, 18.6821505], [100.7891938, 18.6817749], [100.7896947, 18.6813953], [100.7902193, 18.6810798], [100.7905974, 18.680883], [100.7914034, 18.6804164], [100.7917301, 18.6801476], [100.792069, 18.6798424], [100.7923444, 18.6795258], [100.7928276, 18.6788135], [100.7930297, 18.6783769], [100.7931818, 18.6779339], [100.7932735, 18.6775001], [100.7933071, 18.6770771], [100.7934123, 18.6762428], [100.7935392, 18.6754137], [100.7955302, 18.6752068], [100.7964416, 18.6750937], [100.7971858, 18.6750517], [100.7975583, 18.675069], [100.7980626, 18.6751199], [100.7992113, 18.6753524], [100.8002285, 18.6755792], [100.8008588, 18.6758167], [100.8011452, 18.6759671], [100.8024914, 18.6769283], [100.8029261, 18.6773068], [100.8035148, 18.6777395], [100.8039038, 18.6779375], [100.804492, 18.6783285], [100.805109, 18.6786844], [100.807116, 18.6799871], [100.8073657, 18.6801239], [100.8076883, 18.680253], [100.8098196, 18.6808935], [100.8110202, 18.681195], [100.8115916, 18.6813773], [100.8122512, 18.6816145], [100.8129105, 18.6818238], [100.8135045, 18.6820686], [100.8138855, 18.6821902], [100.8145369, 18.6823439], [100.8148075, 18.68239], [100.8154872, 18.682453], [100.8166677, 18.6824285], [100.8189185, 18.6825998], [100.8208528, 18.6826884], [100.8221309, 18.6828548], [100.8233717, 18.6830396], [100.8245752, 18.6832425], [100.8264696, 18.6831168], [100.8271265, 18.6831104], [100.8277283, 18.6832118], [100.8282747, 18.6834033], [100.8287847, 18.6837024], [100.8292583, 18.6841092], [100.8298842, 18.6847114], [100.8304536, 18.6852961], [100.8309307, 18.6860249], [100.8316776, 18.6874129], [100.8320017, 18.6878749], [100.8327613, 18.6886903], [100.8335554, 18.6892192], [100.8341221, 18.6895535], [100.8344577, 18.6896968], [100.8347438, 18.6897621], [100.8356838, 18.689896], [100.8368486, 18.689992], [100.8379192, 18.690053], [100.8388377, 18.6899367], [100.8397556, 18.6897667], [100.8405795, 18.6895797], [100.8424438, 18.6890181], [100.8430238, 18.6888957], [100.8433287, 18.6887881], [100.8436446, 18.6886198], [100.8437821, 18.6885139], [100.8443273, 18.6881837], [100.8444933, 18.6880445], [100.8449809, 18.6877369], [100.8452619, 18.6875415], [100.8456285, 18.6872571], [100.8459354, 18.6869903], [100.8461975, 18.6864442], [100.8462505, 18.6863833], [100.8463261, 18.6863466], [100.8464283, 18.6863746], [100.8464952, 18.6864292], [100.8465851, 18.6866836], [100.8465952, 18.6868625], [100.8464911, 18.6871196], [100.8465404, 18.6872458], [100.8466524, 18.6873322], [100.8467278, 18.6873367], [100.8468164, 18.6872888], [100.8468734, 18.687236], [100.8469436, 18.6871373], [100.8470158, 18.6870922], [100.8470895, 18.6870679], [100.8472374, 18.6870495], [100.847326, 18.6870055], [100.8473644, 18.6868771], [100.84739, 18.6864628], [100.8474289, 18.6863801], [100.847486, 18.6863351], [100.847557, 18.6863122], [100.8477995, 18.6863059], [100.8478641, 18.6863209], [100.8478932, 18.6863455], [100.8479403, 18.6865174], [100.8480472, 18.686775], [100.8480955, 18.6867994], [100.8482613, 18.6867964], [100.848407, 18.6868329], [100.8487061, 18.6869867], [100.8487491, 18.687032], [100.8487473, 18.6871169], [100.8485438, 18.6874416], [100.8485132, 18.6875229], [100.8485252, 18.6876155], [100.8485683, 18.6876752], [100.8486995, 18.687768], [100.8487778, 18.6877816], [100.8490651, 18.687733], [100.8492303, 18.68767], [100.8492925, 18.687591], [100.8493269, 18.6874796], [100.8493199, 18.6870839], [100.8493488, 18.6868458], [100.8494035, 18.6865827], [100.8494876, 18.6863676], [100.8495294, 18.6863084], [100.8495947, 18.6862569], [100.8498551, 18.6861302], [100.850082, 18.6860692], [100.8502127, 18.6859895], [100.8502774, 18.6858857], [100.8503143, 18.6857507], [100.8503276, 18.685586], [100.850313, 18.6855039], [100.8502721, 18.685405], [100.8502276, 18.6853401], [100.8500896, 18.6852566], [100.8500244, 18.6851906], [100.850035, 18.685022], [100.8500689, 18.6849929], [100.8501767, 18.6849474], [100.8501842, 18.6848808], [100.8501439, 18.684846], [100.8498427, 18.6847848], [100.8497781, 18.6847175], [100.8497821, 18.6846245], [100.8498068, 18.6845892], [100.8498473, 18.6845696], [100.8499709, 18.684551], [100.8501444, 18.6845023], [100.850219, 18.6844284], [100.8503208, 18.6842066], [100.8504733, 18.6839843], [100.8505196, 18.683844], [100.8505466, 18.6836636], [100.8506873, 18.6832256], [100.8508471, 18.6831028], [100.8511777, 18.6829297], [100.8512576, 18.6828429], [100.8512944, 18.6827384], [100.851305, 18.6826183], [100.8512841, 18.6824397], [100.8512084, 18.6822548], [100.8510999, 18.6821088], [100.8508729, 18.6819774], [100.8507822, 18.6819421], [100.850606, 18.6818963], [100.8503921, 18.6818848], [100.8502378, 18.6819022], [100.8498281, 18.6820126], [100.8497352, 18.6819841], [100.8496415, 18.6818854], [100.8495518, 18.6817256], [100.8493038, 18.6814089], [100.8489654, 18.6807021], [100.8489049, 18.6806456], [100.8487266, 18.6805383], [100.8485726, 18.6805359], [100.8484809, 18.6804966], [100.8484394, 18.6804437], [100.8483585, 18.6802653], [100.8483131, 18.6802242], [100.8481357, 18.680178], [100.8478248, 18.6801578], [100.847704, 18.6801769], [100.8474376, 18.6802663], [100.8472656, 18.680268], [100.8470915, 18.6802331], [100.8469794, 18.6801867], [100.846843, 18.6800952], [100.8467886, 18.6800415], [100.8467329, 18.6799526], [100.846675, 18.6796534], [100.8465611, 18.6794236], [100.846516, 18.6792248], [100.8463338, 18.6790605], [100.8462514, 18.6789533], [100.8462517, 18.6789107], [100.8462811, 18.6788662], [100.8465196, 18.6786769], [100.8466534, 18.6786313], [100.846813, 18.6785982], [100.8468607, 18.6785694], [100.8469405, 18.6784413], [100.8469694, 18.6783072], [100.8469301, 18.6781122], [100.846848, 18.6779044], [100.8467408, 18.67779], [100.8465692, 18.677709], [100.8465193, 18.6776728], [100.8464913, 18.6776297], [100.8464735, 18.6775158], [100.8464624, 18.6771714], [100.8465003, 18.6770614], [100.8465185, 18.6769352], [100.8464959, 18.6766556], [100.8463889, 18.6764864], [100.8463511, 18.6763888], [100.8463237, 18.6761208], [100.846275, 18.6759137], [100.8462492, 18.6757198], [100.8462669, 18.6756098], [100.8463164, 18.6755751], [100.8464957, 18.6755913], [100.8466143, 18.675571], [100.8468456, 18.6754445], [100.8469324, 18.6753641], [100.8469633, 18.6752935], [100.8469886, 18.6751551], [100.8470309, 18.6751199], [100.8473198, 18.6750805], [100.8475028, 18.6749933], [100.8480169, 18.6748616], [100.8485183, 18.6747672], [100.8488006, 18.6747531], [100.8495062, 18.6747758], [100.8497355, 18.6748158], [100.8498775, 18.6748622], [100.8501838, 18.6749114], [100.850349, 18.6749268], [100.850517, 18.6749211], [100.8510639, 18.6748592], [100.8522841, 18.6745732], [100.8523381, 18.6745302], [100.8523447, 18.6742174], [100.8523733, 18.6741169], [100.8524409, 18.6740773], [100.852714, 18.6740286], [100.8527743, 18.6739997], [100.852887, 18.6737732], [100.8529627, 18.6735624], [100.853019, 18.6735064], [100.8530769, 18.6734823], [100.8534901, 18.6734581], [100.8537222, 18.673398], [100.8537517, 18.6733812], [100.8538005, 18.6733135], [100.8538774, 18.6730992], [100.8539277, 18.6730538], [100.8539868, 18.6730285], [100.8542701, 18.6730127], [100.8546986, 18.6730332], [100.8547999, 18.673011], [100.854854, 18.6729727], [100.8549076, 18.6728955], [100.8549377, 18.6728197], [100.8549597, 18.6726775], [100.8549591, 18.6723518], [100.8549752, 18.6722048], [100.8549916, 18.6721542], [100.8550467, 18.6721041], [100.8552892, 18.6720852], [100.8553569, 18.6720527], [100.8554711, 18.6719642], [100.8556009, 18.6719559], [100.8556495, 18.671979], [100.8556771, 18.6720118], [100.8557243, 18.6722579], [100.8558358, 18.6723807], [100.8558982, 18.6724213], [100.8559926, 18.6724534], [100.8562003, 18.6724349], [100.8562901, 18.6723832], [100.8563759, 18.6722986], [100.8564417, 18.6722051], [100.8565405, 18.6719919], [100.8566874, 18.6717387], [100.8568148, 18.6715837], [100.8568993, 18.6715269], [100.8570484, 18.6714779], [100.8572652, 18.6714506], [100.8574407, 18.6713929], [100.8577337, 18.6713592], [100.8581461, 18.6712405], [100.8584491, 18.6710389], [100.8586817, 18.6708381], [100.8587516, 18.6707982], [100.858866, 18.6707887], [100.8589073, 18.6708107], [100.8591179, 18.6711297], [100.8591344, 18.6711888], [100.8591458, 18.6714236], [100.8591581, 18.6714794], [100.859212, 18.6715767], [100.8593597, 18.6716675], [100.8594422, 18.6716947], [100.8596476, 18.6717131], [100.8597048, 18.6717659], [100.8597148, 18.6718568], [100.8596978, 18.6719566], [100.8596024, 18.6721719], [100.8595894, 18.6722348], [100.8595992, 18.6722997], [100.8596661, 18.6723835], [100.8598037, 18.6725056], [100.8599477, 18.6725778], [100.8601549, 18.6726212], [100.8603573, 18.6726366], [100.860596, 18.6728486], [100.8607424, 18.6729381], [100.8608176, 18.6729634], [100.8609588, 18.6729901], [100.8610723, 18.672976], [100.8611425, 18.6729515], [100.8612281, 18.6728878], [100.861405, 18.67265], [100.8615064, 18.672571], [100.8616218, 18.6725222], [100.8618266, 18.6725054], [100.8619181, 18.6725123], [100.8621401, 18.6726285], [100.8622384, 18.6726425], [100.8623584, 18.6726099], [100.8626671, 18.6724082], [100.862758, 18.6724046], [100.8628013, 18.6724308], [100.8629866, 18.6726119], [100.8632042, 18.6725968], [100.8633283, 18.6726058], [100.863408, 18.6726282], [100.8634629, 18.6726652], [100.8635022, 18.6727276], [100.8635159, 18.6727985], [100.8634907, 18.673205], [100.8635213, 18.6732631], [100.8635884, 18.6733113], [100.8639626, 18.6733826], [100.8642447, 18.6734145], [100.8647049, 18.6735204], [100.8648319, 18.6735934], [100.8649278, 18.6737445], [100.8649935, 18.6737776], [100.8651014, 18.6737817], [100.8652063, 18.6737111], [100.8652551, 18.6736977], [100.8655082, 18.6737857], [100.8656649, 18.6738249], [100.8658784, 18.6738184], [100.8660733, 18.673771], [100.8662052, 18.6737783], [100.8662464, 18.6738017], [100.8663949, 18.6740074], [100.8664563, 18.6740149], [100.8665412, 18.6739864], [100.8666484, 18.6739724], [100.8667475, 18.6739876], [100.8667886, 18.6740083], [100.8668954, 18.6741145], [100.8670164, 18.6742659], [100.8670947, 18.674413], [100.8671395, 18.6744645], [100.8672766, 18.6745314], [100.8674149, 18.6745495], [100.8676704, 18.6745437], [100.8677417, 18.6745154], [100.8678008, 18.6744677], [100.8678462, 18.6744055], [100.8678905, 18.6742787], [100.8679248, 18.6741031], [100.8679736, 18.6740644], [100.8681309, 18.6740152], [100.8681681, 18.6739737], [100.8681635, 18.6739048], [100.868061, 18.6737503], [100.868075, 18.6736892], [100.8685794, 18.6733606], [100.8687137, 18.6733265], [100.8687806, 18.6733599], [100.8688036, 18.6734376], [100.8688011, 18.6734827], [100.8687414, 18.6735469], [100.8685584, 18.6736206], [100.8685423, 18.6737], [100.8687064, 18.6740542], [100.8687435, 18.6741757], [100.8687863, 18.6741899], [100.8689718, 18.6740764], [100.8691596, 18.674023], [100.8692685, 18.6740308], [100.8693575, 18.6741009], [100.8694311, 18.6741304], [100.8696764, 18.674077], [100.8699181, 18.674355], [100.8699313, 18.6743994], [100.8699023, 18.6744487], [100.8698627, 18.6744505], [100.8697494, 18.6744168], [100.8696844, 18.67442], [100.8696026, 18.6744613], [100.8694826, 18.6745659], [100.8694398, 18.674618], [100.8693993, 18.6747131], [100.8693886, 18.6748089], [100.8694063, 18.6748951], [100.8694625, 18.6749029], [100.8695619, 18.6748626], [100.8696111, 18.6748629], [100.8696903, 18.6749206], [100.8698711, 18.6749668], [100.8699873, 18.6750575], [100.870021, 18.6750696], [100.8700887, 18.6750551], [100.870178, 18.6749997], [100.8702589, 18.6750036], [100.8703114, 18.6750755], [100.870369, 18.6752547], [100.8704084, 18.6753258], [100.870475, 18.6753858], [100.8705893, 18.6754442], [100.870928, 18.6757592], [100.8710287, 18.6758297], [100.871121, 18.6758515], [100.8712426, 18.6758471], [100.8713003, 18.6758238], [100.8713518, 18.6757539], [100.8713645, 18.6755718], [100.8713045, 18.6751717], [100.8713295, 18.6750686], [100.8713768, 18.6750313], [100.8714269, 18.6750449], [100.8715692, 18.6751723], [100.8716236, 18.6752563], [100.8716811, 18.6754225], [100.8717922, 18.6756033], [100.8718415, 18.6756483], [100.8720891, 18.6757938], [100.8721642, 18.6758639], [100.8722538, 18.6759932], [100.8723198, 18.6760222], [100.8724147, 18.6760014], [100.8724524, 18.6759648], [100.8724322, 18.6757046], [100.8723885, 18.6755024], [100.8723867, 18.6753409], [100.8724335, 18.6751905], [100.8724884, 18.6751537], [100.8725439, 18.6751696], [100.8726695, 18.6752656], [100.8727752, 18.6753088], [100.8728877, 18.6752976], [100.8730468, 18.6751908], [100.8731591, 18.6751652], [100.8732943, 18.675172], [100.8735774, 18.6752822], [100.8736094, 18.67536], [100.8736061, 18.6754578], [100.8734747, 18.675834], [100.8734843, 18.67588], [100.8735156, 18.6759078], [100.8735775, 18.6759], [100.8737381, 18.6757946], [100.8739516, 18.675755], [100.8740337, 18.6757239], [100.8741145, 18.675654], [100.8742107, 18.6755363], [100.874253, 18.6755337], [100.8743352, 18.6756489], [100.8743832, 18.6757514], [100.8744838, 18.6760984], [100.8744991, 18.6762167], [100.8744644, 18.6765482], [100.874367, 18.6768746], [100.8743647, 18.6770229], [100.8744009, 18.677092], [100.8744426, 18.6771235], [100.8746662, 18.6772207], [100.8748445, 18.6773165], [100.8748607, 18.6773483], [100.8748595, 18.6774271], [100.8747652, 18.6776214], [100.8747817, 18.6776907], [100.875012, 18.6778573], [100.8750857, 18.6778786], [100.8753465, 18.6779277], [100.8755094, 18.6779335], [100.8756578, 18.6779214], [100.8757261, 18.6778933], [100.8757411, 18.6778414], [100.8757305, 18.6777908], [100.8756413, 18.6776365], [100.8756374, 18.6775774], [100.8756555, 18.6775181], [100.8756982, 18.6774702], [100.87575, 18.6774486], [100.8759881, 18.6774367], [100.8760693, 18.6774665], [100.8762139, 18.6777195], [100.8762857, 18.6778001], [100.8764407, 18.6778946], [100.8765492, 18.6779896], [100.8766014, 18.678006], [100.876712, 18.6779859], [100.8770329, 18.6778307], [100.8774477, 18.6777002], [100.877679, 18.677587], [100.8778389, 18.6774649], [100.8780138, 18.6772337], [100.8781961, 18.6771152], [100.8783354, 18.6769757], [100.8785201, 18.6767095], [100.8790153, 18.6764712], [100.8791089, 18.6764488], [100.8791438, 18.6764699], [100.8791728, 18.6765104], [100.8792652, 18.6767506], [100.8793329, 18.6767849], [100.8793696, 18.6767807], [100.8796729, 18.6767174], [100.8798851, 18.6766433], [100.8802356, 18.6764185], [100.8805872, 18.6762859], [100.8806444, 18.6762162], [100.8808291, 18.6758641], [100.8810196, 18.6756473], [100.8810838, 18.6756013], [100.8811639, 18.6755732], [100.8812508, 18.6755655], [100.8813345, 18.6755854], [100.8819212, 18.6758387], [100.88227, 18.675894], [100.8824513, 18.6758977], [100.8828391, 18.6758641], [100.8831039, 18.6758684], [100.8833245, 18.6758074], [100.8835446, 18.6757084], [100.8836242, 18.6756903], [100.8837076, 18.675686], [100.8838312, 18.675709], [100.8839767, 18.6757524], [100.8841753, 18.6758807], [100.8843328, 18.6760296], [100.8843923, 18.6761455], [100.8844318, 18.6762651], [100.884511, 18.6763835], [100.884604, 18.6764529], [100.8846637, 18.6764699], [100.8847395, 18.6764692], [100.8848337, 18.6764526], [100.8848682, 18.6764249], [100.8851315, 18.6761291], [100.8852209, 18.67605], [100.8853413, 18.6759999], [100.8856029, 18.675925], [100.8856525, 18.6758935], [100.8857024, 18.6758283], [100.8857603, 18.6756928], [100.8857928, 18.6756593], [100.8858561, 18.6756371], [100.8862229, 18.6756198], [100.8863969, 18.6755946], [100.8864681, 18.6755391], [100.8865532, 18.6754425], [100.8867145, 18.6752005], [100.8868265, 18.6751251], [100.8869062, 18.6751009], [100.8870517, 18.6750936], [100.8875338, 18.6751219], [100.8875938, 18.6751118], [100.8876379, 18.675072], [100.8877067, 18.6748036], [100.8878593, 18.6745128], [100.8879119, 18.6744517], [100.8879834, 18.6744256], [100.8880675, 18.6744286], [100.8883189, 18.6745434], [100.8885473, 18.6746153], [100.8891594, 18.6746962], [100.8892459, 18.6747412], [100.8894238, 18.6748821], [100.889535, 18.67492], [100.8895986, 18.6749233], [100.8897377, 18.6748945], [100.8901912, 18.6747415], [100.890312, 18.6747305], [100.8904353, 18.6747488], [100.8905681, 18.6748436], [100.8906704, 18.6750552], [100.8907905, 18.6751595], [100.8909325, 18.6752128], [100.8911865, 18.6751848], [100.891327, 18.6750994], [100.8914058, 18.6750001], [100.8914722, 18.6748275], [100.8915107, 18.674603], [100.8915096, 18.6744988], [100.8914721, 18.6743246], [100.8914356, 18.6742363], [100.8912352, 18.6739204], [100.8912292, 18.6738684], [100.8912611, 18.6737873], [100.8913368, 18.6737084], [100.8917762, 18.6735967], [100.8918522, 18.6735507], [100.8919741, 18.6733654], [100.8921756, 18.6731306], [100.8923964, 18.6729894], [100.8925417, 18.6729427], [100.8927418, 18.672906], [100.8933615, 18.6729032], [100.8941021, 18.6729617], [100.8949784, 18.6730884], [100.8952337, 18.6730997], [100.895496, 18.6730866], [100.8957405, 18.673112], [100.8959744, 18.6731687], [100.896593, 18.6733952], [100.8967757, 18.673435], [100.8971332, 18.6734557], [100.8979019, 18.6734132], [100.8982657, 18.6733505], [100.8983566, 18.6733252], [100.8985376, 18.6732447], [100.8987884, 18.6730661], [100.8989284, 18.6729859], [100.8991461, 18.6728911], [100.8993013, 18.6728617], [100.8996555, 18.6728118], [100.9003734, 18.6728231], [100.9007487, 18.6728661], [100.901141, 18.6728111], [100.901702, 18.6726692], [100.901809, 18.6726554], [100.9020458, 18.6726615], [100.9021393, 18.6726435], [100.902246, 18.6725956], [100.9024055, 18.6724834], [100.9025731, 18.6723029], [100.902639, 18.6722044], [100.9029121, 18.6718739], [100.9029961, 18.6717922], [100.9031025, 18.671723], [100.9033202, 18.6716272], [100.9034315, 18.6716005], [100.9035336, 18.6715484], [100.9037198, 18.6714231], [100.9039189, 18.6712594], [100.904114, 18.6711382], [100.9042163, 18.6711032], [100.9047475, 18.671085], [100.9049972, 18.6710612], [100.9053046, 18.6709985], [100.9053935, 18.6709635], [100.9054866, 18.6708988], [100.905575, 18.670817], [100.9059794, 18.6702964], [100.9061373, 18.6700394], [100.9063122, 18.6696647], [100.906365, 18.6695876], [100.9064445, 18.6695144], [100.9066622, 18.6694186], [100.9067692, 18.6694047], [100.9071939, 18.6694557], [100.9073203, 18.6695199], [100.9073778, 18.6695736], [100.9074529, 18.6697005], [100.9075415, 18.6700157], [100.907652, 18.6702928], [100.907755, 18.6704049], [100.9078062, 18.6704367], [100.9079863, 18.6705354], [100.9082471, 18.6706117], [100.9086294, 18.6706097], [100.9088567, 18.6705481], [100.9089971, 18.6704731], [100.9090939, 18.6703661], [100.9092791, 18.6700824], [100.9094355, 18.6699192], [100.9096568, 18.6698326], [100.9097771, 18.6698134], [100.9100021, 18.6698102], [100.9101989, 18.6698423], [100.9103469, 18.6699003], [100.9106886, 18.6701096], [100.9109352, 18.670205], [100.9112419, 18.6701999], [100.9115525, 18.6701332], [100.9120519, 18.6699716], [100.9126567, 18.6699655], [100.9130784, 18.6700138], [100.9135982, 18.6700357], [100.9147404, 18.6699786], [100.9151666, 18.669912], [100.9154891, 18.6697747], [100.9156668, 18.6697226], [100.9162918, 18.6696827], [100.9164647, 18.6696498], [100.9167136, 18.6695881], [100.9170112, 18.6694488], [100.917224, 18.6693147], [100.9174985, 18.6691077], [100.9182264, 18.6687172], [100.9184343, 18.6685449], [100.9185198, 18.6684452], [100.9186334, 18.6682649], [100.9187694, 18.668628], [100.9188274, 18.6688458], [100.9188501, 18.669011], [100.9188451, 18.6691832], [100.9188124, 18.6693622], [100.9188006, 18.6695476], [100.9188604, 18.6699309], [100.9188619, 18.6700632], [100.9188356, 18.6701959], [100.9187746, 18.6703222], [100.9181581, 18.6710764], [100.9173959, 18.6718387], [100.9172936, 18.6720052], [100.9171445, 18.6723376], [100.9170352, 18.672491], [100.9169045, 18.6726048], [100.9158268, 18.6730989], [100.9156475, 18.6732067], [100.9155515, 18.6733202], [100.9155182, 18.6734462], [100.9154617, 18.6739829], [100.9154291, 18.6741686], [100.9153684, 18.674328], [100.915273, 18.6744878], [100.9143517, 18.6753113], [100.9142906, 18.675431], [100.914271, 18.6755438], [100.9142861, 18.6756495], [100.91435, 18.6757746], [100.9146037, 18.6761095], [100.914788, 18.6764452], [100.9148244, 18.6765904], [100.914819, 18.6767295], [100.9147859, 18.6768754], [100.9145892, 18.6772944], [100.9145293, 18.67752], [100.9145181, 18.6777584], [100.9145349, 18.6780163], [100.9145857, 18.6782144], [100.9147777, 18.6786161], [100.9149967, 18.6789514], [100.9152079, 18.6792008], [100.9154677, 18.6794562], [100.9157271, 18.679672], [100.9159159, 18.6797892], [100.9161669, 18.6798793], [100.9164245, 18.6799362], [100.9167164, 18.6799597], [100.9171676, 18.6799485], [100.9177929, 18.6799685], [100.9181547, 18.680031], [100.9183849, 18.680128], [100.9186227, 18.6802711], [100.9187912, 18.6804349], [100.9188901, 18.6805861], [100.918941, 18.6807907], [100.9190035, 18.6814122], [100.9190472, 18.6815905], [100.9191114, 18.681742], [100.9192031, 18.6818668], [100.9197159, 18.6823844], [100.9198289, 18.6825554], [100.9198867, 18.6827533], [100.9199028, 18.6829451], [100.9198117, 18.6834953], [100.9198279, 18.6836937], [100.9199513, 18.6841756], [100.9199817, 18.6844003], [100.9199638, 18.6846652], [100.9198012, 18.6856398], [100.9197762, 18.6858915], [100.9197992, 18.6860766], [100.9198354, 18.6862086], [100.919942, 18.6864259], [100.920029, 18.6867559], [100.9200527, 18.6870072], [100.9200555, 18.6872587], [100.9199267, 18.6881468], [100.9199023, 18.6884515], [100.9199191, 18.6887095], [100.9199844, 18.6889537], [100.9203846, 18.6899556], [100.9205, 18.6901377], [100.9208079, 18.6905087], [100.9208916, 18.6906985], [100.9209308, 18.6908957], [100.9209035, 18.6911007], [100.9207911, 18.6916384], [100.9208006, 18.6918289], [100.9209405, 18.6924064], [100.9209732, 18.6926813], [100.9209613, 18.6929427], [100.9208981, 18.6932469], [100.9206977, 18.6938702], [100.9206483, 18.6940895], [100.9206214, 18.6943298], [100.9206384, 18.6945273], [100.9207006, 18.6947808], [100.9207842, 18.6949706], [100.9209268, 18.6951385], [100.9213606, 18.6955012], [100.9217491, 18.6957937], [100.9226177, 18.6966178], [100.9228935, 18.6967633], [100.9232129, 18.6968376], [100.9235611, 18.6968411], [100.9239309, 18.6967879], [100.9242111, 18.6966721], [100.9248216, 18.6962846], [100.9250132, 18.6961979], [100.9252423, 18.6961462], [100.9254497, 18.696144], [100.925739, 18.6961834], [100.9263554, 18.6963183], [100.9267116, 18.6963711], [100.927645, 18.6963685], [100.9279489, 18.6963866], [100.9283198, 18.6964322], [100.929255, 18.696592], [100.9299821, 18.6966904], [100.9322001, 18.69695], [100.9328162, 18.6970636], [100.9332767, 18.6971648], [100.9336782, 18.6973018], [100.9340283, 18.6974676], [100.9343492, 18.6976761], [100.9347307, 18.6979969], [100.9354829, 18.6989986], [100.935941, 18.6995516], [100.9361811, 18.6998174], [100.936451, 18.700097], [100.9376563, 18.7011999], [100.9379038, 18.7014727], [100.9380844, 18.7017179], [100.9382131, 18.7019566], [100.9386156, 18.7028207], [100.9387135, 18.702968], [100.9388482, 18.7030795], [100.9390638, 18.7031479], [100.939301, 18.7031596], [100.9399527, 18.7031458], [100.940242, 18.7031781], [100.9404647, 18.7032181], [100.9407027, 18.7032933], [100.9410079, 18.7034243], [100.9412766, 18.703598], [100.9415008, 18.7037721], [100.9417164, 18.7039967], [100.9418987, 18.7042339], [100.9420652, 18.7045428], [100.9422559, 18.7050209], [100.9425677, 18.7057307], [100.942673, 18.7058708], [100.9427776, 18.7059473], [100.942919, 18.7060024], [100.9440413, 18.7061548], [100.9443236, 18.7062225], [100.9445022, 18.7062983], [100.9446369, 18.7064169], [100.9447349, 18.7065571], [100.9448272, 18.7068597], [100.9448261, 18.7074103], [100.9448468, 18.7079255], [100.9448811, 18.7083346], [100.9449456, 18.7088365], [100.9449891, 18.7089899], [100.9450581, 18.7091033], [100.9451579, 18.7091816], [100.9453149, 18.7092495], [100.9464861, 18.7095259], [100.947258, 18.7096816], [100.948048, 18.7098597], [100.9485592, 18.7100068], [100.9488152, 18.7101114], [100.9490058, 18.7102307], [100.949126, 18.7103566], [100.9493906, 18.7106925], [100.9498345, 18.7111734], [100.9500137, 18.7113014], [100.9502102, 18.7113897], [100.9509836, 18.7116695], [100.9511624, 18.7117636], [100.9513122, 18.7119032], [100.9515586, 18.7122111], [100.9517515, 18.712497], [100.9519819, 18.7129632], [100.9520967, 18.7131539], [100.952205, 18.7132996], [100.9523429, 18.7134393], [100.9526893, 18.7136784], [100.9528449, 18.7138179], [100.952971, 18.7139634], [100.9530497, 18.714115], [100.953123, 18.7143005], [100.9533191, 18.7148687], [100.9534166, 18.7151047], [100.9538456, 18.7158342], [100.9542017, 18.7163568], [100.9538873, 18.7166712], [100.9536003, 18.7169899], [100.9535141, 18.7171389], [100.9534885, 18.717268], [100.9535034, 18.7173838], [100.9535521, 18.7175057], [100.9536963, 18.7176975], [100.9538875, 18.717863], [100.9540653, 18.7180415], [100.9542987, 18.7183483], [100.9543751, 18.7185214], [100.9544039, 18.7186757], [100.9543785, 18.7188177], [100.9543058, 18.7189666], [100.9542127, 18.7190964], [100.9534371, 18.7198518], [100.9532634, 18.720034], [100.9531824, 18.720165], [100.9531568, 18.7202876], [100.9531717, 18.7204099], [100.953466, 18.7209531], [100.9534946, 18.7210945], [100.9534893, 18.721217], [100.9534506, 18.7213784], [100.9533047, 18.7216312], [100.9531782, 18.7218], [100.9525908, 18.7224567], [100.952458, 18.7226643], [100.9523524, 18.7228908], [100.952301, 18.7231233], [100.9522836, 18.7233747], [100.9522873, 18.7236968], [100.9522619, 18.7238452], [100.9522092, 18.7239617], [100.9521223, 18.7240528], [100.9519746, 18.7241381], [100.9516244, 18.7242641], [100.9514778, 18.7243307], [100.9513762, 18.7244297], [100.9513232, 18.7245282], [100.9513083, 18.7246417], [100.9513066, 18.7249664], [100.9512829, 18.7252552], [100.951252, 18.7253947], [100.9511189, 18.7255816], [100.9509953, 18.7256499], [100.9508284, 18.7257135], [100.9498417, 18.7258687], [100.9495519, 18.7259555], [100.9491547, 18.7261013], [100.948832, 18.7262593], [100.9485906, 18.7264357], [100.9484302, 18.7265985], [100.9483307, 18.726767], [100.9482654, 18.7269674], [100.9481064, 18.7278451], [100.9480545, 18.7280325], [100.947963, 18.7283105], [100.947805, 18.7286793], [100.9476876, 18.7290541], [100.9476362, 18.729293], [100.9476324, 18.7295508], [100.9476689, 18.7297887], [100.9477527, 18.7300198], [100.9480494, 18.7305385], [100.9482213, 18.7307879], [100.948502, 18.7310942], [100.9487343, 18.7313044], [100.9489663, 18.7314888], [100.9492318, 18.7316406], [100.9495513, 18.7317919], [100.9499793, 18.7319678], [100.9503396, 18.732138], [100.9506324, 18.7323218], [100.9507695, 18.7324814], [100.9510669, 18.7330581], [100.9512385, 18.7332882], [100.9516002, 18.7335807], [100.9518112, 18.7336945], [100.9520896, 18.7338011], [100.9523469, 18.7338306], [100.9532458, 18.7337955], [100.9534827, 18.7338252], [100.9536726, 18.7338748], [100.9538224, 18.7339634], [100.9539657, 18.7340779], [100.9540892, 18.7342312], [100.9541657, 18.7344172], [100.9542898, 18.7346285], [100.9544271, 18.734801], [100.9550209, 18.7352908], [100.9551582, 18.7354633], [100.9552483, 18.7356621], [100.955298, 18.7358677], [100.9553214, 18.736138], [100.9553309, 18.7363763], [100.95532, 18.7366019], [100.9552955, 18.7368211], [100.9552375, 18.7370665], [100.955146, 18.7373445], [100.9550366, 18.7378223], [100.9550322, 18.738035], [100.955068, 18.7382021], [100.9551374, 18.7383624], [100.9552744, 18.7385091], [100.9555608, 18.7387187], [100.9561946, 18.7391566], [100.9566099, 18.7394035], [100.9572098, 18.7398224], [100.9574692, 18.7400323], [100.9576061, 18.740179], [100.9576959, 18.7403455], [100.9577319, 18.740532], [100.9577204, 18.7407125], [100.9576887, 18.7408932], [100.9573983, 18.7415082], [100.9573083, 18.741915], [100.9572904, 18.7421213], [100.9575798, 18.7437674], [100.9576037, 18.7440764], [100.9575934, 18.7443535], [100.9575425, 18.7446375], [100.9573857, 18.7451094], [100.9572665, 18.7453297], [100.9571201, 18.7455309], [100.956519, 18.7461814], [100.9562462, 18.7465643], [100.9560334, 18.7468822], [100.9558212, 18.7472452], [100.9556699, 18.7476075], [100.9555859, 18.7479433], [100.9554872, 18.7487754], [100.9554849, 18.7491619], [100.9555095, 18.7495353], [100.9555597, 18.7497796], [100.9556427, 18.7499398], [100.9557791, 18.7500478], [100.955956, 18.7501362], [100.9563559, 18.7502157], [100.9569043, 18.7502809], [100.9572838, 18.7503478], [100.9575146, 18.7504291], [100.9576579, 18.7505371], [100.9577476, 18.7506908], [100.9578175, 18.7508897], [100.9579709, 18.7524664], [100.9580567, 18.7528649], [100.9581697, 18.7532824], [100.9583235, 18.7537189], [100.9584479, 18.7539495], [100.9586051, 18.754096], [100.9588362, 18.7542031], [100.9592842, 18.7543466], [100.9596843, 18.7544454], [100.9600781, 18.754583], [100.9603571, 18.7547347], [100.9605212, 18.7548876], [100.9606585, 18.7550665], [100.9607758, 18.755265], [100.9608935, 18.7555086], [100.9611194, 18.7563243], [100.9612236, 18.756568], [100.9613064, 18.7567089], [100.9616488, 18.7570789], [100.9618683, 18.7573472], [100.9619862, 18.7576036], [100.9621145, 18.7581756], [100.9621515, 18.7584458], [100.9621858, 18.7590767], [100.9621564, 18.7594571], [100.9621189, 18.7597216], [100.9619101, 18.7603809], [100.9617236, 18.7612074], [100.9616872, 18.761575], [100.9616717, 18.7619874], [100.9617041, 18.7624445], [100.9617562, 18.7628562], [100.9618418, 18.7632418], [100.9619676, 18.7635948], [100.9621333, 18.7638894], [100.9623323, 18.7641385], [100.9626131, 18.7644448], [100.9629156, 18.7648732], [100.9630611, 18.7651745], [100.9631389, 18.76547], [100.9631428, 18.7658049], [100.962991, 18.7667148], [100.9630002, 18.7669209], [100.9630854, 18.7672678], [100.9631007, 18.7674223], [100.963075, 18.7675449], [100.9630221, 18.7676486], [100.9624129, 18.7681832], [100.962246, 18.7683718], [100.9621534, 18.7685531], [100.9621014, 18.768734], [100.9620966, 18.7689016], [100.9621125, 18.7691075], [100.9621854, 18.7695642], [100.9621463, 18.7702732], [100.962149, 18.7705051], [100.9621786, 18.7707302], [100.9622356, 18.7709808], [100.9624596, 18.7716291], [100.9625169, 18.7719055], [100.9625404, 18.7721823], [100.9625262, 18.7727107], [100.9625497, 18.7729874], [100.9626127, 18.7731736], [100.9627163, 18.7733593], [100.963811, 18.7747449], [100.9639755, 18.7750733], [100.9641251, 18.775579], [100.9642992, 18.7760201], [100.9644976, 18.7763562], [100.9646952, 18.7766279], [100.9650634, 18.7770347], [100.9654649, 18.7773928], [100.9656789, 18.7776241], [100.965808, 18.777816], [100.9659287, 18.7780241], [100.9661734, 18.778706], [100.9663119, 18.7789863], [100.9665002, 18.7791857], [100.9667134, 18.7793445], [100.9669175, 18.7794551], [100.9672822, 18.7795559], [100.9686381, 18.7798315], [100.9690796, 18.7799959], [100.9693605, 18.7801621], [100.9695234, 18.7803536], [100.9696023, 18.7805943], [100.969692, 18.7810443], [100.9699124, 18.781815], [100.9699497, 18.7821206], [100.9699363, 18.7824187], [100.9698389, 18.782766], [100.9696982, 18.7830251], [100.9692423, 18.7836621], [100.9691568, 18.7838755], [100.969119, 18.7841143], [100.9690784, 18.784688], [100.9690269, 18.7849141], [100.9689276, 18.7851019], [100.968547, 18.7855247], [100.9681279, 18.7861282], [100.9680024, 18.7863872], [100.9679644, 18.7866066], [100.9679938, 18.7868124], [100.9680704, 18.7869984], [100.9683588, 18.7873755], [100.968577, 18.7875278], [100.9688013, 18.7876156], [100.9697365, 18.7877797], [100.970157, 18.7878718], [100.9704489, 18.7879654], [100.9709586, 18.788179], [100.9713593, 18.7883165], [100.9717255, 18.7884028], [100.972152, 18.788437], [100.972497, 18.7884398], [100.973061, 18.7884724], [100.9735399, 18.7885679], [100.9743132, 18.7888641], [100.9738296, 18.7892395], [100.9736769, 18.7893831], [100.9735508, 18.7895315], [100.9735042, 18.7896436], [100.9734896, 18.7897604], [100.973523, 18.7898868], [100.9735934, 18.7899875], [100.9737008, 18.7900675], [100.9741073, 18.7902255], [100.9742413, 18.7903001], [100.974349, 18.7904004], [100.9744194, 18.7905011], [100.9746061, 18.790986], [100.974715, 18.7911928], [100.9748882, 18.7914293], [100.9750766, 18.7916048], [100.9757861, 18.7921754], [100.9758673, 18.7922862], [100.9759166, 18.7924074], [100.9759028, 18.7925901], [100.975872, 18.7926868], [100.9756787, 18.7930083], [100.9756167, 18.7931713], [100.9755866, 18.7933288], [100.9756081, 18.7938002], [100.9756472, 18.79411], [100.9758143, 18.7950481], [100.9758464, 18.7953656], [100.9758353, 18.7956295], [100.9757886, 18.7958869], [100.9757131, 18.7961108], [100.9753666, 18.796838], [100.9753256, 18.7969757], [100.9753384, 18.7971], [100.9753854, 18.7972294], [100.9754715, 18.7973096], [100.9760362, 18.7975146], [100.9761563, 18.7975782], [100.9762141, 18.7976642], [100.9762208, 18.7977561], [100.9762108, 18.7978752], [100.9761194, 18.7983143], [100.9761373, 18.7983899], [100.9761833, 18.7984381], [100.9762633, 18.7984805], [100.9768719, 18.7985498], [100.9771218, 18.7985471], [100.9773316, 18.7985179], [100.9777847, 18.7984049], [100.9779835, 18.7984028], [100.9781826, 18.7984277], [100.978371, 18.7985069], [100.9785658, 18.7986563], [100.9786868, 18.798801], [100.9787452, 18.7989356], [100.978747, 18.7990925], [100.9787264, 18.7992712], [100.9786717, 18.7994558], [100.978572, 18.7996678], [100.9783882, 18.7999781], [100.9781871, 18.8002669], [100.9779459, 18.8005345], [100.9777546, 18.800688], [100.9775007, 18.8008368], [100.977156, 18.8009865], [100.9766025, 18.8012574], [100.9762639, 18.8014503], [100.9758246, 18.8017688], [100.9755999, 18.8019875], [100.9752753, 18.8023967], [100.9751366, 18.8026794], [100.9751101, 18.8028474], [100.9751404, 18.8030094], [100.9752109, 18.8032088], [100.9753667, 18.8034181], [100.9756193, 18.8036426], [100.9759571, 18.8038771], [100.9762546, 18.8040579], [100.9764943, 18.8041527], [100.9767333, 18.804188], [100.9769321, 18.8041913], [100.9770794, 18.8041573], [100.977232, 18.8040854], [100.9774572, 18.8039153], [100.9779463, 18.8034827], [100.9781323, 18.8033564], [100.9782678, 18.80329], [100.9785849, 18.8032055], [100.9789491, 18.8032557], [100.9794624, 18.8034396], [100.9798622, 18.8036247], [100.9800512, 18.8037579], [100.9801437, 18.8038922], [100.9801795, 18.8040379], [100.980157, 18.8045412], [100.9801047, 18.8049313], [100.9800852, 18.8052019], [100.9801047, 18.8054181], [100.9801577, 18.8055744], [100.9802443, 18.8056979], [100.9803991, 18.8058153], [100.9806281, 18.8059697], [100.9812226, 18.8062934], [100.9813373, 18.8063842], [100.9814066, 18.8064808], [100.9814249, 18.8065888], [100.9813836, 18.8069409], [100.9813915, 18.8071301], [100.9814437, 18.8072215], [100.9815125, 18.8072749], [100.9816094, 18.8073063], [100.9822922, 18.8074072], [100.9824405, 18.8074543], [100.9825322, 18.8075237], [100.9825959, 18.8076258], [100.9826256, 18.8077445], [100.9826115, 18.8079881], [100.9825622, 18.8081455], [100.9821747, 18.8090151], [100.9821594, 18.8091613], [100.9822079, 18.8094205], [100.9823245, 18.8096789], [100.9824871, 18.8099801], [100.9826137, 18.810114], [100.9827452, 18.8101938], [100.9833045, 18.8104096], [100.9834246, 18.8104841], [100.9834767, 18.8105701], [100.9834893, 18.8106727], [100.9834619, 18.8107595], [100.9834061, 18.8108467], [100.9833163, 18.8109342], [100.9831698, 18.8110331], [100.9828254, 18.8112207], [100.9825661, 18.8113858], [100.9824142, 18.8115172], [100.9823137, 18.8116643], [100.9822701, 18.8118217], [100.9822721, 18.8119948], [100.9823019, 18.8121134], [100.9823775, 18.8122587], [100.9824696, 18.8123605], [100.9826182, 18.8124401], [100.9829431, 18.812534], [100.9834381, 18.8126045], [100.984018, 18.8126416], [100.9842171, 18.8126719], [100.9843311, 18.8127032], [100.9844168, 18.8127455], [100.9844746, 18.8128314], [100.9845043, 18.8129393], [100.9845033, 18.8130372], [100.9844642, 18.8133369], [100.9844606, 18.8134891], [100.9845112, 18.8137118], [100.9846357, 18.8138779], [100.9846579, 18.8139588], [100.9846589, 18.8140451], [100.9846334, 18.8141367], [100.984314, 18.8146169], [100.984294, 18.8147287], [100.9843009, 18.8148555], [100.9843393, 18.8149566], [100.9844693, 18.8151378], [100.9847122, 18.8154041], [100.9847559, 18.8155], [100.9847784, 18.8156013], [100.9847485, 18.8157741], [100.9846706, 18.8159474], [100.9844504, 18.816249], [100.9840875, 18.8166486], [100.9840462, 18.8167607], [100.9840525, 18.8168418], [100.9840904, 18.8168972], [100.9841549, 18.8169421], [100.9847175, 18.8172152], [100.9847875, 18.8172854], [100.9848151, 18.8173613], [100.9848161, 18.8174475], [100.9847906, 18.8175442], [100.9845866, 18.817871], [100.9844564, 18.818121], [100.9843583, 18.8183858], [100.9843179, 18.818579], [100.9842952, 18.8189141], [100.9842648, 18.8190463], [100.9841867, 18.8192044], [100.9839018, 18.8194408], [100.9838283, 18.8195329], [100.9836949, 18.8199706], [100.983638, 18.8201082], [100.9831824, 18.8207827], [100.9831411, 18.8208948], [100.9831422, 18.8209912], [100.983175, 18.8210618], [100.9832505, 18.8211371], [100.9835672, 18.8213468], [100.9836749, 18.8214421], [100.9837343, 18.8215125], [100.9838054, 18.8216639], [100.9838868, 18.8217949], [100.9839624, 18.8218753], [100.9840644, 18.8219402], [100.9845457, 18.8220974], [100.9847171, 18.8221767], [100.9848408, 18.8222718], [100.9849217, 18.8223572], [100.9850525, 18.8226095], [100.9851962, 18.8230493], [100.9853552, 18.8234332], [100.9853996, 18.8235849], [100.9854123, 18.8237572], [100.9853928, 18.8239147], [100.9853468, 18.8240826], [100.9851445, 18.8245464], [100.9850933, 18.8247195], [100.9850789, 18.8248617], [100.9851749, 18.8253223], [100.9851715, 18.8254847], [100.9851373, 18.8257488], [100.9850757, 18.8259474], [100.984883, 18.8263248], [100.984847, 18.8264317], [100.9848374, 18.8265232], [100.9850566, 18.8270383], [100.9850845, 18.8271496], [100.9850858, 18.8272561], [100.9850603, 18.8273528], [100.9850027, 18.8274447], [100.9849394, 18.8274961], [100.9847858, 18.8275739], [100.9844249, 18.8276893], [100.9843031, 18.8277515], [100.9842188, 18.8278386], [100.9841719, 18.8279254], [100.9840188, 18.8285003], [100.9839667, 18.8286023], [100.9838986, 18.8286943], [100.983809, 18.8287765], [100.9836979, 18.8288487], [100.9834113, 18.828943], [100.98312, 18.8290882], [100.9829617, 18.8292167], [100.9828516, 18.8293701], [100.9827736, 18.8295332], [100.982728, 18.8297366], [100.9826514, 18.830468], [100.982639, 18.8307776], [100.9826479, 18.8310819], [100.9826946, 18.8314264], [100.982702, 18.8316038], [100.9826824, 18.8317512], [100.9826363, 18.8319089], [100.9825635, 18.8320619], [100.9822378, 18.832456], [100.9821806, 18.8325733], [100.9821607, 18.8327003], [100.982194, 18.8328116], [100.9822535, 18.8328871], [100.9823717, 18.832972], [100.9828482, 18.8331699], [100.983127, 18.8333141], [100.9833849, 18.833499], [100.9835145, 18.8336498], [100.9835749, 18.8337963], [100.9836088, 18.8339634], [100.9835897, 18.8346079], [100.9835598, 18.8347807], [100.9834975, 18.8349183], [100.9834035, 18.8350816], [100.9832827, 18.8352351], [100.9832306, 18.8353371], [100.9832053, 18.835449], [100.9832331, 18.8355502], [100.9832766, 18.8356208], [100.9833627, 18.8356909], [100.9841882, 18.8361133], [100.9845316, 18.8363176], [100.9846661, 18.8364329], [100.9847473, 18.8365436], [100.9847751, 18.8366397], [100.984771, 18.8367463], [100.9847403, 18.8368532], [100.9846357, 18.8370217], [100.9844047, 18.8373083], [100.9841583, 18.8376508], [100.9840805, 18.8378342], [100.9840661, 18.8379663], [100.984073, 18.8381032], [100.9841074, 18.8383108], [100.9841149, 18.8384985], [100.9841046, 18.8389805], [100.984055, 18.8392905], [100.9840091, 18.8394635], [100.9839521, 18.8396061], [100.9838317, 18.8397901], [100.9837002, 18.8399335], [100.9831936, 18.8403498], [100.9830626, 18.8405389], [100.9829798, 18.8407478], [100.9828983, 18.8410632], [100.9828209, 18.8412771], [100.9827327, 18.8414861], [100.9826337, 18.8416697], [100.9825821, 18.8418174], [100.9825729, 18.8419443], [100.98259, 18.8420355], [100.9828033, 18.8424999], [100.9828373, 18.8426771], [100.9828084, 18.8429362], [100.9826738, 18.8432775], [100.9826226, 18.8434505], [100.9826192, 18.843618], [100.9826422, 18.8437598], [100.9827076, 18.8438859], [100.9828703, 18.8441226], [100.9829466, 18.844274], [100.98298, 18.8443954], [100.9829996, 18.8446996], [100.9830383, 18.8448159], [100.983114, 18.8449114], [100.983232, 18.8449812], [100.9834943, 18.8450799], [100.9838104, 18.8452287], [100.9839232, 18.8453036], [100.9839934, 18.845384], [100.9840373, 18.8454901], [100.9840387, 18.8456169], [100.9840142, 18.8457998], [100.9838328, 18.8466794], [100.9837784, 18.8470402], [100.9837549, 18.8473042], [100.9837577, 18.8475426], [100.9837873, 18.8479245], [100.9828417, 18.8482556], [100.9824176, 18.8484462], [100.9822765, 18.8485379], [100.9819896, 18.8488116], [100.9818145, 18.8490277], [100.9810278, 18.8501129], [100.9806657, 18.8505509], [100.9804082, 18.8508073], [100.9800561, 18.8510817], [100.9793396, 18.8515911], [100.9789221, 18.8518436], [100.9778327, 18.8523683], [100.9775562, 18.8525234], [100.9765928, 18.8531877], [100.9764689, 18.8532285], [100.9763445, 18.8532242], [100.9761724, 18.8531921], [100.9751252, 18.8527691], [100.9748819, 18.8527266], [100.9747812, 18.8527277], [100.9746572, 18.8527572], [100.9744863, 18.8528267], [100.9728863, 18.8537457], [100.9722335, 18.8541416], [100.9720215, 18.8542397], [100.9712132, 18.854502], [100.9710721, 18.8545824], [100.9709724, 18.8546681], [100.9709144, 18.8547758], [100.9708803, 18.8548946], [100.9708369, 18.855239], [100.9707629, 18.8554934], [100.9706998, 18.8556689], [100.9705781, 18.8558957], [100.9701172, 18.8564926], [100.9699128, 18.8567315], [100.9697965, 18.8569188], [100.9695481, 18.8574514], [100.9694025, 18.8576672], [100.9692154, 18.8578722], [100.968987, 18.8580888], [100.9687814, 18.8582376], [100.9682523, 18.8585702], [100.9680825, 18.8587355], [100.9679485, 18.858923], [100.9678386, 18.859144], [100.9677464, 18.8593705], [100.9676213, 18.8598116], [100.9675633, 18.8599193], [100.967493, 18.8599821], [100.9673694, 18.8600454], [100.9670505, 18.8601277], [100.9669082, 18.8601067], [100.9668068, 18.8600514], [100.9667229, 18.8599677], [100.9664342, 18.8595817], [100.966153, 18.8593366], [100.9660756, 18.8593036], [100.9658979, 18.8592999], [100.9652424, 18.859459], [100.9650949, 18.8595057], [100.9649654, 18.8595747], [100.964866, 18.8596829], [100.9647964, 18.8598076], [100.9647042, 18.8600285], [100.9646111, 18.8601761], [100.9644586, 18.8603017], [100.9642762, 18.8603995], [100.9640049, 18.8604982], [100.9636801, 18.8605749], [100.9633962, 18.8606061], [100.9630998, 18.8605867], [100.9620972, 18.8604337], [100.9614275, 18.8603901], [100.9609361, 18.8604065], [100.96041, 18.860491], [100.9600262, 18.8605909], [100.9596432, 18.8607584], [100.9587931, 18.8611874], [100.9581521, 18.8614828], [100.9579869, 18.8615297], [100.9578212, 18.8615404], [100.9576882, 18.8615148], [100.9575406, 18.8614532], [100.9573879, 18.8613555], [100.9571533, 18.861146], [100.956771, 18.8608614], [100.9565895, 18.860737], [100.9563082, 18.8605866], [100.9560276, 18.8604903], [100.9557615, 18.86043], [100.9555434, 18.8604142], [100.9553919, 18.8604248], [100.9552361, 18.8604716], [100.9546755, 18.8607436], [100.9545811, 18.8607761], [100.9544818, 18.8607907], [100.9542301, 18.8607437], [100.954107, 18.860745], [100.9531736, 18.8611563], [100.9529193, 18.8612852], [100.9522639, 18.8615627], [100.9521035, 18.8616185], [100.9519284, 18.8616339], [100.9517669, 18.861604], [100.9516477, 18.8615376], [100.9514945, 18.8613994], [100.9512347, 18.8610593], [100.9507963, 18.8604325], [100.9505177, 18.8601016], [100.9500972, 18.8597903], [100.9498685, 18.8596754], [100.9496212, 18.8595968], [100.9494076, 18.8595675], [100.9491423, 18.8595657], [100.9488346, 18.8595915], [100.9485462, 18.8596441], [100.9480552, 18.8597936], [100.9478424, 18.8598274], [100.9476387, 18.8598296], [100.9474394, 18.8598001], [100.9470633, 18.8596461], [100.946826, 18.8596035], [100.9467218, 18.8596091], [100.9463059, 18.8596946], [100.9461543, 18.8597007], [100.9458886, 18.8596629], [100.9457653, 18.8596597], [100.9456756, 18.8596877], [100.9456145, 18.8597289], [100.9455725, 18.8597835], [100.9455543, 18.8598468], [100.9455743, 18.8599368], [100.945916, 18.8604024], [100.9459888, 18.8605459], [100.9460202, 18.8608072], [100.9459697, 18.8609476], [100.9458156, 18.8611386], [100.9453138, 18.8615859], [100.9452111, 18.8617223], [100.9451279, 18.8619036], [100.9450489, 18.8620352], [100.94495, 18.8620904], [100.944794, 18.8621191], [100.9446471, 18.8621161], [100.9445189, 18.8620904], [100.9443758, 18.8620107], [100.9442229, 18.8618995], [100.9438731, 18.8615513], [100.9436484, 18.8613778], [100.9434434, 18.8612717], [100.9432056, 18.8611885], [100.9430065, 18.861177], [100.9428503, 18.8611922], [100.9427137, 18.8612612], [100.942606, 18.8613706], [100.9424941, 18.8615297], [100.9423921, 18.8617247], [100.9423358, 18.8617749], [100.9422508, 18.8617983], [100.9416764, 18.8616961], [100.9413348, 18.861659], [100.9411452, 18.861652], [100.9409939, 18.8616761], [100.9408572, 18.8617362], [100.9407539, 18.8618184], [100.940651, 18.8619323], [100.9398971, 18.8631174], [100.9398315, 18.8631857], [100.9397515, 18.8632272], [100.9396521, 18.8632372], [100.9395144, 18.8632161], [100.939286, 18.8631283], [100.9377189, 18.8624049], [100.9375433, 18.8623751], [100.9373726, 18.8623679], [100.9368137, 18.8623827], [100.9364154, 18.8623553], [100.9361829, 18.8623216], [100.9357932, 18.8622219], [100.9356218, 18.862147], [100.9353739, 18.8620135], [100.9323456, 18.8607039], [100.9318622, 18.8604142], [100.9317281, 18.8602893], [100.9316762, 18.8601756], [100.9316496, 18.8600556], [100.9316477, 18.8598872], [100.931687, 18.8594598], [100.9317072, 18.8590206], [100.9316986, 18.8588162], [100.9316259, 18.8585343], [100.9315219, 18.8582828], [100.9313418, 18.858002], [100.9310923, 18.8577279], [100.9307864, 18.8574905], [100.930551, 18.8573468], [100.9302309, 18.8571962], [100.9299923, 18.8571024], [100.9296235, 18.8571111], [100.9295069, 18.8570834], [100.9289588, 18.8568774], [100.9288223, 18.8568692], [100.9284084, 18.8569168], [100.9276486, 18.85709], [100.9272329, 18.8572026], [100.9260125, 18.8574684], [100.9254145, 18.8573456], [100.9245321, 18.8571283], [100.923984, 18.8570284], [100.922825, 18.8568819], [100.9220632, 18.8568143], [100.9216747, 18.8568107], [100.9211997, 18.8568609], [100.9206779, 18.856987], [100.9202279, 18.8571426], [100.9197865, 18.857366], [100.9193301, 18.8576651], [100.9190393, 18.8578794], [100.9188267, 18.8580099], [100.9185738, 18.8580728], [100.9182173, 18.8580916], [100.9176383, 18.8580674], [100.9173613, 18.8581004], [100.9171162, 18.8581633], [100.9168874, 18.8582562], [100.9166592, 18.858402], [100.9163692, 18.8586993], [100.915697, 18.8595364], [100.9151234, 18.85998], [100.9140672, 18.8605191], [100.9134685, 18.8608498], [100.913074, 18.8610124], [100.9127264, 18.8611216], [100.9124259, 18.861185], [100.9121482, 18.8611577], [100.9118935, 18.8610698], [100.9115111, 18.8609001], [100.9112166, 18.8607975], [100.9110259, 18.8607542], [100.9107644, 18.8607644], [100.9105114, 18.8608274], [100.9101405, 18.8609746], [100.909684, 18.861266], [100.9092823, 18.861489], [100.9088005, 18.8616449], [100.9083098, 18.8617178], [100.907549, 18.8617407], [100.9053353, 18.8615672], [100.9038208, 18.8615299], [100.9030749, 18.861462], [100.9026538, 18.8613833], [100.9022484, 18.8612818], [100.9017718, 18.8611961], [100.9011847, 18.8611568], [100.9006223, 18.8611928], [100.9001872, 18.8612727], [100.8998715, 18.8613967], [100.8995487, 18.8615962], [100.8992031, 18.8618789], [100.8985838, 18.8624966], [100.8982692, 18.8627186], [100.8978437, 18.8629494], [100.8974649, 18.8630966], [100.8972356, 18.8631518], [100.8970691, 18.8631459], [100.896902, 18.8630948], [100.8967581, 18.8629831], [100.8962283, 18.8623998], [100.8957795, 18.8619667], [100.8948022, 18.8610634], [100.8944745, 18.8608253], [100.8941874, 18.8606697], [100.8939491, 18.8606269], [100.8936798, 18.8606447], [100.8934664, 18.8607072], [100.8932458, 18.8608302], [100.8924593, 18.8613816], [100.8922386, 18.8614971], [100.892033, 18.8615369], [100.8918265, 18.8615088], [100.890856, 18.8612092], [100.8906102, 18.8611966], [100.8903808, 18.8612443], [100.8901994, 18.8613291], [100.8900503, 18.8614589], [100.8897143, 18.8619001], [100.8895259, 18.8620605], [100.8892658, 18.8621989], [100.8889499, 18.8623078], [100.8886265, 18.8624469], [100.8884372, 18.8625394], [100.8877834, 18.8629083], [100.8874121, 18.8630253], [100.8868104, 18.8630918], [100.8860889, 18.863084], [100.8855489, 18.8629989], [100.8850477, 18.8628379], [100.8843941, 18.8625276], [100.8839469, 18.8622302], [100.8835549, 18.8619172], [100.883298, 18.8616255], [100.8830064, 18.86107], [100.8827867, 18.860559], [100.8823749, 18.8591745], [100.8820031, 18.8578274], [100.8818645, 18.8574816], [100.8817431, 18.8572564], [100.8815424, 18.857032], [100.8812709, 18.8568537], [100.8810478, 18.8567401], [100.8808008, 18.8566396], [100.880356, 18.856561], [100.8799592, 18.8565198], [100.8795232, 18.8565242], [100.8791352, 18.8565635], [100.8785116, 18.8569442], [100.8782667, 18.857158], [100.8777552, 18.8576493], [100.8773345, 18.8580912], [100.8768434, 18.8584872], [100.8766458, 18.8586182], [100.8764306, 18.8586889], [100.8761851, 18.8587035], [100.8760494, 18.8586807], [100.8754547, 18.8585294], [100.8751877, 18.858512], [100.8750735, 18.8585212], [100.8749468, 18.8585547], [100.8746896, 18.8586581], [100.8743485, 18.8588349], [100.8739573, 18.8590727], [100.8738438, 18.8591545], [100.8737398, 18.8592577], [100.8734827, 18.8594283], [100.8732224, 18.8596365], [100.8729287, 18.8598895], [100.8728662, 18.8599788], [100.8727999, 18.8601085], [100.8726601, 18.8604889], [100.8725107, 18.8611436], [100.8724323, 18.8613299], [100.8723864, 18.8613989], [100.8720501, 18.861624], [100.8710688, 18.8621218], [100.8709508, 18.8621713], [100.8706383, 18.8622551], [100.8704823, 18.8623212], [100.8703055, 18.8624197], [100.8699279, 18.8627421], [100.8696051, 18.863102], [100.8692091, 18.8636121], [100.8690606, 18.8639685], [100.8689941, 18.864082], [100.8688021, 18.864342], [100.8686891, 18.8644641], [100.8684413, 18.864644], [100.8682981, 18.864722], [100.8680324, 18.8648215], [100.8674833, 18.86496], [100.8671794, 18.8650558], [100.8668717, 18.8651879], [100.8667754, 18.8652816], [100.8666836, 18.8654076], [100.8666213, 18.8655251], [100.8665525, 18.865808], [100.8665332, 18.8659816], [100.8665288, 18.8663526], [100.8665559, 18.8664975], [100.8665964, 18.8665708], [100.8666768, 18.8666577], [100.8667233, 18.8666974], [100.8673444, 18.8669492], [100.8677108, 18.8671391], [100.8678511, 18.8671941], [100.8681286, 18.8673849], [100.8682441, 18.8674926], [100.8684328, 18.8677044], [100.8685568, 18.867812], [100.8688215, 18.8679989], [100.8693883, 18.8683157], [100.8694904, 18.868355], [100.8699745, 18.8684711], [100.8700978, 18.8685142], [100.870189, 18.8685639], [100.8702601, 18.8686295], [100.8703076, 18.8687177], [100.8704486, 18.8695913], [100.8704841, 18.869732], [100.8706145, 18.8700372], [100.8706631, 18.8702181], [100.8707132, 18.8705361], [100.87072, 18.8711409], [100.8707433, 18.8713342], [100.8707405, 18.8714673], [100.8707217, 18.8716812], [100.8706603, 18.8718753], [100.8705396, 18.872066], [100.8703808, 18.8722612], [100.8702976, 18.8723951], [100.8701243, 18.8728121], [100.8700164, 18.8730067], [100.8699354, 18.8733422], [100.8699101, 18.8735919], [100.8699097, 18.8738459], [100.8700605, 18.8742617], [100.8700925, 18.8745699], [100.8700941, 18.8750053], [100.8701184, 18.8751865], [100.8701218, 18.8754979], [100.8701099, 18.8755676], [100.8700757, 18.8756375], [100.8700348, 18.8756712], [100.8696842, 18.8758471], [100.8694951, 18.8759881], [100.8693758, 18.8761103], [100.8693321, 18.8761833], [100.8692401, 18.8764775], [100.8692131, 18.876626], [100.8692169, 18.8769707], [100.8691922, 18.8770284], [100.8691388, 18.8770864], [100.869082, 18.8771232], [100.8690187, 18.877142], [100.8686884, 18.8771514], [100.8684124, 18.8771844], [100.8683456, 18.877176], [100.8679177, 18.8769716], [100.8676946, 18.8769134], [100.8675358, 18.876912], [100.8672888, 18.876987], [100.8671309, 18.8770703], [100.8670144, 18.8771652], [100.866661, 18.8773804], [100.8665697, 18.8774569], [100.866454, 18.8776183], [100.8663992, 18.8778336], [100.8664108, 18.878021], [100.8664733, 18.8782109], [100.8664685, 18.878353], [100.8664564, 18.8784076], [100.8664252, 18.8784563], [100.8663306, 18.8785238], [100.8662105, 18.8785794], [100.8659441, 18.8786214], [100.8658174, 18.8786559], [100.8656937, 18.8786693], [100.8654614, 18.8786482], [100.8652638, 18.878661], [100.865123, 18.8786946], [100.8650632, 18.8787216], [100.8649247, 18.8788379], [100.8648768, 18.878896], [100.864794, 18.8790743], [100.8647101, 18.8793728], [100.8646921, 18.8795243], [100.8647289, 18.8799373], [100.8647575, 18.8801054], [100.8648107, 18.8802257], [100.8648814, 18.8803151], [100.8651103, 18.8804914], [100.8651953, 18.8805858], [100.8653739, 18.881062], [100.865402, 18.8811825], [100.8654013, 18.881436], [100.8652935, 18.881854], [100.86523, 18.8822364], [100.8652206, 18.8829192], [100.8652617, 18.8835693], [100.86524, 18.8841555], [100.8652168, 18.8842782], [100.8651827, 18.8843542], [100.8651107, 18.8844456], [100.8649718, 18.8845287], [100.8649117, 18.8845504], [100.8642008, 18.8846713], [100.8640827, 18.8847155], [100.8639478, 18.8847706], [100.8638077, 18.8848688], [100.8636739, 18.885026], [100.8635191, 18.885334], [100.863415, 18.88562], [100.8633768, 18.885744], [100.8632696, 18.8862612], [100.8629675, 18.8868561], [100.8627929, 18.8872986], [100.8626827, 18.8878034], [100.8625903, 18.8884183], [100.8625634, 18.8889853], [100.8625871, 18.8896304], [100.8626764, 18.8902277], [100.8627595, 18.8905377], [100.8633081, 18.8920159], [100.8635291, 18.8926757], [100.8638404, 18.8937894], [100.8639241, 18.8942946], [100.8638994, 18.8946388], [100.8637879, 18.8950178], [100.8637128, 18.8952018], [100.8635931, 18.8953503], [100.8632658, 18.8956684], [100.8627739, 18.8960511], [100.8623809, 18.8964014], [100.8619232, 18.896894], [100.8614325, 18.8973869], [100.8609643, 18.8979524], [100.8607379, 18.898413], [100.8606483, 18.8988234], [100.8606318, 18.8997578], [100.8606697, 18.900177], [100.8607879, 18.9005689], [100.8609751, 18.9009772], [100.8612013, 18.901296], [100.8613547, 18.9015979], [100.8613751, 18.9017567], [100.8613561, 18.9018725], [100.861266, 18.9019633], [100.8611153, 18.9020612], [100.8608837, 18.9021727], [100.8606451, 18.9022553], [100.8605411, 18.902311], [100.8603459, 18.9024707], [100.860306, 18.9025253], [100.8602613, 18.9026413], [100.8601977, 18.9029805], [100.8601008, 18.9030732], [100.8598864, 18.9032135], [100.859809, 18.9033185], [100.8597932, 18.9036351], [100.8597591, 18.9037477], [100.8597307, 18.9037834], [100.8595367, 18.9039331], [100.8594903, 18.9040042], [100.8593668, 18.9041307], [100.8589587, 18.9044495], [100.858852, 18.9045661], [100.8588259, 18.9046435], [100.8588108, 18.9048042], [100.8588275, 18.905093], [100.8588204, 18.9053661], [100.8587775, 18.9054564], [100.858575, 18.9057507], [100.858337, 18.9062026], [100.8579581, 18.9067922], [100.8577965, 18.9073231], [100.8576223, 18.9079786], [100.8574618, 18.908708], [100.8573118, 18.9092029], [100.8571483, 18.9096609], [100.8569715, 18.910082], [100.8560304, 18.9117073], [100.8556274, 18.9122721], [100.8553649, 18.912584], [100.8550527, 18.9130721], [100.8546151, 18.9138184], [100.85398, 18.9149965], [100.8537117, 18.9153446], [100.8533787, 18.9157056], [100.8527109, 18.9162674], [100.8522993, 18.9165552], [100.8517067, 18.9168818], [100.8511525, 18.9171587], [100.8503393, 18.9174628], [100.8493662, 18.9177393], [100.8491153, 18.9178196], [100.8488065, 18.9179492], [100.8483514, 18.9182068], [100.8479264, 18.9185133], [100.8476989, 18.9186421], [100.8471619, 18.9188442], [100.8465375, 18.9191527], [100.8459879, 18.9195448], [100.8457982, 18.9197575], [100.845631, 18.9199982], [100.8454415, 18.920232], [100.8452733, 18.9203883], [100.8451191, 18.9204672], [100.8449793, 18.9205177], [100.8448098, 18.9205475], [100.843976, 18.9206261], [100.8431996, 18.9207272], [100.8419939, 18.9209391], [100.8406828, 18.9211145], [100.8374628, 18.9220461], [100.8369526, 18.9222136], [100.8361565, 18.9226589], [100.835687, 18.9229509], [100.8344919, 18.9237629], [100.8324105, 18.9254487], [100.8315521, 18.9263699], [100.8308095, 18.9272161], [100.8302984, 18.927971], [100.8299283, 18.9284388], [100.8298522, 18.9285307], [100.8292821, 18.9290801], [100.8292119, 18.929182], [100.8291877, 18.9292448], [100.8291343, 18.9297875], [100.8290665, 18.9299054], [100.8290681, 18.9299617], [100.8290905, 18.9300234], [100.8292485, 18.930289], [100.8292755, 18.9303584], [100.8292639, 18.9304646], [100.8291525, 18.9306486], [100.8289029, 18.9308134], [100.828622, 18.9308974], [100.8284485, 18.9309656], [100.8282113, 18.9311072], [100.8281325, 18.9311857], [100.8279939, 18.9313928], [100.8279289, 18.9314425], [100.827856, 18.9314719], [100.8277764, 18.9314794], [100.8276911, 18.9314348], [100.8276102, 18.93143], [100.8275537, 18.9314461], [100.8274401, 18.9315508], [100.8273665, 18.9315831], [100.8273198, 18.9315891], [100.8270731, 18.93156], [100.8270094, 18.9314994], [100.8269962, 18.9314311], [100.8272152, 18.9310647], [100.8272147, 18.931014], [100.8271886, 18.9309897], [100.8267487, 18.9308263], [100.8266405, 18.9307646], [100.8264641, 18.9306326], [100.8263129, 18.9305699], [100.8261813, 18.9306026], [100.825951, 18.9307795], [100.8258953, 18.9308033], [100.8258166, 18.9308232], [100.8256875, 18.9308108], [100.8255306, 18.9307578], [100.8254221, 18.9306842], [100.825308, 18.9306383], [100.8250225, 18.9305666], [100.8248868, 18.9304541], [100.8247902, 18.9303281], [100.8246988, 18.9302958], [100.8245667, 18.9303142], [100.8244826, 18.9303684], [100.8242772, 18.9306595], [100.8240025, 18.930902], [100.8239547, 18.930984], [100.8239331, 18.9310931], [100.8239044, 18.9311403], [100.8238447, 18.9311615], [100.8237954, 18.9311352], [100.823759, 18.9311388], [100.8236726, 18.9312202], [100.8236091, 18.9312322], [100.8235414, 18.9312319], [100.82347, 18.9311882], [100.8233376, 18.9308914], [100.8232687, 18.9307792], [100.8232616, 18.9307168], [100.8233197, 18.9306413], [100.823436, 18.9306471], [100.8235038, 18.9305441], [100.8236291, 18.9304265], [100.8236415, 18.9303749], [100.8235891, 18.9302912], [100.8235761, 18.9302437], [100.8235887, 18.9302124], [100.823641, 18.9301817], [100.8236537, 18.9301583], [100.8236501, 18.9299594], [100.8236949, 18.929823], [100.8237564, 18.9297387], [100.8238875, 18.929728], [100.8239319, 18.9296948], [100.8239432, 18.92946], [100.8240751, 18.9293026], [100.8241395, 18.9291704], [100.8243013, 18.9289361], [100.8243345, 18.9288557], [100.8243336, 18.9288093], [100.8243186, 18.9287705], [100.8242752, 18.928734], [100.8242027, 18.9287069], [100.8241228, 18.9286998], [100.8240355, 18.9287178], [100.8236319, 18.9289411], [100.8234668, 18.928946], [100.823243, 18.9288531], [100.8230143, 18.9286288], [100.823003, 18.9285014], [100.8230139, 18.9284596], [100.8230626, 18.9283974], [100.8231985, 18.9283047], [100.8232682, 18.9282261], [100.8233542, 18.9279911], [100.8233417, 18.9278688], [100.8232802, 18.9278324], [100.8229927, 18.9278111], [100.8228785, 18.9277587], [100.8227706, 18.9276306], [100.8226815, 18.9274865], [100.8226725, 18.9274355], [100.8227067, 18.9273358], [100.8227681, 18.9272694], [100.822827, 18.9272339], [100.8229353, 18.9272046], [100.8232374, 18.9272043], [100.8234205, 18.9271277], [100.8234777, 18.9270561], [100.8234951, 18.9266888], [100.8234659, 18.9266324], [100.8233416, 18.9265853], [100.8233238, 18.9265578], [100.8233231, 18.926488], [100.823367, 18.9263951], [100.8234644, 18.9263171], [100.8235565, 18.9261377], [100.8236937, 18.9259902], [100.8237365, 18.9258832], [100.8237363, 18.9253177], [100.8238015, 18.9248712], [100.8237837, 18.9246916], [100.8237439, 18.9246134], [100.8236854, 18.9245573], [100.8236042, 18.9245438], [100.8234743, 18.9245624], [100.8233282, 18.9246417], [100.8232083, 18.9247479], [100.8229876, 18.9248286], [100.8228636, 18.9249695], [100.8227839, 18.9250285], [100.8225995, 18.9250835], [100.8225218, 18.9250843], [100.8223556, 18.9249825], [100.822055, 18.9249855], [100.8217722, 18.9249359], [100.82135, 18.9249131], [100.8212958, 18.9248626], [100.821168, 18.9245268], [100.8210917, 18.9243932], [100.8210109, 18.9243577], [100.8207949, 18.924339], [100.820698, 18.924292], [100.820628, 18.9242295], [100.8205863, 18.924091], [100.8205973, 18.924029], [100.8207953, 18.9237742], [100.8207925, 18.9237145], [100.8207494, 18.9236462], [100.8207045, 18.9236105], [100.820444, 18.9236179], [100.820403, 18.9236107], [100.8203692, 18.9235839], [100.8203576, 18.9233909], [100.8204123, 18.9232522], [100.820419, 18.9231993], [100.8203762, 18.9230016], [100.820279, 18.922761], [100.8202369, 18.9227044], [100.8202018, 18.9226586], [100.8201553, 18.9226283], [100.8200906, 18.9226202], [100.8199549, 18.9226501], [100.8197737, 18.9227462], [100.8195049, 18.9228564], [100.8190911, 18.9229878], [100.8188399, 18.9230122], [100.8185109, 18.9230125], [100.8181815, 18.9230771], [100.8178543, 18.9231915], [100.8176502, 18.9231525], [100.8175176, 18.9231698], [100.8174734, 18.9231973], [100.8173325, 18.9233431], [100.8172163, 18.9234258], [100.8171686, 18.9234431], [100.8169554, 18.9234566], [100.8167586, 18.9233949], [100.8167082, 18.9233959], [100.8164416, 18.9235165], [100.8159586, 18.9235886], [100.815924, 18.923623], [100.8159175, 18.9236981], [100.8160576, 18.9238496], [100.8160764, 18.9238801], [100.8160818, 18.9239525], [100.8160568, 18.9239879], [100.8159347, 18.9240843], [100.8157609, 18.9241667], [100.8156131, 18.9242636], [100.8155199, 18.9242777], [100.8153675, 18.9242628], [100.8146656, 18.9241544], [100.8141229, 18.9242124], [100.8137725, 18.9242932], [100.8136552, 18.9243378], [100.8136023, 18.9243807], [100.8135716, 18.9244449], [100.8135715, 18.924563], [100.8136034, 18.9246161], [100.8137026, 18.9246721], [100.8137856, 18.9246981], [100.814153, 18.9247469], [100.8142088, 18.924779], [100.8142152, 18.9248304], [100.814191, 18.9248903], [100.8139866, 18.925223], [100.8140121, 18.9252866], [100.8142053, 18.9254532], [100.814235, 18.9255038], [100.8142368, 18.925577], [100.8141695, 18.9257425], [100.8141667, 18.9260315], [100.8141098, 18.9260922], [100.8139678, 18.926188], [100.8137519, 18.9262801], [100.8134369, 18.9264536], [100.8134083, 18.9265074], [100.8133888, 18.9266217], [100.813353, 18.926723], [100.8132487, 18.9268975], [100.8131186, 18.9270261], [100.8129502, 18.9271328], [100.8126001, 18.9272946], [100.8125361, 18.927308], [100.8124619, 18.9273119], [100.8122893, 18.9272431], [100.8119573, 18.9269741], [100.8119078, 18.9269512], [100.8118369, 18.9269373], [100.8116044, 18.9269378], [100.8115393, 18.9268722], [100.8114933, 18.9268501], [100.8112455, 18.9268235], [100.8110779, 18.9268445], [100.8110103, 18.9268693], [100.8109412, 18.9269023], [100.8108588, 18.926966], [100.8106398, 18.9272472], [100.8105507, 18.9273159], [100.8103601, 18.9274113], [100.8098335, 18.9276245], [100.8096526, 18.9276715], [100.8090468, 18.9277677], [100.8088011, 18.9277766], [100.8085992, 18.9277628], [100.8082217, 18.9276919], [100.8079647, 18.9276141], [100.8064536, 18.9269377], [100.8061534, 18.9267656], [100.8057311, 18.9264485], [100.8055251, 18.9263473], [100.8053981, 18.9263084], [100.8044042, 18.9260943], [100.8039277, 18.9259376], [100.8036948, 18.9258769], [100.8034265, 18.9258311], [100.8029686, 18.925813], [100.8022602, 18.9258344], [100.8020197, 18.9258561], [100.8017306, 18.9259266], [100.8014299, 18.926028], [100.8011025, 18.926165], [100.800993, 18.9262226], [100.8008819, 18.9263043], [100.8007058, 18.9264738], [100.8006189, 18.9265956], [100.8005228, 18.9268014], [100.8004788, 18.926968], [100.8004403, 18.9271733], [100.8004368, 18.9273153], [100.8005239, 18.9280146], [100.8005471, 18.9284322], [100.8005109, 18.9286971], [100.8004768, 18.9288332], [100.8004265, 18.9289929], [100.800261, 18.9293666], [100.8002007, 18.9294339], [100.8000633, 18.9294825], [100.7998985, 18.9295057], [100.7997011, 18.9295065], [100.7995915, 18.9294953], [100.7994467, 18.9294462], [100.7992559, 18.9293204], [100.799154, 18.9291797], [100.7990381, 18.9287806], [100.7988441, 18.9282438], [100.7988323, 18.9280884], [100.7988496, 18.9278146], [100.7987548, 18.9272528], [100.7987586, 18.9270506], [100.798808, 18.9267906], [100.7988525, 18.9266452], [100.7990236, 18.9263383], [100.7992968, 18.9257576], [100.7993795, 18.9256214], [100.7996552, 18.9253383], [100.7997323, 18.9252403], [100.7997895, 18.9251577], [100.7999072, 18.9249143], [100.7999264, 18.9248359], [100.7999364, 18.9246469], [100.7999297, 18.924399], [100.7999015, 18.9241357], [100.7998341, 18.923826], [100.7997596, 18.9236106], [100.7995663, 18.9232818], [100.799412, 18.9231001], [100.798607, 18.9224179], [100.798527, 18.9223253], [100.7984842, 18.9222185], [100.7984865, 18.9220146], [100.7984745, 18.9219675], [100.7982742, 18.9214182], [100.7981348, 18.9211315], [100.797968, 18.920908], [100.7976806, 18.9204452], [100.7976521, 18.920307], [100.7976659, 18.9202328], [100.7977126, 18.9201448], [100.7980511, 18.919751], [100.798139, 18.9196648], [100.7983999, 18.9195496], [100.7985554, 18.9194604], [100.7990991, 18.9188218], [100.7992104, 18.9186364], [100.7992493, 18.9185523], [100.7992743, 18.9184426], [100.7992757, 18.9179445], [100.7992545, 18.9177781], [100.7992203, 18.9177422], [100.7989838, 18.9176914], [100.7988825, 18.9176296], [100.7987909, 18.917521], [100.798673, 18.9172542], [100.7985731, 18.9170829], [100.798521, 18.9170327], [100.7984397, 18.9170247], [100.7983202, 18.9170781], [100.7981623, 18.9171811], [100.7975672, 18.9175973], [100.7973137, 18.9179297], [100.797062, 18.9181164], [100.7969964, 18.9181452], [100.7969093, 18.9181493], [100.7967923, 18.9181239], [100.7966326, 18.9180648], [100.7964509, 18.9179499], [100.7963626, 18.9178664], [100.7962837, 18.9177372], [100.7961498, 18.9174164], [100.7960977, 18.9172611], [100.7961003, 18.9169284], [100.7960139, 18.916449], [100.7960047, 18.9162816], [100.7960239, 18.916231], [100.7960653, 18.9161931], [100.7968235, 18.9157372], [100.7972552, 18.9155913], [100.7973438, 18.9155881], [100.7976017, 18.9157208], [100.797637, 18.9157264], [100.7980189, 18.9156331], [100.7986957, 18.9156101], [100.7989579, 18.9155232], [100.7992897, 18.9153487], [100.7994422, 18.9152385], [100.7997252, 18.9149747], [100.8000308, 18.9147773], [100.8000732, 18.9147125], [100.800087, 18.9144522], [100.8001116, 18.9144238], [100.8001603, 18.9144014], [100.8005133, 18.9143505], [100.8012346, 18.9142996], [100.8026213, 18.9141535], [100.8027661, 18.9140502], [100.8028297, 18.9139626], [100.8028847, 18.9135799], [100.8029667, 18.9133015], [100.8029734, 18.9132451], [100.8029571, 18.913209], [100.8027167, 18.9130005], [100.8024323, 18.912669], [100.8021176, 18.9123663], [100.8016063, 18.9120832], [100.801297, 18.9118179], [100.8003182, 18.9114374], [100.7999737, 18.9113294], [100.7998888, 18.9113349], [100.7994775, 18.9114291], [100.7991868, 18.9114073], [100.7991177, 18.9113881], [100.7988837, 18.9112615], [100.7984711, 18.9111132], [100.7984259, 18.9110652], [100.7983281, 18.9108651], [100.798175, 18.9107026], [100.7978665, 18.9105112], [100.7974681, 18.9103089], [100.7970759, 18.9100058], [100.7965617, 18.9096851], [100.7963629, 18.9095043], [100.7960502, 18.9092625], [100.7957954, 18.9089206], [100.7955859, 18.9087739], [100.7952371, 18.9086156], [100.7944603, 18.9081324], [100.7943412, 18.9080457], [100.7939807, 18.9077336], [100.7937452, 18.9075824], [100.7935673, 18.9075174], [100.7933532, 18.9075148], [100.7932847, 18.9074428], [100.7931346, 18.907217], [100.7930428, 18.907143], [100.7929693, 18.9070605], [100.7929013, 18.9069206], [100.7928478, 18.9066388], [100.7928499, 18.906483], [100.792929, 18.906173], [100.79299, 18.9060084], [100.7931347, 18.9057248], [100.7933753, 18.905316], [100.7935851, 18.9049099], [100.7937174, 18.9047364], [100.7938171, 18.90463], [100.7939502, 18.9045245], [100.7943768, 18.9042568], [100.7946522, 18.9041183], [100.7948179, 18.9040745], [100.7954082, 18.904036], [100.7955592, 18.9039935], [100.7956888, 18.903915], [100.7959658, 18.9036944], [100.7962084, 18.9034813], [100.7962557, 18.9034175], [100.7962507, 18.9032887], [100.7961976, 18.9031628], [100.7958294, 18.9025607], [100.7956482, 18.9022989], [100.7951108, 18.9017148], [100.794914, 18.9015544], [100.7947616, 18.9015325], [100.7946605, 18.9015583], [100.7945964, 18.9016014], [100.7945694, 18.901666], [100.7945249, 18.9020191], [100.7944539, 18.9022096], [100.7943494, 18.9023429], [100.7942376, 18.9024365], [100.7941294, 18.9025005], [100.7934515, 18.9027625], [100.7927779, 18.9030651], [100.7926115, 18.9031445], [100.7920819, 18.9034458], [100.7906186, 18.904104], [100.7904636, 18.9041536], [100.789908, 18.9042182], [100.7896985, 18.904261], [100.7894349, 18.9043449], [100.7891212, 18.9044775], [100.7890401, 18.9045264], [100.7888935, 18.9046426], [100.7886162, 18.9049007], [100.7882343, 18.9051969], [100.7879837, 18.905414], [100.7874379, 18.9060264], [100.7869758, 18.9064676], [100.7861813, 18.907109], [100.7854879, 18.9066772], [100.7851239, 18.906408], [100.7845453, 18.9058684], [100.7839892, 18.9051033], [100.7834155, 18.9038406], [100.7831108, 18.9032983], [100.7829314, 18.9028141], [100.7827886, 18.9022702], [100.782746, 18.9017728], [100.7827413, 18.9013344], [100.7828228, 18.9008002], [100.7829063, 18.9004225], [100.7830702, 18.8998484], [100.7831807, 18.8991627], [100.783256, 18.8988632], [100.7834096, 18.8985505], [100.7845978, 18.8971325], [100.784803, 18.8967571], [100.7851079, 18.8959077], [100.7851419, 18.8957009], [100.7851437, 18.8953025], [100.7851061, 18.8945012], [100.7850264, 18.8937741], [100.7849218, 18.8931586], [100.7846767, 18.8922398], [100.7846334, 18.8919493], [100.7846555, 18.8918769], [100.7848445, 18.8916259], [100.7849635, 18.8913769], [100.7849663, 18.8908201], [100.7849281, 18.8907025], [100.7848882, 18.8906628], [100.7844869, 18.8906089], [100.7841198, 18.8905422], [100.7833607, 18.8902986], [100.7828446, 18.8900953], [100.7826454, 18.8899567], [100.782368, 18.8896482], [100.7819497, 18.8892232], [100.7817241, 18.8890798], [100.7815283, 18.8890065], [100.7812004, 18.8889143], [100.7810963, 18.8888669], [100.7809391, 18.8887673], [100.7804398, 18.8882368], [100.7803319, 18.8880749], [100.7803118, 18.8879466], [100.7803619, 18.8875048], [100.7804159, 18.8872962], [100.7804375, 18.8869748], [100.7804336, 18.8866002], [100.7803536, 18.8861311], [100.7802912, 18.8859349], [100.7803036, 18.8857775], [100.7803241, 18.8857171], [100.7803968, 18.8856127], [100.7807583, 18.8852379], [100.7808549, 18.885063], [100.7810261, 18.8846365], [100.7811369, 18.8844782], [100.7812655, 18.8843465], [100.7813312, 18.8842422], [100.7813654, 18.8841549], [100.7814157, 18.8839236], [100.7814435, 18.8836328], [100.7815863, 18.8834884], [100.7816386, 18.883392], [100.7816708, 18.8832599], [100.7816804, 18.8830397], [100.7816491, 18.8828857], [100.7815285, 18.8825142], [100.7815201, 18.8824692], [100.7815369, 18.882373], [100.7817003, 18.8819311], [100.7817726, 18.8818533], [100.7819179, 18.8817578], [100.7819685, 18.8816839], [100.7819833, 18.8815935], [100.78196, 18.881255], [100.7819767, 18.8811551], [100.7819962, 18.8811267], [100.7822335, 18.8809475], [100.7826996, 18.8805328], [100.7827308, 18.8804911], [100.7828095, 18.8802683], [100.782948, 18.880092], [100.7830852, 18.8799834], [100.7833508, 18.8798661], [100.7834153, 18.8797996], [100.7835056, 18.8795466], [100.7835433, 18.879375], [100.7835726, 18.8793389], [100.7837357, 18.8792527], [100.7837806, 18.8791996], [100.7837834, 18.8790904], [100.7836892, 18.8787771], [100.7837021, 18.8786885], [100.7837333, 18.8786506], [100.7839315, 18.8785132], [100.7840362, 18.8783165], [100.7840636, 18.8782936], [100.7842153, 18.8782451], [100.7843921, 18.8781343], [100.7845563, 18.8781127], [100.7846422, 18.8781362], [100.7847273, 18.8781883], [100.7847705, 18.8781783], [100.7848525, 18.8778388], [100.7848798, 18.8777878], [100.7849395, 18.8777597], [100.7851009, 18.8777719], [100.7852015, 18.8778238], [100.7852331, 18.877868], [100.7852552, 18.8780636], [100.7852876, 18.8780802], [100.7853721, 18.878071], [100.7855439, 18.8780227], [100.7857737, 18.8780883], [100.7859496, 18.878067], [100.7860649, 18.8780334], [100.7861795, 18.8779364], [100.7862297, 18.8779147], [100.786598, 18.8779761], [100.7867716, 18.87799], [100.7868693, 18.8779749], [100.7870022, 18.8779228], [100.7872744, 18.8777283], [100.7873718, 18.8775424], [100.787464, 18.8774497], [100.7874738, 18.8773371], [100.7874518, 18.8771063], [100.7874693, 18.8769124], [100.7875047, 18.876836], [100.7876392, 18.8767285], [100.7877606, 18.8766541], [100.788096, 18.8765849], [100.7882159, 18.8765191], [100.7882697, 18.8764698], [100.7883298, 18.8763071], [100.7884353, 18.8761611], [100.7884928, 18.87604], [100.7885686, 18.8756604], [100.7885536, 18.8755199], [100.7885567, 18.8751731], [100.7885987, 18.8750569], [100.7887159, 18.8749237], [100.7887405, 18.8748728], [100.7887432, 18.8747819], [100.7887182, 18.8747003], [100.7885949, 18.8745882], [100.7886154, 18.8745291], [100.7886797, 18.8744811], [100.7887855, 18.874361], [100.7887952, 18.8742777], [100.7887568, 18.8741286], [100.7885493, 18.8738672], [100.7885559, 18.8738021], [100.7885964, 18.8737619], [100.7887266, 18.8736829], [100.7887432, 18.8736313], [100.7887344, 18.8735775], [100.7886217, 18.873511], [100.7886085, 18.8734897], [100.7886694, 18.8733032], [100.7886006, 18.8731908], [100.7885961, 18.873143], [100.7886148, 18.8731026], [100.7886547, 18.8730793], [100.7888894, 18.8730282], [100.7889707, 18.8730208], [100.7891747, 18.8730612], [100.7892162, 18.8730497], [100.7892338, 18.87303], [100.7892299, 18.8729872], [100.7891512, 18.8729067], [100.7891358, 18.8728672], [100.7891701, 18.8728081], [100.7892662, 18.8727147], [100.7892849, 18.8726468], [100.7892741, 18.8725406], [100.7891931, 18.8723811], [100.7891546, 18.8722644], [100.789162, 18.8721935], [100.7892058, 18.872056], [100.7891906, 18.8719945], [100.789, 18.8718762], [100.7889673, 18.8718411], [100.7889122, 18.8716597], [100.7888345, 18.8715244], [100.7887603, 18.8714866], [100.7885268, 18.8714843], [100.788467, 18.8714667], [100.7884162, 18.8713901], [100.7884271, 18.8712924], [100.7884434, 18.8712628], [100.788538, 18.8711939], [100.7887329, 18.8711512], [100.7888205, 18.8711027], [100.788896, 18.8710249], [100.7889402, 18.8709246], [100.788975, 18.8706181], [100.789003, 18.8705566], [100.7890477, 18.870504], [100.7890856, 18.8704833], [100.7892423, 18.8704318], [100.7893826, 18.8704146], [100.7894515, 18.8703913], [100.7897212, 18.870214], [100.7899762, 18.8701211], [100.7901422, 18.8701217], [100.7902863, 18.8701473], [100.7904054, 18.8701301], [100.7906421, 18.8700223], [100.790768, 18.8698441], [100.7908509, 18.8697989], [100.7909703, 18.8698065], [100.7912848, 18.8699261], [100.7914266, 18.8696085], [100.7916637, 18.8692625], [100.7917264, 18.8691448], [100.7917652, 18.8689347], [100.7917575, 18.8684545], [100.7917222, 18.868267], [100.791667, 18.8681286], [100.7916279, 18.8680608], [100.7915683, 18.8680004], [100.7914549, 18.867921], [100.7912774, 18.8678618], [100.7911748, 18.8678433], [100.7907236, 18.8678037], [100.7905825, 18.8677782], [100.7904587, 18.8677039], [100.7898551, 18.8669571], [100.7887853, 18.865971], [100.7883292, 18.8654778], [100.7882171, 18.8652984], [100.7881452, 18.865043], [100.7880632, 18.864317], [100.788074, 18.8641219], [100.7881788, 18.8636185], [100.7882159, 18.8632473], [100.7881982, 18.863028], [100.788074, 18.8624366], [100.7879809, 18.8621131], [100.787868, 18.861841], [100.7870265, 18.8600395], [100.7869789, 18.8599058], [100.7869684, 18.8596401], [100.7870018, 18.8591569], [100.7869897, 18.8587447], [100.7869455, 18.8584379], [100.7868949, 18.8582555], [100.7866624, 18.8578285], [100.7866175, 18.8576996], [100.7866256, 18.8574996], [100.7866705, 18.8571381], [100.7866614, 18.8570115], [100.786635, 18.8569337], [100.7865619, 18.8568076], [100.7861822, 18.8562722], [100.7861353, 18.8561897], [100.7860327, 18.8559347], [100.7858866, 18.8554482], [100.7857528, 18.8549082], [100.7856653, 18.8543871], [100.7854708, 18.8527668], [100.7847994, 18.8515296], [100.7846928, 18.8513722], [100.7845314, 18.8511994], [100.7842556, 18.851046], [100.7840321, 18.8509798], [100.7836219, 18.8508899], [100.7825194, 18.8506844], [100.7823072, 18.8506325], [100.7821172, 18.8505408], [100.7820102, 18.8504409], [100.78169, 18.8500731], [100.7815399, 18.8499233], [100.7811315, 18.8495737], [100.7805226, 18.8491382], [100.7800391, 18.8488452], [100.7799273, 18.8487951], [100.7798533, 18.8486888], [100.779825, 18.8485566], [100.7798359, 18.8483085], [100.7798968, 18.8481242], [100.7799766, 18.8480294], [100.7806976, 18.8476929], [100.7816948, 18.847183], [100.7821683, 18.8468474], [100.7823924, 18.8466297], [100.7825756, 18.8463663], [100.7827503, 18.8460721], [100.7828048, 18.8458714], [100.7829277, 18.8452621], [100.7829644, 18.8449076], [100.7830149, 18.84356], [100.783058, 18.8430515], [100.7829903, 18.8404656], [100.7829607, 18.8399579], [100.7829654, 18.8396422], [100.7830004, 18.8394352], [100.7830923, 18.8392405], [100.783211, 18.8391223], [100.7834676, 18.8389677], [100.7842395, 18.83856], [100.7845862, 18.8383601], [100.7850413, 18.8380433], [100.7852172, 18.8378497], [100.7854079, 18.8374843], [100.7855899, 18.8372459], [100.785864, 18.8367627], [100.7860168, 18.8364393], [100.7860039, 18.8361833], [100.7858694, 18.8359534], [100.7858377, 18.8358634], [100.7858517, 18.8357198], [100.785824, 18.8353876], [100.7858058, 18.8352522], [100.7857405, 18.8350174], [100.7857398, 18.8349536], [100.7858033, 18.8346178], [100.7857957, 18.8342908], [100.7857605, 18.8341354], [100.7855934, 18.83379], [100.7855459, 18.8336547], [100.7855057, 18.8334237], [100.7855247, 18.833236], [100.7856491, 18.8327161], [100.7856795, 18.8324206], [100.7858368, 18.8318405], [100.7859062, 18.8316643], [100.7859461, 18.8314804], [100.7859645, 18.8312408], [100.785983, 18.8302152], [100.786048, 18.8300151], [100.7862696, 18.8295861], [100.7862769, 18.8294783], [100.7863665, 18.8292301], [100.786659, 18.8287604], [100.786877, 18.8283713], [100.7870946, 18.8279423], [100.787305, 18.827637], [100.7874361, 18.8273486], [100.7874924, 18.8271366], [100.7874956, 18.8270368], [100.7874812, 18.8268653], [100.7874194, 18.8265587], [100.7874692, 18.8261233], [100.7875096, 18.8259833], [100.7876366, 18.8257068], [100.7877234, 18.8251992], [100.7878557, 18.8246353], [100.7879608, 18.8242753], [100.7880165, 18.8239954], [100.7880312, 18.8237998], [100.7880178, 18.8237162], [100.7878962, 18.8233103], [100.7877429, 18.8226893], [100.787666, 18.8225465], [100.7872884, 18.8220993], [100.7870803, 18.8218299], [100.7870116, 18.821679], [100.7869371, 18.8213724], [100.786873, 18.8212534], [100.7868122, 18.8210505], [100.7868308, 18.8208349], [100.7867681, 18.8204484], [100.7866492, 18.819903], [100.7866753, 18.8192336], [100.786672, 18.8189235], [100.7868462, 18.8174865], [100.7868833, 18.8166999], [100.7868624, 18.8161519], [100.7868216, 18.8158782], [100.7863019, 18.8147147], [100.7861693, 18.8143553], [100.7860589, 18.8139452], [100.7859637, 18.8128209], [100.7859309, 18.812576], [100.7856889, 18.811179], [100.7854886, 18.8101422], [100.7855018, 18.8092405], [100.7855372, 18.8090093], [100.7858308, 18.8081193], [100.7859181, 18.8077795], [100.785989, 18.8073244], [100.7860157, 18.8069779], [100.785997, 18.8066463], [100.78612, 18.8056658], [100.7940296, 18.8009404], [100.7933525, 18.8002171], [100.792639, 18.799385], [100.792016, 18.798787], [100.7917278, 18.7981857], [100.7914554, 18.7974249], [100.7910621, 18.7960444], [100.7908546, 18.7947545], [100.7908438, 18.7937311], [100.7909015, 18.7925225], [100.7914066, 18.7903112], [100.7914113, 18.7899253], [100.7912971, 18.789121], [100.7910795, 18.7885359], [100.7907305, 18.7880107], [100.7897292, 18.7866109], [100.7891476, 18.7857524], [100.788916, 18.7855113], [100.7881523, 18.784923], [100.7875292, 18.7843081], [100.7866654, 18.7834103], [100.7861205, 18.7826857], [100.7854609, 18.7819537], [100.784684, 18.7809376], [100.7837631, 18.7796461], [100.7831624, 18.7786367], [100.7828124, 18.7780193], [100.7824496, 18.7770244], [100.7821991, 18.7766493], [100.7817367, 18.7762342], [100.7812575, 18.7758948], [100.7805578, 18.775524], [100.7793963, 18.7747884], [100.7775282, 18.7738665], [100.7770489, 18.7735104], [100.7764537, 18.7730294], [100.7757779, 18.7724151], [100.7752597, 18.7717069], [100.7748214, 18.7710651], [100.774084, 18.7687734], [100.7738212, 18.7680628], [100.7735882, 18.7676791], [100.7730462, 18.7672228], [100.7726604, 18.7670535], [100.7719738, 18.7667091], [100.7711885, 18.7664865], [100.7706312, 18.7663872], [100.7701919, 18.7663635], [100.769482, 18.7663632], [100.7683903, 18.7662342], [100.7675314, 18.7659774], [100.7666863, 18.7656438], [100.7661338, 18.7653005], [100.7658235, 18.7649004], [100.7659201, 18.7642767], [100.7659588, 18.7634549], [100.7660169, 18.7627961], [100.7661116, 18.7622439], [100.7662307, 18.7617758], [100.7663575, 18.7614764], [100.766619, 18.7610633], [100.7673435, 18.7603082], [100.7675765, 18.7600022], [100.7676695, 18.759855], [100.7677887, 18.7594636], [100.7678599, 18.7590747], [100.7679083, 18.7586143], [100.767915, 18.7584075], [100.7678942, 18.757682], [100.7679084, 18.7573485], [100.7679294, 18.7572344], [100.7680752, 18.7567815], [100.7685077, 18.7557774], [100.7688717, 18.7550018], [100.7699228, 18.7530087], [100.7705431, 18.7517581], [100.770638, 18.7515082], [100.7707186, 18.7511657], [100.770726, 18.7510306], [100.770694, 18.7505119], [100.7705744, 18.7500869], [100.7704657, 18.7498558], [100.7703532, 18.7496839], [100.7702321, 18.7495416], [100.7701024, 18.7494204], [100.7697502, 18.7491959], [100.769532, 18.7490841], [100.7691497, 18.7489527], [100.7689588, 18.748908], [100.7686529, 18.7488856], [100.7675819, 18.7489675], [100.7673206, 18.7489657], [100.7672273, 18.7489371], [100.7671382, 18.7488873], [100.7669097, 18.7486363], [100.7664514, 18.7480161], [100.7661721, 18.747563], [100.766041, 18.7473027], [100.7659457, 18.7470842], [100.7658496, 18.7467897], [100.7657614, 18.7463981], [100.7656565, 18.7456776], [100.7655061, 18.7448435], [100.765387, 18.7440472], [100.765256, 18.7429429], [100.7651996, 18.7426312], [100.7650569, 18.7421093], [100.7648671, 18.741744], [100.7645705, 18.7413375], [100.7642656, 18.7409775], [100.7640555, 18.7407854], [100.7638501, 18.7406312], [100.7636629, 18.7405191], [100.7632889, 18.7403285], [100.7629955, 18.7402215], [100.7624273, 18.7400961], [100.7621391, 18.7400608], [100.7619264, 18.7400544], [100.7616918, 18.7400693], [100.7612002, 18.7401529], [100.7609176, 18.7402343], [100.7607412, 18.7403091], [100.7604945, 18.7404408], [100.7598731, 18.7408743], [100.7595796, 18.7410514], [100.7593033, 18.7411665], [100.7590854, 18.7412248], [100.7585724, 18.7412972], [100.758094, 18.7412961], [100.757822, 18.7412592], [100.7575732, 18.7411884], [100.757342, 18.741095], [100.7571161, 18.7409508], [100.7568839, 18.7407729], [100.7567285, 18.7405944], [100.7565366, 18.7403036], [100.7564162, 18.7400853], [100.7562893, 18.7398052], [100.7562041, 18.7395641], [100.7561483, 18.7393002], [100.756116, 18.7390361], [100.7561039, 18.7384398]]]}}, {"type": "Feature", "properties": {"name": "อำเภอเวียงสา", "id": "wiangsa", "source": "OpenStreetMap/Nominatim", "osm_id": 18994454}, "geometry": {"type": "Polygon", "coordinates": [[[100.3515796, 18.6805543], [100.3516827, 18.6804045], [100.3518375, 18.6802046], [100.352148, 18.6799041], [100.3525573, 18.6789072], [100.3528121, 18.6781599], [100.3530179, 18.6778106], [100.353205, 18.6775517], [100.3542241, 18.6773747], [100.3544853, 18.6771062], [100.3547499, 18.6768341], [100.3546613, 18.6761085], [100.3546272, 18.6760233], [100.3542895, 18.6751797], [100.3544037, 18.6741241], [100.3551774, 18.6735097], [100.3558704, 18.6732528], [100.3561755, 18.6731715], [100.3561738, 18.6729592], [100.3560894, 18.6727746], [100.3556123, 18.6722471], [100.3556086, 18.6717705], [100.3552415, 18.6710582], [100.3546813, 18.6705054], [100.3545112, 18.6701361], [100.3544817, 18.669924], [100.3545068, 18.6695793], [100.3546427, 18.6691548], [100.3552493, 18.6685405], [100.3564378, 18.6676306], [100.3569638, 18.6673885], [100.3571369, 18.6672303], [100.3574609, 18.6669342], [100.3575685, 18.6665358], [100.3573704, 18.6660606], [100.3570939, 18.6655215], [100.3570315, 18.6654], [100.3562179, 18.6644922], [100.3555179, 18.6638613], [100.3551539, 18.6635454], [100.3548721, 18.6630448], [100.3545058, 18.6624375], [100.3542244, 18.6619889], [100.3543044, 18.6616178], [100.354525, 18.6613508], [100.355101, 18.6603934], [100.3557061, 18.6595938], [100.3567593, 18.6591085], [100.3575079, 18.6589178], [100.3578085, 18.6589048], [100.3585255, 18.6588738], [100.3589809, 18.6588541], [100.3593702, 18.6588512], [100.3597012, 18.6585315], [100.3597282, 18.6584251], [100.3597259, 18.6581337], [100.3596681, 18.6578687], [100.3595254, 18.657366], [100.3594854, 18.6568049], [100.3595208, 18.6562693], [100.3596219, 18.6558709], [100.3600362, 18.6555201], [100.3603984, 18.6551695], [100.3605007, 18.6549203], [100.3604983, 18.6546222], [100.3604434, 18.6542735], [100.3602643, 18.6540331], [100.3601535, 18.6537244], [100.3601306, 18.6530819], [100.3602369, 18.6524452], [100.3602063, 18.652101], [100.3597519, 18.6509126], [100.3594955, 18.6501193], [100.359378, 18.649351], [100.3592644, 18.6490604], [100.3594253, 18.6482912], [100.359615, 18.647707], [100.360056, 18.6472136], [100.3604148, 18.6468925], [100.36055, 18.6463877], [100.360792, 18.6453796], [100.3610603, 18.6441849], [100.3613069, 18.6436794], [100.3615835, 18.6435192], [100.362055, 18.6434356], [100.3638059, 18.6433168], [100.3643643, 18.6436572], [100.364615, 18.6437356], [100.3650303, 18.6435202], [100.3652528, 18.6432485], [100.3659442, 18.6424041], [100.3661867, 18.6421078], [100.367342, 18.6405622], [100.3681367, 18.6391784], [100.3685783, 18.6387641], [100.369271, 18.6384947], [100.3712161, 18.6383744], [100.3722992, 18.6382343], [100.3730741, 18.637804], [100.3735992, 18.6374557], [100.3739316, 18.6373211], [100.3750695, 18.6370744], [100.3750893, 18.6370752], [100.3762096, 18.6371192], [100.3772671, 18.6372696], [100.3779829, 18.637461], [100.3797743, 18.6379402], [100.3808031, 18.6380866], [100.381639, 18.6382055], [100.3825029, 18.6385165], [100.3842036, 18.6390868], [100.3860402, 18.6393918], [100.3865041, 18.6393884], [100.3868464, 18.6393859], [100.3874006, 18.6391163], [100.3880637, 18.6386348], [100.3883641, 18.6379831], [100.3886942, 18.6375571], [100.3889713, 18.6374749], [100.3897788, 18.6376282], [100.3903168, 18.6378614], [100.39056, 18.6379669], [100.391271, 18.6387015], [100.39133, 18.6387485], [100.3917954, 18.6389381], [100.3921583, 18.6389084], [100.3924176, 18.6387404], [100.392589, 18.6383935], [100.3925832, 18.6382898], [100.3925308, 18.637355], [100.3924267, 18.6354947], [100.3923888, 18.6346286], [100.3924944, 18.6341791], [100.392517, 18.6340828], [100.3925215, 18.6340635], [100.3924927, 18.6339558], [100.3917841, 18.6325103], [100.3914886, 18.631481], [100.3916531, 18.6299852], [100.3922395, 18.628781], [100.3922306, 18.6276864], [100.3917378, 18.626827], [100.3906564, 18.6259225], [100.3897891, 18.6251868], [100.3882566, 18.6247474], [100.3878285, 18.6246976], [100.3877277, 18.6246858], [100.3872284, 18.6247686], [100.3857298, 18.625071], [100.3849052, 18.6250568], [100.3846734, 18.6250528], [100.3840604, 18.624845], [100.3830829, 18.6243224], [100.3819064, 18.6231383], [100.3811056, 18.6221852], [100.3806515, 18.6211407], [100.38048, 18.6190369], [100.380591, 18.6182951], [100.3807459, 18.6180698], [100.3809516, 18.6177204], [100.381209, 18.6173209], [100.3812054, 18.6168737], [100.3808895, 18.6164784], [100.3804179, 18.6161837], [100.3798418, 18.61584], [100.379323, 18.6155569], [100.3791365, 18.6152759], [100.3781845, 18.6132035], [100.3780871, 18.6125819], [100.3780296, 18.6123609], [100.3779771, 18.6115751], [100.3778098, 18.610994], [100.3780233, 18.6100873], [100.3781281, 18.6093918], [100.3780318, 18.6087472], [100.3778417, 18.6082631], [100.3778247, 18.6076948], [100.3779783, 18.6067227], [100.3781861, 18.6058266], [100.3781965, 18.6057137], [100.3781905, 18.6049683], [100.3781876, 18.60462], [100.3781869, 18.604521], [100.3780273, 18.6041246], [100.3777631, 18.6036793], [100.3773112, 18.6034485], [100.3771874, 18.6033853], [100.376924, 18.6030393], [100.3768178, 18.6027916], [100.376815, 18.6024438], [100.3772191, 18.6018853], [100.3773829, 18.6006408], [100.3776481, 18.5996442], [100.3779257, 18.599353], [100.3779881, 18.5992875], [100.3780993, 18.599047], [100.3781286, 18.5985551], [100.3781352, 18.5984447], [100.3779573, 18.5979486], [100.3778322, 18.5976123], [100.3776957, 18.5973614], [100.377657, 18.5971188], [100.3776562, 18.5970217], [100.377683, 18.5968893], [100.3776962, 18.5968316], [100.3776861, 18.5967617], [100.3776903, 18.596686], [100.3777037, 18.5965865], [100.3777331, 18.5962734], [100.3777322, 18.5961627], [100.3776558, 18.5958583], [100.3776418, 18.5958098], [100.377576, 18.5957312], [100.3775435, 18.5956739], [100.3775337, 18.5956344], [100.377551, 18.5954976], [100.3775183, 18.5954143], [100.3774513, 18.5951798], [100.3773853, 18.5949973], [100.3773611, 18.5948608], [100.3773868, 18.5945952], [100.3774309, 18.5943396], [100.3775333, 18.5938182], [100.3775876, 18.5937116], [100.3776733, 18.593397], [100.3777507, 18.5932293], [100.3777778, 18.593141], [100.3777584, 18.593088], [100.3777302, 18.5930351], [100.3776556, 18.592969], [100.3775211, 18.5928797], [100.3773172, 18.5928586], [100.3773036, 18.5928563], [100.3771689, 18.5928337], [100.3771219, 18.5928069], [100.3770577, 18.5926991], [100.3770516, 18.5926888], [100.3770099, 18.5926496], [100.3769029, 18.5926018], [100.3767321, 18.5924909], [100.376684, 18.5924091], [100.3766505, 18.5922942], [100.3766276, 18.592071], [100.3770987, 18.5915803], [100.3772886, 18.5912492], [100.3773034, 18.5910307], [100.377374, 18.5902509], [100.3775292, 18.5895704], [100.3776492, 18.5891897], [100.377742, 18.5890017], [100.3778896, 18.5887908], [100.3781444, 18.5887215], [100.3786454, 18.5886781], [100.3787703, 18.5885739], [100.3791714, 18.5879332], [100.3792981, 18.5875628], [100.3793233, 18.5872704], [100.3792667, 18.5870797], [100.3789452, 18.5867226], [100.3782636, 18.5862277], [100.3779164, 18.5860562], [100.3777034, 18.5859511], [100.3780858, 18.5854875], [100.3782152, 18.5853622], [100.378241, 18.5853373], [100.3782407, 18.5853032], [100.3782403, 18.585257], [100.378239, 18.5850888], [100.3781328, 18.5848411], [100.3779231, 18.5846935], [100.3775571, 18.5845471], [100.3774407, 18.5845107], [100.3774044, 18.5844883], [100.3771642, 18.584297], [100.3770324, 18.584037], [100.3768486, 18.5836385], [100.3767978, 18.583352], [100.376807, 18.5832446], [100.376821, 18.5831508], [100.3768821, 18.5830848], [100.3769972, 18.5830444], [100.3771355, 18.5829293], [100.3771717, 18.5828669], [100.3771807, 18.5828048], [100.3771757, 18.5827698], [100.3771194, 18.5826956], [100.3770219, 18.5826512], [100.3769425, 18.5825682], [100.3768395, 18.5824255], [100.3768251, 18.5823375], [100.3767448, 18.5817491], [100.3767414, 18.5817248], [100.3767039, 18.5816692], [100.3765317, 18.5815625], [100.3763413, 18.5814578], [100.3762331, 18.5812598], [100.3761756, 18.5810218], [100.3761784, 18.580779], [100.3762364, 18.5805538], [100.3763175, 18.580255], [100.3763164, 18.5795355], [100.3763396, 18.5789571], [100.3762853, 18.5785384], [100.376197, 18.5779359], [100.3762195, 18.5778589], [100.3762013, 18.5772977], [100.3761959, 18.5772142], [100.3761723, 18.5771432], [100.3761198, 18.5769493], [100.3761001, 18.5767913], [100.3760933, 18.5765349], [100.3760882, 18.5764819], [100.3760367, 18.5764122], [100.3760082, 18.5763277], [100.3759847, 18.5762748], [100.3759637, 18.575944], [100.3759442, 18.575882], [100.3759118, 18.5758337], [100.3758849, 18.5758], [100.3758602, 18.575746], [100.3758829, 18.5757018], [100.3759426, 18.5756799], [100.3759751, 18.5756706], [100.3760027, 18.5756399], [100.3760423, 18.5755936], [100.3761524, 18.5752537], [100.3761518, 18.575187], [100.376075, 18.5750543], [100.3757337, 18.5743723], [100.3756712, 18.5743256], [100.3755079, 18.5742034], [100.3748762, 18.5736308], [100.3744801, 18.5730532], [100.3743351, 18.5726928], [100.3742208, 18.5723393], [100.3741748, 18.572197], [100.3738542, 18.5712053], [100.3736951, 18.5708586], [100.37338, 18.5705627], [100.3729075, 18.5701189], [100.3727599, 18.5699495], [100.3724341, 18.5695756], [100.3719066, 18.5687843], [100.3713792, 18.567993], [100.3710101, 18.567449], [100.3709544, 18.5670021], [100.3709676, 18.5669083], [100.3709763, 18.5668472], [100.3715222, 18.5661701], [100.3719462, 18.5659535], [100.3727639, 18.565748], [100.373478, 18.5655685], [100.3746969, 18.565223], [100.3751325, 18.5650482], [100.3753155, 18.5650022], [100.3755681, 18.5649388], [100.376071, 18.5647431], [100.3763606, 18.5645264], [100.376872, 18.5642008], [100.3771824, 18.5638506], [100.3773652, 18.5637089], [100.3774414, 18.5636499], [100.3776486, 18.5634993], [100.3779072, 18.5632489], [100.3782711, 18.5631469], [100.3785826, 18.5629955], [100.3788936, 18.5627944], [100.3791521, 18.5625441], [100.3793057, 18.5621951], [100.379328, 18.5620483], [100.3793535, 18.5618807], [100.3794029, 18.5617742], [100.379486, 18.5616504], [100.3795472, 18.5616026], [100.3796754, 18.5615689], [100.3799613, 18.5615359], [100.379989, 18.5615327], [100.3801846, 18.5614827], [100.3802518, 18.5614449], [100.3804803, 18.5612885], [100.3805303, 18.5612452], [100.3805934, 18.5611302], [100.3806243, 18.561074], [100.3808243, 18.5609121], [100.3809974, 18.5608623], [100.3811429, 18.5608398], [100.3812534, 18.5608472], [100.3813561, 18.560854], [100.381748, 18.5608297], [100.3819661, 18.5607863], [100.3823795, 18.5606444], [100.3825356, 18.5605517], [100.3826416, 18.5604708], [100.3828824, 18.560443], [100.3829881, 18.5604095], [100.3830885, 18.5603026], [100.3831721, 18.5602432], [100.3832768, 18.5600843], [100.3833898, 18.5599048], [100.3835095, 18.5597144], [100.3835482, 18.5596655], [100.3836146, 18.5596063], [100.3837766, 18.5595035], [100.3838549, 18.5595108], [100.3840958, 18.5595091], [100.3841911, 18.5594982], [100.384319, 18.5594227], [100.3844308, 18.559336], [100.3846534, 18.5591797], [100.3849596, 18.5589764], [100.3852329, 18.5587959], [100.3855566, 18.558623], [100.3858467, 18.5584729], [100.3861205, 18.5584234], [100.3862942, 18.5584538], [100.3864902, 18.5585412], [100.3865533, 18.5585693], [100.3866595, 18.55859], [100.3873366, 18.5584789], [100.3875587, 18.5584151], [100.3875471, 18.5583666], [100.3875113, 18.5582489], [100.3874711, 18.5581164], [100.3873077, 18.5579053], [100.387252, 18.5577577], [100.3872383, 18.5576686], [100.3872778, 18.557578], [100.3873516, 18.5575514], [100.3874392, 18.5575384], [100.3876689, 18.5575423], [100.3877024, 18.5575037], [100.3878024, 18.5574261], [100.3879321, 18.5572441], [100.3879489, 18.5571608], [100.3879548, 18.5570839], [100.3879578, 18.5569369], [100.3879599, 18.5568331], [100.3879777, 18.5565529], [100.3879692, 18.556309], [100.3879003, 18.5561355], [100.3878516, 18.555962], [100.3878308, 18.5558785], [100.3878435, 18.5557632], [100.3878686, 18.5555755], [100.3879278, 18.5553571], [100.3879725, 18.5550992], [100.3879517, 18.5550158], [100.3878905, 18.5549135], [100.3874424, 18.5545689], [100.3873603, 18.5544475], [100.3873588, 18.5542646], [100.3873911, 18.5540836], [100.3874436, 18.553916], [100.3874628, 18.5538007], [100.3874828, 18.5537102], [100.3874887, 18.5536333], [100.3875074, 18.5534491], [100.387514, 18.5533948], [100.3874998, 18.5533238], [100.387479, 18.5532347], [100.3874028, 18.5530353], [100.3873891, 18.5529586], [100.3874534, 18.5526295], [100.3874733, 18.5525333], [100.3874718, 18.552347], [100.3875046, 18.5522236], [100.3875434, 18.5520403], [100.3875563, 18.5519634], [100.3875341, 18.5517061], [100.3875453, 18.5514744], [100.3875832, 18.5511071], [100.3875821, 18.5509727], [100.3875606, 18.5508757], [100.3875059, 18.5507733], [100.3875053, 18.5506965], [100.3875446, 18.5505099], [100.3875901, 18.5503548], [100.3875893, 18.550252], [100.3875478, 18.5501043], [100.3875336, 18.5500265], [100.3874643, 18.5498056], [100.3874497, 18.5496058], [100.3875277, 18.5492969], [100.3875342, 18.5492257], [100.3874984, 18.5489628], [100.3874564, 18.5488275], [100.3874006, 18.548584], [100.3873927, 18.5484971], [100.3873856, 18.5484226], [100.3873787, 18.5483718], [100.3874049, 18.5482361], [100.3874039, 18.5481209], [100.3873075, 18.5479149], [100.3872732, 18.5478383], [100.3872321, 18.5477426], [100.3872033, 18.5475531], [100.3871611, 18.5473083], [100.3871604, 18.5472179], [100.3872069, 18.5471148], [100.3872799, 18.5469923], [100.38734, 18.5468766], [100.387433, 18.5467336], [100.3874725, 18.5466373], [100.387471, 18.5464566], [100.3874574, 18.5463867], [100.3874295, 18.5463033], [100.3874085, 18.5461939], [100.3874005, 18.5460776], [100.3873582, 18.5458272], [100.3873231, 18.5456671], [100.3872887, 18.5455837], [100.3872479, 18.5455196], [100.3872333, 18.5453978], [100.3872186, 18.545259], [100.3872378, 18.5451492], [100.3872826, 18.5448338], [100.3873353, 18.5446798], [100.3873418, 18.5446018], [100.3872445, 18.5442942], [100.3872373, 18.5442039], [100.3872294, 18.5441079], [100.3872613, 18.5438818], [100.3872229, 18.5436731], [100.3871336, 18.5435303], [100.3870619, 18.5433795], [100.3869444, 18.5430607], [100.386889, 18.5427166], [100.3870365, 18.5424377], [100.3873519, 18.5421914], [100.3881522, 18.5418738], [100.3887001, 18.5416043], [100.3888339, 18.541461], [100.3889675, 18.5413572], [100.3890212, 18.5412732], [100.389141, 18.5410668], [100.3893074, 18.5408566], [100.3895605, 18.5404493], [100.3895938, 18.5403982], [100.3897031, 18.5403591], [100.389742, 18.5403452], [100.3899106, 18.5403315], [100.3899441, 18.5402985], [100.3899769, 18.5402474], [100.3900096, 18.5401241], [100.3899962, 18.5400733], [100.3899397, 18.5399473], [100.3898726, 18.5397975], [100.3898448, 18.5397333], [100.3898443, 18.539669], [100.3898772, 18.5395659], [100.3899275, 18.5391284], [100.3898785, 18.5389165], [100.3898376, 18.5388456], [100.3897689, 18.5386981], [100.389775, 18.5385659], [100.389828, 18.538456], [100.3899413, 18.53834], [100.3900152, 18.5382558], [100.390202, 18.5379969], [100.3902756, 18.5379512], [100.3904635, 18.5378211], [100.3906855, 18.537755], [100.391069, 18.537663], [100.391151, 18.5376228], [100.3911962, 18.5375785], [100.3912295, 18.5375138], [100.3912492, 18.5374685], [100.3912559, 18.5374165], [100.3912944, 18.5371982], [100.3914006, 18.5370043], [100.3914675, 18.5369259], [100.3915074, 18.5368104], [100.3918355, 18.536538], [100.3919495, 18.5364276], [100.3920696, 18.5362652], [100.3921714, 18.5361446], [100.3923968, 18.5358776], [100.3924566, 18.5357992], [100.3927922, 18.5355788], [100.3928991, 18.5354684], [100.3929563, 18.5352895], [100.393014, 18.5350384], [100.393049, 18.5349692], [100.3931315, 18.5348432], [100.3931593, 18.5347674], [100.3931548, 18.5347256], [100.3931101, 18.5346231], [100.3931027, 18.5345883], [100.3930726, 18.5344483], [100.3930558, 18.5343502], [100.3930783, 18.5341332], [100.3931365, 18.5339317], [100.3931754, 18.5338365], [100.3933334, 18.5336795], [100.3934562, 18.5335668], [100.3936064, 18.5334663], [100.3937892, 18.5333813], [100.3939469, 18.5331904], [100.3940415, 18.5330982], [100.3942326, 18.5330742], [100.394266, 18.533079], [100.3944874, 18.5331108], [100.3951324, 18.5330676], [100.3952836, 18.5330213], [100.3953305, 18.5328933], [100.3953854, 18.5323654], [100.395391, 18.5320265], [100.3953812, 18.5318425], [100.3953843, 18.5317171], [100.3954152, 18.5315881], [100.3954611, 18.5313325], [100.3954364, 18.5312728], [100.3954003, 18.5312008], [100.395266, 18.5311397], [100.395244, 18.5311297], [100.3951718, 18.5310692], [100.3951155, 18.5309894], [100.3950424, 18.5308002], [100.3949856, 18.530664], [100.3948367, 18.530473], [100.3948281, 18.5303703], [100.3948096, 18.530052], [100.3948467, 18.5297365], [100.394856, 18.5294281], [100.3948947, 18.5293126], [100.3949342, 18.5292208], [100.3949614, 18.5291337], [100.3949951, 18.5289087], [100.3950929, 18.5287069], [100.3951762, 18.5286114], [100.3952667, 18.5285305], [100.3953613, 18.528479], [100.3956198, 18.5283382], [100.3956556, 18.5282995], [100.395679, 18.5282654], [100.3957105, 18.5282155], [100.3957011, 18.5280755], [100.3956645, 18.5279425], [100.395659, 18.5277799], [100.3956687, 18.5277267], [100.3956978, 18.5276723], [100.3956985, 18.5276023], [100.3956851, 18.5275629], [100.3955729, 18.5274496], [100.3954321, 18.5273174], [100.3954165, 18.5272915], [100.3953745, 18.5270715], [100.3952824, 18.5269582], [100.3950858, 18.5268116], [100.3949977, 18.5267581], [100.3949413, 18.5266625], [100.3949246, 18.5265677], [100.3949315, 18.5264796], [100.3949573, 18.5262286], [100.3949331, 18.5261644], [100.3947917, 18.5258763], [100.3946781, 18.5256693], [100.3946177, 18.5256009], [100.3944176, 18.5254499], [100.3943497, 18.5253939], [100.3941283, 18.5251064], [100.394072, 18.5250277], [100.3940752, 18.524987], [100.3940747, 18.5249193], [100.3941053, 18.5247598], [100.394119, 18.5247234], [100.3941731, 18.5245786], [100.3938888, 18.524451], [100.393633, 18.5243363], [100.3932628, 18.5241696], [100.392453, 18.5235115], [100.3918604, 18.5227873], [100.3913595, 18.5216061], [100.3902005, 18.5200142], [100.3896594, 18.5188468], [100.3891197, 18.5179201], [100.3886766, 18.5171429], [100.3883026, 18.5164295], [100.3877583, 18.5149369], [100.3868587, 18.513343], [100.3867862, 18.5127901], [100.3869164, 18.5119827], [100.3869541, 18.5119378], [100.3871592, 18.511694], [100.3875956, 18.5116388], [100.3890974, 18.5117837], [100.3895598, 18.511638], [100.3898842, 18.5112743], [100.3904251, 18.5106681], [100.3913432, 18.5094901], [100.3924001, 18.5085708], [100.3926414, 18.5080224], [100.3930734, 18.5074985], [100.394177, 18.5056165], [100.3943627, 18.5049386], [100.3949327, 18.5045695], [100.3956925, 18.5040952], [100.3959614, 18.5035996], [100.3964934, 18.5019037], [100.3960186, 18.4999995], [100.3960664, 18.4998376], [100.3961201, 18.4997446], [100.3963801, 18.4995337], [100.3968176, 18.4991758], [100.3970301, 18.4988173], [100.3970844, 18.4986441], [100.3972332, 18.4982352], [100.3973527, 18.4979441], [100.3974421, 18.497652], [100.3974418, 18.4976077], [100.3974398, 18.4973617], [100.3974374, 18.4970704], [100.3972223, 18.496898], [100.3969589, 18.4968309], [100.396886, 18.4968124], [100.3966722, 18.496727], [100.396427, 18.4965549], [100.3957544, 18.4963271], [100.3955999, 18.4960956], [100.3955672, 18.495862], [100.3956578, 18.4957168], [100.395845, 18.4956359], [100.3959315, 18.4955984], [100.3962048, 18.4955083], [100.3969358, 18.4953584], [100.397484, 18.4952956], [100.3976524, 18.4952487], [100.3976966, 18.4952364], [100.3979392, 18.4950889], [100.3983642, 18.4947943], [100.3984746, 18.4947585], [100.3989217, 18.494631], [100.3989504, 18.494617], [100.3995189, 18.4943408], [100.399575, 18.4942937], [100.4000416, 18.4939021], [100.4001397, 18.4938065], [100.4002891, 18.4933987], [100.4003927, 18.4931139], [100.4004379, 18.4929899], [100.4004656, 18.4926113], [100.4003403, 18.4922056], [100.4001541, 18.4917992], [100.4000424, 18.4915319], [100.3999362, 18.4912779], [100.3996865, 18.4905523], [100.3994365, 18.4897974], [100.3992795, 18.4892756], [100.3991832, 18.4886359], [100.3991598, 18.4882863], [100.3991481, 18.4881121], [100.3991739, 18.4879664], [100.3991974, 18.4878338], [100.3991844, 18.48773], [100.3991708, 18.4876217], [100.3991497, 18.4875055], [100.3990979, 18.4871783], [100.3990947, 18.4867796], [100.3990807, 18.486581], [100.3991286, 18.4864394], [100.3992363, 18.4860648], [100.3992717, 18.485912], [100.3993154, 18.4857502], [100.3995158, 18.4857227], [100.3998458, 18.4856141], [100.4001155, 18.4855195], [100.4003848, 18.485435], [100.4004844, 18.4853903], [100.4007249, 18.4853388], [100.4009882, 18.4851776], [100.4011226, 18.4850365], [100.4016614, 18.4848473], [100.401926, 18.4848453], [100.402312, 18.4849351], [100.4026736, 18.4850702], [100.4028667, 18.4850925], [100.4028906, 18.485116], [100.4039974, 18.4849723], [100.4048384, 18.4846713], [100.4058732, 18.4846195], [100.4058976, 18.4846431], [100.4060178, 18.4846422], [100.4060665, 18.4846644], [100.4062743, 18.4848888], [100.4066223, 18.4848862], [100.4067745, 18.4848263], [100.4068964, 18.4848254], [100.4069574, 18.484825], [100.4071698, 18.4847364], [100.407321, 18.4845613], [100.407471, 18.4842982], [100.4076818, 18.4839476], [100.4079543, 18.4836835], [100.408136, 18.4835365], [100.4085922, 18.4834461], [100.4091718, 18.4834712], [100.4093539, 18.4835006], [100.4100264, 18.4836094], [100.410455, 18.4837519], [100.4107597, 18.4837496], [100.4111552, 18.4836891], [100.4114889, 18.4834539], [100.4119125, 18.4830724], [100.4121847, 18.4827789], [100.4122973, 18.4826259], [100.4123352, 18.4825745], [100.4124535, 18.4821376], [100.4126952, 18.4818738], [100.4130898, 18.4816382], [100.4135449, 18.4813434], [100.4137859, 18.4809926], [100.4140276, 18.4807287], [100.4142392, 18.4805532], [100.4144834, 18.480522], [100.4146663, 18.4805206], [100.4149424, 18.4807806], [100.4153115, 18.4811845], [100.4156808, 18.4815307], [100.4160681, 18.4819186], [100.4161406, 18.4819644], [100.416286, 18.4820774], [100.4163341, 18.4820996], [100.4163822, 18.482123], [100.4167946, 18.4825321], [100.4168827, 18.4826285], [100.41709, 18.4832367], [100.4173698, 18.4840581], [100.417676, 18.4845559], [100.4179548, 18.4849692], [100.418421, 18.4854912], [100.4184598, 18.4855665], [100.4184747, 18.4855955], [100.4187731, 18.4861752], [100.4188848, 18.4867931], [100.4188886, 18.4872508], [100.4190876, 18.4876901], [100.4190901, 18.4879952], [100.4190647, 18.488148], [100.4189237, 18.4882847], [100.418614, 18.4884311], [100.4185083, 18.4885421], [100.4183686, 18.4890135], [100.4183537, 18.4892365], [100.4183386, 18.4892758], [100.4183207, 18.4893225], [100.4182631, 18.4897307], [100.4183269, 18.4900793], [100.4186967, 18.4905701], [100.4187705, 18.4906509], [100.4188819, 18.4907731], [100.4191581, 18.4910331], [100.4193122, 18.4912059], [100.4195, 18.4914805], [100.4195563, 18.4917383], [100.4196462, 18.4922939], [100.4197248, 18.4927796], [100.4210566, 18.4948463], [100.4215592, 18.4954613], [100.4216801, 18.495589], [100.4217214, 18.4956145], [100.4218715, 18.4956284], [100.4223063, 18.4955574], [100.4223558, 18.4955525], [100.4227489, 18.4955142], [100.4227767, 18.4955114], [100.423008, 18.4955436], [100.4232487, 18.4956435], [100.4236331, 18.4959288], [100.4242684, 18.496475], [100.4243588, 18.4965805], [100.4245409, 18.4966943], [100.4252127, 18.4968339], [100.4255792, 18.4969192], [100.425915, 18.496946], [100.4262201, 18.496972], [100.4268612, 18.4970552], [100.4273191, 18.4971681], [100.4279297, 18.4972799], [100.4285179, 18.497394], [100.4294192, 18.4977074], [100.4295354, 18.4977478], [100.42985, 18.4979284], [100.4300713, 18.4981357], [100.4302561, 18.4983669], [100.4305332, 18.4986562], [100.4310843, 18.4989423], [100.4314209, 18.4990561], [100.4320927, 18.4991968], [100.4327038, 18.4993672], [100.4331611, 18.4995501], [100.4335891, 18.4997739], [100.4339669, 18.5000003], [100.43473, 18.500653], [100.4347763, 18.5006995], [100.4354051, 18.5013312], [100.435917, 18.5018119], [100.4364616, 18.5019379], [100.4368491, 18.5018979], [100.4369816, 18.5018037], [100.4371214, 18.5015314], [100.4375993, 18.5002394], [100.4377919, 18.4998904], [100.43803, 18.4996852], [100.4381355, 18.4995487], [100.4381613, 18.4994468], [100.4379318, 18.4985586], [100.4379086, 18.4979145], [100.437965, 18.4972191], [100.4379681, 18.4972026], [100.438016, 18.4969474], [100.4381725, 18.4965394], [100.4385037, 18.4960876], [100.4385907, 18.4959183], [100.4387102, 18.4956271], [100.4387209, 18.4955736], [100.4389433, 18.4952197], [100.4391908, 18.4950652], [100.4392061, 18.495058], [100.4395005, 18.4949188], [100.4399077, 18.4947377], [100.4400516, 18.4946503], [100.4401905, 18.494566], [100.4402347, 18.4945232], [100.4404461, 18.4943183], [100.440754, 18.4939599], [100.441007, 18.493407], [100.4411889, 18.4931244], [100.4412701, 18.4929982], [100.4418699, 18.4924766], [100.4422873, 18.4920021], [100.4426883, 18.4915464], [100.4432342, 18.4909659], [100.4435494, 18.4904125], [100.4438745, 18.4899862], [100.4440602, 18.4898746], [100.4442998, 18.4898474], [100.4444691, 18.4899139], [100.4444791, 18.489925], [100.4446403, 18.4901052], [100.4447633, 18.490286], [100.4448869, 18.4904883], [100.4450113, 18.4907788], [100.4451978, 18.4912133], [100.4453537, 18.4915905], [100.4454236, 18.4919935], [100.4454495, 18.4921432], [100.4455753, 18.4926076], [100.4457012, 18.493072], [100.4457658, 18.4935075], [100.4457711, 18.4941479], [100.4456512, 18.4943815], [100.445563, 18.4947312], [100.4455354, 18.4951097], [100.4455988, 18.4953995], [100.4457836, 18.4956308], [100.4461357, 18.4957677], [100.4461512, 18.4957737], [100.4465491, 18.4960033], [100.4467608, 18.4960548], [100.4467987, 18.4960545], [100.4469666, 18.4960306], [100.4471349, 18.495983], [100.4472069, 18.4959599], [100.447351, 18.4959136], [100.4475191, 18.4958434], [100.4478555, 18.4957268], [100.448144, 18.4956783], [100.4483535, 18.4956767], [100.448559, 18.4956977], [100.4492614, 18.4958086], [100.4497506, 18.4959788], [100.4502392, 18.4960914], [100.4503837, 18.4961402], [100.4505758, 18.4962052], [100.4511245, 18.496201], [100.4511595, 18.4961923], [100.4514895, 18.4961112], [100.4521277, 18.4958443], [100.4525525, 18.4956083], [100.4528264, 18.4955193], [100.4530586, 18.4955175], [100.4531614, 18.4955167], [100.4533758, 18.495602], [100.4535904, 18.4957754], [100.4538055, 18.4959477], [100.4540503, 18.4960622], [100.4544163, 18.4960887], [100.4545688, 18.4960582], [100.4547806, 18.4959109], [100.4549272, 18.4957692], [100.4549621, 18.4957355], [100.4551436, 18.4955015], [100.4555349, 18.494945], [100.4560194, 18.494564], [100.456322, 18.4942997], [100.4565047, 18.4942113], [100.4567476, 18.494092], [100.4570502, 18.4938287], [100.4572316, 18.4936523], [100.457412, 18.4933606], [100.4576834, 18.4929801], [100.4578646, 18.4927743], [100.4582581, 18.492481], [100.4584995, 18.4921877], [100.4586826, 18.4920813], [100.4593534, 18.4914441], [100.4598358, 18.4907029], [100.4601324, 18.4905622], [100.4601808, 18.4905392], [100.46051, 18.490596], [100.4617924, 18.4909676], [100.4621215, 18.4910074], [100.4625206, 18.4909365], [100.4631329, 18.490847], [100.4634449, 18.4908496], [100.463657, 18.4908514], [100.4639417, 18.4908916], [100.4644406, 18.4910658], [100.4647366, 18.491394], [100.4650771, 18.4917389], [100.465327, 18.4918726], [100.4655049, 18.4919051], [100.4657888, 18.4918521], [100.4659479, 18.4917576], [100.4662368, 18.491454], [100.4663705, 18.4913136], [100.4666445, 18.4911504], [100.466965, 18.4911244], [100.4670726, 18.4911156], [100.4671621, 18.491149], [100.467428, 18.4913204], [100.4675349, 18.4913893], [100.4681325, 18.4916644], [100.4682839, 18.4917056], [100.4688368, 18.4918316], [100.4688481, 18.4918321], [100.4696409, 18.4918542], [100.4699762, 18.4918234], [100.4703804, 18.4917513], [100.4713204, 18.4918231], [100.4714895, 18.4918669], [100.4723096, 18.4921136], [100.4725757, 18.4922256], [100.4726205, 18.4922463], [100.4728464, 18.4923144], [100.4731779, 18.4926339], [100.4735114, 18.4931992], [100.4738361, 18.493773], [100.4741232, 18.4941013], [100.4744895, 18.4943358], [100.4757086, 18.4946568], [100.4757716, 18.4946734], [100.4763857, 18.4948042], [100.4766413, 18.4947992], [100.4767117, 18.4947852], [100.4767612, 18.4947433], [100.4769792, 18.4942706], [100.4771295, 18.494065], [100.4773106, 18.4938603], [100.4775059, 18.4936442], [100.4775223, 18.493626], [100.4776718, 18.4932464], [100.4776962, 18.4925776], [100.4776941, 18.4925358], [100.4776478, 18.4922436], [100.4774597, 18.4916341], [100.4773952, 18.4912268], [100.4772962, 18.4903839], [100.4772315, 18.489762], [100.4772298, 18.4897451], [100.4771964, 18.489367], [100.4772231, 18.4889591], [100.477342, 18.4886091], [100.4775537, 18.4883748], [100.4778259, 18.4881694], [100.4780683, 18.4879924], [100.4782804, 18.4878168], [100.4785535, 18.4876396], [100.4788566, 18.487434], [100.4792206, 18.4872278], [100.4795547, 18.4870501], [100.4798264, 18.486786], [100.4800685, 18.4865808], [100.4803706, 18.4862588], [100.4804903, 18.4859958], [100.4805997, 18.485767], [100.4806183, 18.4857282], [100.4806298, 18.4856714], [100.4806294, 18.4856597], [100.4805992, 18.4847525], [100.4806426, 18.4846335], [100.4806598, 18.4845655], [100.4812715, 18.4838596], [100.4814891, 18.4833552], [100.4819078, 18.4824212], [100.4822406, 18.4820979], [100.4824527, 18.4819799], [100.4830908, 18.481714], [100.4833334, 18.4815664], [100.4835757, 18.4813894], [100.4839067, 18.4808639], [100.48436, 18.4803656], [100.484997, 18.480041], [100.4852395, 18.4798934], [100.4858763, 18.4794806], [100.4862106, 18.4793323], [100.4865439, 18.4791264], [100.4869978, 18.4787162], [100.4874802, 18.4781014], [100.4876011, 18.4779841], [100.4882374, 18.4775138], [100.4885715, 18.4773361], [100.4889054, 18.4772171], [100.4893926, 18.4770969], [100.4899092, 18.4769472], [100.4900892, 18.4768856], [100.490629, 18.4765961], [100.4910966, 18.4762279], [100.4911072, 18.4762174], [100.4921398, 18.4751933], [100.4922413, 18.4751251], [100.4924231, 18.4750073], [100.4927866, 18.4747424], [100.4928031, 18.4747291], [100.4935934, 18.4742503], [100.4939293, 18.4740612], [100.494222, 18.474008], [100.4943641, 18.4740069], [100.4945775, 18.4740391], [100.4946731, 18.4741206], [100.4951349, 18.4745146], [100.4953796, 18.4746613], [100.4958052, 18.4747773], [100.4962011, 18.4747742], [100.4962621, 18.4747737], [100.4965059, 18.4747718], [100.4969021, 18.4747393], [100.4973885, 18.4745897], [100.4977233, 18.4745001], [100.4983636, 18.4744951], [100.4985273, 18.4745401], [100.4990073, 18.4746684], [100.4994599, 18.4747607], [100.5003269, 18.4751065], [100.5003817, 18.4751284], [100.5005187, 18.475183], [100.5014288, 18.4753665], [100.5022919, 18.4755377], [100.5027892, 18.4755168], [100.502974, 18.4755037], [100.5031168, 18.4754683], [100.5035258, 18.4753385], [100.503788, 18.4752111], [100.5039916, 18.4750705], [100.50418, 18.4748872], [100.5043238, 18.4746206], [100.5044093, 18.4743127], [100.5044358, 18.47402], [100.5044885, 18.4736312], [100.5044908, 18.4736141], [100.5045319, 18.4733066], [100.5046178, 18.4731105], [100.5047637, 18.4730122], [100.5050408, 18.4729535], [100.5055825, 18.4729774], [100.5060664, 18.4730854], [100.5063598, 18.4732085], [100.5067573, 18.473456], [100.5070517, 18.473692], [100.5072138, 18.4738161], [100.507596, 18.4740084], [100.50811, 18.4742415], [100.5082964, 18.4743033], [100.5084921, 18.4744203], [100.509286, 18.4748601], [100.5095661, 18.4750815], [100.5098016, 18.4752751], [100.5102286, 18.4755789], [100.5105681, 18.4758969], [100.5106538, 18.4760176], [100.5109927, 18.4762992], [100.5110595, 18.476336], [100.5114764, 18.4765156], [100.5119538, 18.4767421], [100.5121272, 18.4767887], [100.5124825, 18.4767788], [100.5127576, 18.4767427], [100.5128574, 18.4767336], [100.5130477, 18.4766566], [100.5134711, 18.4763241], [100.5136339, 18.4761962], [100.5137743, 18.4761232], [100.5141817, 18.4758828], [100.5146048, 18.4757393], [100.5151453, 18.4756232], [100.5156129, 18.4755641], [100.5162121, 18.4755311], [100.5168855, 18.4755121], [100.5169186, 18.4755151], [100.5175629, 18.4757041], [100.5181348, 18.4760894], [100.5188473, 18.4762956], [100.5193551, 18.4764696], [100.5196502, 18.476696], [100.5199287, 18.4770498], [100.5202085, 18.4775659], [100.5204235, 18.4778376], [100.5205766, 18.4779939], [100.5210525, 18.4785215], [100.5215088, 18.4788668], [100.5218478, 18.479116], [100.5221129, 18.4793092], [100.5223481, 18.4794745], [100.5226571, 18.479612], [100.5230678, 18.4797477], [100.5233213, 18.4798349], [100.5234048, 18.4798432], [100.5235223, 18.4798705], [100.5237868, 18.4800073], [100.5238461, 18.4800769], [100.5240224, 18.4803658], [100.5241451, 18.4808289], [100.5242517, 18.481246], [100.5243279, 18.4816226], [100.524375, 18.4819994], [100.5243925, 18.4823065], [100.5243951, 18.482599], [100.5244261, 18.4828224], [100.524545, 18.4830168], [100.5247812, 18.483225], [100.5249081, 18.4832976], [100.5250459, 18.4833765], [100.5257203, 18.4835382], [100.5259252, 18.4835501], [100.5263057, 18.483547], [100.5266559, 18.4834606], [100.5269626, 18.4834028], [100.5271672, 18.4833865], [100.5273869, 18.4833994], [100.5275589, 18.4834167], [100.5280922, 18.4836297], [100.528191, 18.4837005], [100.5286254, 18.4841081], [100.5289354, 18.4843602], [100.5292224, 18.4845126], [100.5295094, 18.4846265], [100.5302223, 18.484875], [100.5316978, 18.4853207], [100.5318091, 18.4853809], [100.5319458, 18.4854543], [100.5320438, 18.4854908], [100.5323381, 18.485642], [100.5324996, 18.4857661], [100.5326177, 18.4858634], [100.5328838, 18.4861673], [100.5331215, 18.4865426], [100.5332551, 18.4867934], [100.5333755, 18.487155], [100.5336015, 18.4878794], [100.5336338, 18.4882417], [100.5336435, 18.4884509], [100.533652, 18.4886323], [100.5336544, 18.4888977], [100.533674, 18.4890961], [100.5337467, 18.4893506], [100.5338543, 18.4897278], [100.5341705, 18.4903185], [100.5346001, 18.4906795], [100.5353136, 18.4909958], [100.5366508, 18.4913188], [100.5368505, 18.4913345], [100.5370663, 18.4912952], [100.5373586, 18.4911996], [100.5382181, 18.4909468], [100.5388032, 18.4908064], [100.5391144, 18.4907588], [100.5396688, 18.4906018], [100.5401943, 18.4904575], [100.5406466, 18.490342], [100.5409531, 18.4901994], [100.5413026, 18.4900294], [100.5414909, 18.4898461], [100.5416647, 18.4896222], [100.5418086, 18.4893691], [100.5418649, 18.4892251], [100.5420228, 18.4885913], [100.5421988, 18.4878854], [100.5423992, 18.4871669], [100.5426826, 18.4853778], [100.5428548, 18.4845505], [100.5429754, 18.4840301], [100.542993, 18.4835624], [100.5428116, 18.4827588], [100.5427245, 18.482391], [100.5426815, 18.4822093], [100.5426732, 18.4818977], [100.5427339, 18.4817026], [100.5427697, 18.4815875], [100.5427922, 18.4815499], [100.5428766, 18.4813967], [100.5429363, 18.4813183], [100.5430511, 18.4810519], [100.5431359, 18.480744], [100.5432216, 18.4804644], [100.5432628, 18.4801715], [100.5432449, 18.4798226], [100.5431099, 18.4794183], [100.5430487, 18.4791777], [100.5430169, 18.4788882], [100.5430442, 18.4786237], [100.5431143, 18.4783295], [100.5432293, 18.4780846], [100.5432964, 18.4779388], [100.5433588, 18.4778034], [100.5434736, 18.4776071], [100.5435734, 18.4772437], [100.5435988, 18.4768527], [100.5435964, 18.4765774], [100.5435954, 18.476462], [100.5435329, 18.4760299], [100.5433659, 18.4753604], [100.5433347, 18.4751099], [100.543347, 18.4748997], [100.5434582, 18.474229], [100.543512, 18.4736978], [100.543626, 18.4733343], [100.5437817, 18.4727468], [100.5438059, 18.4722158], [100.5437098, 18.4712678], [100.5435709, 18.4706218], [100.5434527, 18.4703133], [100.5432895, 18.4700628], [100.5431847, 18.4697846], [100.5431829, 18.4695893], [100.5431815, 18.4694357], [100.5432522, 18.4691979], [100.5433532, 18.4690435], [100.5435423, 18.4688748], [100.5437601, 18.4687465], [100.5440075, 18.4685491], [100.5442817, 18.4681843], [100.5443308, 18.4681082], [100.5447908, 18.4676064], [100.5451052, 18.4672876], [100.5453957, 18.4670819], [100.5455173, 18.4668539], [100.5455576, 18.4667949], [100.5456762, 18.4666901], [100.5457602, 18.4666159], [100.5459922, 18.4663486], [100.5461802, 18.466137], [100.5463532, 18.4658295], [100.5465546, 18.4654506], [100.546611, 18.465213], [100.5465791, 18.4649478], [100.546533, 18.4646963], [100.5464272, 18.4643064], [100.5463127, 18.4641196], [100.5462488, 18.4640153], [100.5460861, 18.4638212], [100.5460121, 18.4636818], [100.5458489, 18.4634313], [100.545773, 18.4631529], [100.5456527, 18.4627349], [100.5456209, 18.4624979], [100.545619, 18.46228], [100.545648, 18.4622187], [100.5457773, 18.4619805], [100.5459796, 18.4617134], [100.5463279, 18.4614169], [100.5467495, 18.461121], [100.5470556, 18.4609366], [100.5477667, 18.4603164], [100.5483466, 18.4597255], [100.5487813, 18.4592894], [100.5490121, 18.4588967], [100.5492575, 18.4585457], [100.549372, 18.4582511], [100.5494134, 18.4579853], [100.5494969, 18.4574685], [100.5496078, 18.4568396], [100.5496327, 18.4563086], [100.5496585, 18.4559594], [100.5496604, 18.4559018], [100.5496577, 18.455869], [100.549625, 18.4554503], [100.5495924, 18.4551151], [100.5495436, 18.4545575], [100.5495654, 18.4536911], [100.5495279, 18.4528127], [100.5495245, 18.4524355], [100.5495792, 18.4520024], [100.5497517, 18.4516374], [100.5498925, 18.4513906], [100.5499142, 18.4513525], [100.5499775, 18.4512086], [100.5505118, 18.4502261], [100.5505818, 18.4500437], [100.5505991, 18.4499272], [100.5506116, 18.4496764], [100.5505952, 18.4494947], [100.5505793, 18.4492994], [100.5504604, 18.449105], [100.5501501, 18.4487585], [100.5498988, 18.4485099], [100.5498325, 18.4484447], [100.549574, 18.4481906], [100.5494118, 18.447983], [100.5492927, 18.4477603], [100.549247, 18.4475518], [100.5492579, 18.447188], [100.5492835, 18.4471255], [100.5493726, 18.4469081], [100.5494249, 18.4468016], [100.5495306, 18.446586], [100.5496153, 18.4462635], [100.5496284, 18.4460679], [100.5495674, 18.445803], [100.549448, 18.4455533], [100.5492552, 18.4452341], [100.5491502, 18.4449413], [100.5490754, 18.4447747], [100.5488981, 18.444539], [100.5487054, 18.4443034], [100.5484987, 18.4440814], [100.5483436, 18.4439106], [100.5480702, 18.4436094], [100.5478466, 18.4431516], [100.5477992, 18.4427465], [100.547779, 18.4425434], [100.5477076, 18.4423011], [100.5476301, 18.4418409], [100.5475958, 18.4412404], [100.5475177, 18.4407102], [100.5475137, 18.440264], [100.5474809, 18.4398453], [100.547432, 18.4392731], [100.5473087, 18.4385908], [100.5473111, 18.4384012], [100.5473174, 18.4379062], [100.5473721, 18.4374732], [100.5474706, 18.4370387], [100.5476268, 18.4365077], [100.5477446, 18.4362504], [100.5477695, 18.4361225], [100.5478949, 18.4354653], [100.5479635, 18.4349339], [100.5480039, 18.4345563], [100.5480292, 18.4341382], [100.5480974, 18.4335651], [100.5481618, 18.4325593], [100.5481735, 18.4322803], [100.5482157, 18.4320416], [100.5483295, 18.4317346], [100.5485173, 18.4314258], [100.5487638, 18.4312002], [100.5491716, 18.431015], [100.5497707, 18.4309266], [100.5500014, 18.4308586], [100.5500622, 18.4308406], [100.5504258, 18.430614], [100.5507748, 18.4303322], [100.5510787, 18.4299807], [100.5512081, 18.4297696], [100.5512935, 18.4294617], [100.5513103, 18.4292853], [100.5512666, 18.4290304], [100.5511266, 18.4287865], [100.5508593, 18.4283414], [100.5508447, 18.428321], [100.5506519, 18.4280506], [100.5502517, 18.4274948], [100.5500883, 18.4272171], [100.5499091, 18.4268278], [100.5498777, 18.4265626], [100.5499186, 18.4262415], [100.5499747, 18.4259621], [100.5501467, 18.4255417], [100.550362, 18.4250791], [100.550448, 18.4249034], [100.5505214, 18.4247842], [100.5505775, 18.4246933], [100.5507073, 18.4244551], [100.5508075, 18.4242171], [100.5509504, 18.4238522], [100.551079, 18.4234886], [100.5511784, 18.4231524], [100.5512337, 18.4227894], [100.5512299, 18.4223704], [100.5511965, 18.4219381], [100.5511337, 18.4214642], [100.5510476, 18.4209583], [100.5510412, 18.4209206], [100.5510214, 18.4208234], [100.5509187, 18.4203207], [100.5506805, 18.4198201], [100.5504574, 18.4194175], [100.550399, 18.4193084], [100.5517932, 18.419038], [100.5528146, 18.4188868], [100.5531564, 18.4188659], [100.553486, 18.4188874], [100.5537779, 18.4189515], [100.5540574, 18.4190519], [100.5544522, 18.4192845], [100.5548729, 18.4195893], [100.555748, 18.4204224], [100.5561874, 18.4208639], [100.5566914, 18.4214492], [100.5571239, 18.4219973], [100.5572836, 18.4221547], [100.5574906, 18.4222814], [100.557705, 18.4223552], [100.5585551, 18.4225183], [100.5588725, 18.4226003], [100.5591268, 18.422707], [100.5592736, 18.4228267], [100.5593445, 18.4229652], [100.5593713, 18.4231282], [100.5593184, 18.423582], [100.5593324, 18.4237391], [100.5594039, 18.4239319], [100.559609, 18.4242083], [100.5597559, 18.4243401], [100.5599787, 18.4244652], [100.5602137, 18.4245419], [100.5608669, 18.4246393], [100.5610637, 18.4246921], [100.5612735, 18.424775], [100.5614962, 18.424894], [100.5616614, 18.4249531], [100.5618199, 18.424976], [100.5622375, 18.4249242], [100.5624401, 18.4249225], [100.5626178, 18.4249634], [100.562796, 18.4250526], [100.5630254, 18.4252079], [100.5632098, 18.425291], [100.5634382, 18.4253375], [100.5636154, 18.4253179], [100.5638173, 18.4252316], [100.5642962, 18.4249677], [100.5644919, 18.4248936], [100.5646942, 18.4248556], [100.5649096, 18.4248599], [100.5651634, 18.4249182], [100.5658889, 18.4253052], [100.5661048, 18.4253639], [100.5663329, 18.425368], [100.5665667, 18.4253177], [100.5669833, 18.4251571], [100.5673686, 18.4250451], [100.5678935, 18.4249562], [100.5683743, 18.4249038], [100.5689693, 18.4248687], [100.5697485, 18.4248864], [100.5704392, 18.4249291], [100.5709341, 18.4250217], [100.5712899, 18.4251457], [100.5715635, 18.4252885], [100.5720157, 18.4255689], [100.572353, 18.4257475], [100.5727472, 18.4259195], [100.5732436, 18.4261754], [100.5736261, 18.4264563], [100.573786, 18.4266242], [100.5738764, 18.4268109], [100.5739223, 18.4269858], [100.5739365, 18.427155], [100.573906, 18.4272882], [100.5738379, 18.427452], [100.5737442, 18.4276039], [100.5736311, 18.4276955], [100.5734608, 18.4277755], [100.5730374, 18.4278818], [100.5719367, 18.4280299], [100.5718043, 18.4280915], [100.571704, 18.4282011], [100.5716737, 18.4283525], [100.5717729, 18.4288172], [100.5718003, 18.4290467], [100.5717764, 18.429204], [100.5717206, 18.4293375], [100.5716409, 18.4296283], [100.5716179, 18.4298824], [100.571614, 18.4301484], [100.5716861, 18.4304199], [100.5718667, 18.4307811], [100.572092, 18.4311782], [100.572387, 18.4315808], [100.5726684, 18.4318746], [100.5729813, 18.4321562], [100.573351, 18.4324191], [100.5735362, 18.4325808], [100.5736832, 18.4327307], [100.5738114, 18.4328928], [100.5738635, 18.4330556], [100.5738904, 18.4332247], [100.5738986, 18.4334301], [100.5739378, 18.4335568], [100.5740021, 18.4336711], [100.5741042, 18.4337488], [100.5747964, 18.4339486], [100.5750635, 18.4340673], [100.5751717, 18.4341329], [100.5752234, 18.4342473], [100.5752311, 18.4343923], [100.5751944, 18.4345377], [100.5750946, 18.4347018], [100.5748063, 18.4350367], [100.5745872, 18.4353226], [100.5745002, 18.4355107], [100.5744761, 18.4356379], [100.5744833, 18.4357345], [100.5745538, 18.4358307], [100.5747193, 18.4359139], [100.5750632, 18.4361287], [100.5752737, 18.4362841], [100.5753699, 18.4364224], [100.5754156, 18.4365731], [100.5754046, 18.4367545], [100.5752696, 18.4372272], [100.5750339, 18.4377792], [100.5748237, 18.4383371], [100.5747688, 18.4385734], [100.5747641, 18.4387487], [100.574829, 18.4389235], [100.5751302, 18.4393018], [100.5752782, 18.4395605], [100.5753946, 18.4398195], [100.5754599, 18.4400426], [100.5754755, 18.4403629], [100.5754535, 18.4407318], [100.5754066, 18.4411372], [100.5752602, 18.4417551], [100.5751429, 18.4420885], [100.5749072, 18.4426345], [100.5747328, 18.4429624], [100.5745082, 18.4433391], [100.5743652, 18.4436365], [100.5743163, 18.4438303], [100.5743249, 18.4440721], [100.5744635, 18.4446875], [100.574561, 18.4449587], [100.5747217, 18.4452173], [100.5749778, 18.4455175], [100.5759679, 18.4464342], [100.5764975, 18.446859], [100.5770574, 18.4472405], [100.5773063, 18.4473298], [100.5775791, 18.4473759], [100.5778833, 18.4473975], [100.5781807, 18.4473648], [100.5785093, 18.4472775], [100.5788184, 18.4471419], [100.5800595, 18.4464001], [100.5815773, 18.4454565], [100.5822328, 18.4450944], [100.5827503, 18.4448966], [100.5831861, 18.444754], [100.5836153, 18.4445932], [100.5839308, 18.4444576], [100.5841577, 18.4443348], [100.5844028, 18.4441212], [100.5851851, 18.443099], [100.5854989, 18.442776], [100.5857808, 18.4424351], [100.5860372, 18.4420763], [100.5862368, 18.4417422], [100.5863293, 18.4414694], [100.5864246, 18.4408157], [100.586459, 18.4404225], [100.5865072, 18.4401501], [100.5865868, 18.4398532], [100.5867044, 18.439556], [100.5869593, 18.4390279], [100.5871578, 18.4385729], [100.5872811, 18.4382031], [100.5873728, 18.4378457], [100.5877671, 18.4366455], [100.5879775, 18.4360997], [100.5881458, 18.4358081], [100.5883587, 18.4355464], [100.5886918, 18.4352655], [100.589594, 18.4346047], [100.5898616, 18.4343188], [100.5900939, 18.4341105], [100.5903272, 18.434014], [100.5906421, 18.4339683], [100.5911282, 18.4339385], [100.5915241, 18.4338836], [100.5918204, 18.4337865], [100.5921074, 18.4336465], [100.5923481, 18.433378], [100.5928903, 18.4325911], [100.5932113, 18.4322359], [100.5934078, 18.4320451], [100.5936585, 18.4318882], [100.5939908, 18.4317737], [100.5943146, 18.431728], [100.5946299, 18.4317339], [100.5954592, 18.4317957], [100.596333, 18.431797], [100.597053, 18.4317307], [100.5978984, 18.4315861], [100.5989322, 18.4313624], [100.5997597, 18.4312351], [100.6004258, 18.4311865], [100.6009033, 18.4311911], [100.6013272, 18.4312477], [100.601788, 18.4314071], [100.6023312, 18.4316949], [100.6028372, 18.4318711], [100.6034238, 18.4319865], [100.6040095, 18.4320074], [100.6043959, 18.4319096], [100.6049868, 18.4315263], [100.6052382, 18.4314296], [100.6055169, 18.4313756], [100.6057872, 18.4313819], [100.60604, 18.4314486], [100.6063939, 18.4316065], [100.6065819, 18.4316668], [100.6067623, 18.4316928], [100.6069422, 18.4316706], [100.6071359, 18.4315796], [100.6074294, 18.4313639], [100.6078936, 18.4309198], [100.6081645, 18.4306011], [100.6084421, 18.4302342], [100.6086988, 18.4299432], [100.6088706, 18.4298179], [100.6090284, 18.4297409], [100.6092944, 18.4296699], [100.6096111, 18.4296259], [100.6099855, 18.4295952], [100.6109653, 18.4295732], [100.6113683, 18.4295147], [100.6115332, 18.4294308], [100.6121053, 18.4289514], [100.6122772, 18.4288467], [100.6127083, 18.4287055], [100.6129593, 18.4285796], [100.6132316, 18.4284122], [100.6136609, 18.4280922], [100.6138475, 18.428008], [100.6140561, 18.427965], [100.6146249, 18.4279189], [100.6147686, 18.4278764], [100.6150116, 18.4276542], [100.615119, 18.4275846], [100.6152699, 18.4275351], [100.6153918, 18.4274722], [100.6156479, 18.4271192], [100.6157194, 18.4270636], [100.6159784, 18.4270132], [100.6162723, 18.4268457], [100.6164016, 18.426811], [100.6165312, 18.4267996], [100.6168286, 18.4268126], [100.6170014, 18.4267956], [100.6171953, 18.4267218], [100.6174432, 18.4266526], [100.6177132, 18.4266296], [100.6178863, 18.4266488], [100.6185636, 18.4268339], [100.6187745, 18.4268424], [100.6189631, 18.4267841], [100.6190812, 18.4266954], [100.619525, 18.4261964], [100.6196539, 18.4261076], [100.6197938, 18.4260445], [100.6199558, 18.4260276], [100.6203346, 18.426076], [100.6211367, 18.4263219], [100.621543, 18.4264216], [100.6218404, 18.4264397], [100.6221158, 18.4264167], [100.6224394, 18.4263417], [100.6233877, 18.4260344], [100.6236412, 18.4259858], [100.6239654, 18.4259779], [100.6243066, 18.4260575], [100.6245229, 18.426066], [100.6247712, 18.4260381], [100.6250139, 18.4259844], [100.625337, 18.4258578], [100.6255844, 18.4257319], [100.6263249, 18.4251633], [100.6266152, 18.4250009], [100.6268037, 18.4249322], [100.6270411, 18.4248889], [100.6279004, 18.4248919], [100.628219, 18.4248634], [100.6284291, 18.4247997], [100.6286172, 18.4246897], [100.6287942, 18.4245386], [100.6293129, 18.4239564], [100.6300091, 18.4232798], [100.6303253, 18.4229986], [100.6305993, 18.422826], [100.6308628, 18.4226845], [100.6310512, 18.4226106], [100.6312669, 18.4225572], [100.631472, 18.4225348], [100.6320236, 18.4225662], [100.6323207, 18.4225584], [100.6325529, 18.422541], [100.6327847, 18.4224719], [100.6330158, 18.422341], [100.6331983, 18.4222053], [100.6334072, 18.4220075], [100.6338395, 18.4214312], [100.6340215, 18.4212491], [100.634435, 18.4209721], [100.6348975, 18.420736], [100.6351723, 18.4206511], [100.6353559, 18.4206289], [100.6356262, 18.4206369], [100.6361131, 18.4206946], [100.6366485, 18.4207364], [100.6370212, 18.4207177], [100.6372584, 18.4206589], [100.6374572, 18.4205334], [100.63765, 18.420346], [100.6382327, 18.4196756], [100.6385062, 18.4194514], [100.6387536, 18.4193255], [100.6390338, 18.4192405], [100.6393737, 18.4191808], [100.6397625, 18.4191569], [100.6404657, 18.4192178], [100.6412771, 18.4193088], [100.6416722, 18.4193725], [100.6419271, 18.4194631], [100.6420901, 18.4195546], [100.6422318, 18.4196771], [100.6424013, 18.4198872], [100.6425879, 18.4201847], [100.6427902, 18.4204409], [100.643025, 18.4206916], [100.6433027, 18.4209162], [100.6436455, 18.4211557], [100.644102, 18.4214251], [100.6445416, 18.4216225], [100.6449265, 18.421743], [100.6453921, 18.4218369], [100.6458137, 18.4218488], [100.6462998, 18.4218136], [100.646764, 18.421758], [100.6474057, 18.4216132], [100.6477831, 18.4215119], [100.6480259, 18.4214788], [100.6482312, 18.4214719], [100.6484099, 18.4215013], [100.6485511, 18.4215774], [100.6486602, 18.42169], [100.6488369, 18.4220753], [100.648963, 18.4222651], [100.6490828, 18.4223672], [100.6492292, 18.4224175], [100.6494076, 18.4224263], [100.6496018, 18.4223833], [100.6497251, 18.4222842], [100.6497993, 18.4221288], [100.6498353, 18.4219377], [100.649823, 18.4217779], [100.6496765, 18.4211498], [100.6496863, 18.4210414], [100.649734, 18.420943], [100.649836, 18.4208802], [100.650014, 18.4208374], [100.6502192, 18.4208201], [100.6503378, 18.4207933], [100.650429, 18.4207255], [100.6504822, 18.4206373], [100.6505246, 18.4199767], [100.6505608, 18.4198061], [100.650646, 18.4196816], [100.6508018, 18.4195771], [100.6510226, 18.4195029], [100.6512926, 18.4194799], [100.6515036, 18.4194987], [100.6519867, 18.4197318], [100.6522033, 18.4197712], [100.6523869, 18.4197593], [100.6525432, 18.4197115], [100.6529141, 18.4195071], [100.6530702, 18.4194387], [100.6532536, 18.4194061], [100.6534642, 18.419394], [100.6536699, 18.4194232], [100.6538707, 18.4195091], [100.6540664, 18.4196363], [100.654192, 18.4197694], [100.6542799, 18.4199182], [100.6543027, 18.420047], [100.6542716, 18.4207539], [100.6543235, 18.4210888], [100.6544462, 18.42149], [100.6546291, 18.4219682], [100.6548388, 18.4224151], [100.6550809, 18.4228721], [100.6556299, 18.4237649], [100.6559269, 18.4243039], [100.6559877, 18.4244478], [100.6560215, 18.424592], [100.6560394, 18.4247672], [100.656073, 18.4248907], [100.6561388, 18.4249881], [100.6562585, 18.4250748], [100.6564101, 18.4251044], [100.656853, 18.4250799], [100.6570962, 18.4250829], [100.6573237, 18.4251274], [100.6575352, 18.4252132], [100.6579371, 18.4254109], [100.658192, 18.4255067], [100.6590265, 18.4257418], [100.6594494, 18.4258877], [100.6597805, 18.4260344], [100.660444, 18.4264722], [100.6607654, 18.4267325], [100.6610929, 18.4270701], [100.6613443, 18.4273619], [100.6616282, 18.4276586], [100.6617916, 18.4277913], [100.6620195, 18.4278873], [100.6622956, 18.4279365], [100.6627172, 18.4279483], [100.6637328, 18.4278428], [100.663949, 18.4278478], [100.6641439, 18.4278804], [100.6643104, 18.4279615], [100.6644704, 18.4281114], [100.6645727, 18.4282618], [100.6646764, 18.4285498], [100.6647517, 18.428893], [100.6648435, 18.4294424], [100.6650147, 18.4317476], [100.6650665, 18.4321804], [100.6651162, 18.4324111], [100.6651913, 18.4325713], [100.6653094, 18.4327147], [100.6654487, 18.4328126], [100.6656705, 18.4329427], [100.6659181, 18.4330643], [100.6661349, 18.4331284], [100.6663167, 18.4331557], [100.666736, 18.4331479], [100.6670091, 18.4331133], [100.667231, 18.4333259], [100.6675638, 18.433743], [100.667677, 18.4339451], [100.6678857, 18.4345294], [100.6685002, 18.4355579], [100.6685842, 18.4357464], [100.6686839, 18.4360594], [100.6687626, 18.4361926], [100.668841, 18.436298], [100.6690381, 18.436425], [100.669104, 18.4364902], [100.6691889, 18.4366486], [100.6692366, 18.4367036], [100.6693169, 18.4367514], [100.6700297, 18.4369528], [100.6705721, 18.4371557], [100.6706993, 18.4371858], [100.6709787, 18.4371937], [100.6711783, 18.4372127], [100.6713455, 18.4372458], [100.6717643, 18.4374222], [100.6719206, 18.4374623], [100.6721495, 18.4375018], [100.6723999, 18.43751], [100.672835, 18.4374993], [100.6730348, 18.4375321], [100.6730931, 18.4375628], [100.6731774, 18.4376555], [100.6732835, 18.4377411], [100.673382, 18.4378025], [100.6735311, 18.4378497], [100.6741883, 18.43792], [100.6744901, 18.4380005], [100.6746141, 18.4380721], [100.6750673, 18.4384211], [100.675348, 18.4385675], [100.6764762, 18.438966], [100.6771634, 18.4391365], [100.6773994, 18.439169], [100.6776208, 18.4391809], [100.6778454, 18.4391582], [100.6780881, 18.4391179], [100.6786918, 18.4389118], [100.6789343, 18.4388612], [100.6791409, 18.4388525], [100.6793989, 18.4388952], [100.6797597, 18.4390755], [100.6800072, 18.4391667], [100.6802945, 18.4392403], [100.6805814, 18.4392759], [100.6808207, 18.4392738], [100.6810018, 18.4392514], [100.6811754, 18.4391979], [100.681688, 18.4389476], [100.6818653, 18.438901], [100.6820464, 18.4388717], [100.682311, 18.438859], [100.6826123, 18.4388875], [100.6828305, 18.4389479], [100.6829907, 18.4390122], [100.6830785, 18.4390841], [100.6832809, 18.43938], [100.6833684, 18.4394346], [100.6834957, 18.4394647], [100.6838769, 18.4394994], [100.6840845, 18.4395945], [100.6842566, 18.4397625], [100.6843552, 18.4398309], [100.6844898, 18.4398712], [100.684769, 18.4398584], [100.6849173, 18.4398155], [100.685123, 18.4397168], [100.6855089, 18.4394918], [100.6856747, 18.4393796], [100.6858113, 18.4392606], [100.6860872, 18.4389051], [100.6861188, 18.4388079], [100.6861211, 18.4386625], [100.686079, 18.4384413], [100.686121, 18.4382852], [100.6863005, 18.4381001], [100.6864416, 18.4376904], [100.6865346, 18.4375511], [100.6866423, 18.4374359], [100.6867829, 18.4373516], [100.6869346, 18.4372914], [100.687083, 18.4372624], [100.6872498, 18.4372574], [100.6873914, 18.4372735], [100.6875297, 18.4373138], [100.6876499, 18.4373681], [100.6877734, 18.4373912], [100.6880452, 18.437368], [100.6881613, 18.4373739], [100.6882777, 18.437404], [100.6883979, 18.4374514], [100.6887776, 18.4377077], [100.6888975, 18.4377343], [100.689028, 18.4377297], [100.6893213, 18.4376786], [100.6894446, 18.437674], [100.6895462, 18.4376835], [100.6899097, 18.4377668], [100.6900694, 18.4377689], [100.6902613, 18.4377429], [100.6904312, 18.4376826], [100.6905536, 18.4375915], [100.6906973, 18.4374517], [100.6908154, 18.4372845], [100.6909258, 18.4370758], [100.6910167, 18.4367254], [100.6910366, 18.4365418], [100.6910532, 18.436012], [100.6910766, 18.435811], [100.6911189, 18.435686], [100.6911831, 18.4355746], [100.6913015, 18.4354455], [100.6914312, 18.4353474], [100.6915937, 18.4352837], [100.6917928, 18.4352369], [100.6920391, 18.435207], [100.692391, 18.4352143], [100.6925653, 18.4352404], [100.693009, 18.4353645], [100.6931802, 18.4354322], [100.6933402, 18.4354758], [100.6935364, 18.4355156], [100.6937577, 18.4355205], [100.6941526, 18.4354789], [100.6943153, 18.435429], [100.6944487, 18.4353447], [100.6945527, 18.4352261], [100.6946098, 18.4351252], [100.6949184, 18.4340459], [100.6949892, 18.4338756], [100.6950641, 18.4337469], [100.6951683, 18.4336456], [100.6952947, 18.4335856], [100.6954756, 18.4335424], [100.6956676, 18.43352], [100.6960522, 18.4335408], [100.6962299, 18.4335357], [100.6965409, 18.4334429], [100.6967141, 18.4333479], [100.6968579, 18.433222], [100.6969401, 18.4330966], [100.6971091, 18.4325828], [100.6971949, 18.432454], [100.6973529, 18.4322933], [100.6974756, 18.4322299], [100.6976456, 18.4321868], [100.6978376, 18.4321574], [100.6985608, 18.4321033], [100.6986673, 18.4320704], [100.6987286, 18.4320352], [100.6987601, 18.4319207], [100.6987416, 18.4318793], [100.6983504, 18.4315644], [100.6982217, 18.4313821], [100.6981733, 18.4312579], [100.6981578, 18.4311611], [100.6981749, 18.4310571], [100.6982175, 18.4309598], [100.6982965, 18.4308795], [100.6984155, 18.4308126], [100.6985096, 18.4307875], [100.6986003, 18.4307867], [100.6986985, 18.430817], [100.6990668, 18.4310214], [100.6992306, 18.4310788], [100.6993796, 18.4311086], [100.6995247, 18.4311177], [100.6996841, 18.431099], [100.6998142, 18.4310493], [100.6999114, 18.4309792], [100.7000547, 18.4308014], [100.7001481, 18.4307071], [100.7002202, 18.4306615], [100.7003214, 18.4306259], [100.700702, 18.4306052], [100.7011067, 18.4304493], [100.7012766, 18.4303993], [100.7014795, 18.4303732], [100.7016899, 18.4303783], [100.7018898, 18.4304215], [100.7022069, 18.4305813], [100.7023894, 18.4307043], [100.7026565, 18.4309408], [100.7028727, 18.4311604], [100.7033921, 18.4316127], [100.7036513, 18.43178], [100.7038518, 18.431882], [100.7042268, 18.4320309], [100.7044272, 18.4321261], [100.704694, 18.4323279], [100.7048042, 18.4324689], [100.7048847, 18.4325408], [100.7054237, 18.4327748], [100.7055919, 18.4329118], [100.7057202, 18.4330491], [100.7059223, 18.4333173], [100.7063371, 18.4339137], [100.7064251, 18.434099], [100.7067088, 18.4348234], [100.7068196, 18.4350258], [100.7069391, 18.4351934], [100.7070537, 18.4353136], [100.7071496, 18.4353863], [100.7073365, 18.4354884], [100.7075731, 18.4355728], [100.7087281, 18.4359302], [100.7096473, 18.4362768], [100.7101937, 18.4365142], [100.7109867, 18.4369311], [100.7112916, 18.4370451], [100.7116623, 18.4371678], [100.7120543, 18.4372671], [100.7124688, 18.4373444], [100.7128204, 18.4373737], [100.7131489, 18.4373545], [100.7134599, 18.4372814], [100.7137416, 18.4371166], [100.7146564, 18.4362213], [100.714831, 18.4361116], [100.7149947, 18.4360452], [100.7151701, 18.4360165], [100.715391, 18.4360091], [100.7156919, 18.4360551], [100.7163108, 18.4361847], [100.7165944, 18.4362038], [100.7168433, 18.4361637], [100.7170916, 18.4360532], [100.7173731, 18.4358668], [100.7175751, 18.4356703], [100.7178101, 18.4353598], [100.7179713, 18.4350447], [100.718065, 18.4347788], [100.7182175, 18.4341554], [100.718565, 18.4332003], [100.7185968, 18.4329837], [100.7185777, 18.4327675], [100.7184415, 18.4321792], [100.7183076, 18.431818], [100.7181572, 18.4315165], [100.7179507, 18.4312641], [100.7177621, 18.4311036], [100.7176138, 18.4310021], [100.7174429, 18.4309171], [100.7172611, 18.4308647], [100.71704, 18.4308559], [100.7161679, 18.4309179], [100.7160032, 18.4308815], [100.7158778, 18.4308123], [100.7157919, 18.4307211], [100.7156698, 18.4304031], [100.7156333, 18.4301547], [100.7156374, 18.4299924], [100.7157593, 18.4297154], [100.7161448, 18.4291656], [100.7162335, 18.4289647], [100.7162426, 18.4287375], [100.7162123, 18.428543], [100.716142, 18.4283111], [100.7160439, 18.4281281], [100.71578, 18.4278005], [100.7148866, 18.4268566], [100.7147139, 18.4265824], [100.7146267, 18.4263668], [100.7145848, 18.42614], [100.7145818, 18.4258317], [100.7146121, 18.4254637], [100.7146754, 18.4249871], [100.7149839, 18.4241027], [100.7150931, 18.4236798], [100.7152355, 18.4226076], [100.7153018, 18.4224393], [100.7153967, 18.4222924], [100.7155761, 18.4221069], [100.7159136, 18.4218551], [100.7164542, 18.4215094], [100.7167982, 18.421344], [100.717143, 18.4212598], [100.7175053, 18.4212241], [100.7178287, 18.4212644], [100.7181583, 18.4213588], [100.7185111, 18.4215016], [100.7187787, 18.4216344], [100.7192413, 18.421998], [100.7196234, 18.422238], [100.7198394, 18.4223063], [100.7200208, 18.4223209], [100.7202132, 18.4222921], [100.7206595, 18.4221529], [100.7213251, 18.4218494], [100.7218039, 18.4215583], [100.7221411, 18.4212794], [100.7227803, 18.4205976], [100.7230051, 18.4204116], [100.7232134, 18.4202745], [100.7234842, 18.4201585], [100.7237556, 18.4200965], [100.7240615, 18.4200829], [100.7243733, 18.4201017], [100.7246403, 18.420175], [100.724857, 18.4203029], [100.7250001, 18.4204476], [100.7251609, 18.4206625], [100.7253744, 18.4210554], [100.7255241, 18.421292], [100.7257014, 18.4214581], [100.7259007, 18.4215536], [100.7261561, 18.4215946], [100.726394, 18.4215816], [100.7266762, 18.4214708], [100.7268901, 18.4213283], [100.7275807, 18.4206892], [100.7282211, 18.4201316], [100.7287276, 18.4197809], [100.7289533, 18.4196815], [100.7291286, 18.4196474], [100.7293384, 18.4196617], [100.7295488, 18.4197355], [100.7301532, 18.420114], [100.7304721, 18.4202734], [100.7307166, 18.4203577], [100.7309891, 18.4204039], [100.7312498, 18.4204069], [100.731544, 18.420361], [100.7318322, 18.4202826], [100.7331194, 18.4198112], [100.7338028, 18.4195886], [100.73408, 18.4195428], [100.7343179, 18.4195352], [100.7344939, 18.4195714], [100.7346647, 18.4196456], [100.7348189, 18.4197686], [100.7348727, 18.4198538], [100.7348974, 18.4199445], [100.7348952, 18.4200581], [100.7348725, 18.4201751], [100.7347433, 18.4205106], [100.7345903, 18.4208495], [100.7341527, 18.4216258], [100.7340789, 18.4218103], [100.7340465, 18.4219728], [100.7340291, 18.4223543], [100.7340535, 18.4226624], [100.7341031, 18.4229459], [100.7341819, 18.4231764], [100.7342726, 18.4233256], [100.7343688, 18.4234266], [100.7344714, 18.4234873], [100.7346044, 18.4235218], [100.7347506, 18.4235269], [100.7352803, 18.4234604], [100.7355898, 18.4234673], [100.7356971, 18.4234911], [100.7358422, 18.4235462], [100.7363859, 18.4238565], [100.736668, 18.4239578], [100.7370179, 18.4240455], [100.7374537, 18.4241064], [100.7376245, 18.4241127], [100.7378947, 18.4239758], [100.7383068, 18.4237038], [100.7392658, 18.4232608], [100.7409598, 18.4227216], [100.7422009, 18.4223909], [100.7428293, 18.422334], [100.7435657, 18.4223783], [100.744007, 18.4223487], [100.7445411, 18.4222417], [100.7448742, 18.4220981], [100.7457421, 18.4219163], [100.7469779, 18.4217914], [100.7483811, 18.4217558], [100.7494979, 18.4216319], [100.7507091, 18.4214391], [100.7517791, 18.4213839], [100.7523461, 18.4213232], [100.7531229, 18.42121], [100.7540888, 18.4211056], [100.7549893, 18.4211291], [100.7554536, 18.4212262], [100.7555912, 18.4213081], [100.7558607, 18.4215772], [100.756211, 18.4221362], [100.7567864, 18.4229796], [100.7573068, 18.4238871], [100.7575602, 18.4242521], [100.7580759, 18.4248257], [100.7587969, 18.4253569], [100.7589207, 18.4254116], [100.7591052, 18.4254426], [100.7593287, 18.425429], [100.7598652, 18.4252798], [100.760197, 18.4252248], [100.7604992, 18.4252162], [100.7608018, 18.4252538], [100.7611473, 18.4253486], [100.7614509, 18.4254901], [100.7617739, 18.4257467], [100.7619935, 18.4259466], [100.7621152, 18.4260262], [100.7622425, 18.4260596], [100.7623876, 18.4260641], [100.7627917, 18.4259795], [100.7629305, 18.4259609], [100.7630394, 18.4259657], [100.7631788, 18.4260048], [100.7634036, 18.4261181], [100.7638234, 18.4263853], [100.7641271, 18.4265325], [100.7643815, 18.4265821], [100.7646233, 18.4265856], [100.7648462, 18.4265143], [100.7651404, 18.4263212], [100.76553, 18.4260002], [100.7663075, 18.4251969], [100.7666011, 18.4249403], [100.7669015, 18.4247586], [100.7673594, 18.4246217], [100.7676734, 18.4245899], [100.7680482, 18.424598], [100.7684415, 18.4246347], [100.7697365, 18.4247899], [100.7700992, 18.4247923], [100.7703284, 18.424744], [100.7705088, 18.42465], [100.7707544, 18.42444], [100.7709885, 18.4242821], [100.7711089, 18.4242348], [100.7712479, 18.4242278], [100.7714114, 18.4242608], [100.7720692, 18.4247451], [100.7724644, 18.4249779], [100.7728409, 18.4251475], [100.7732168, 18.4252594], [100.7736469, 18.4253534], [100.7739076, 18.425426], [100.7741081, 18.4255337], [100.7746931, 18.4259898], [100.7750095, 18.4261945], [100.7754407, 18.4263982], [100.775865, 18.4265154], [100.7764035, 18.426568], [100.7769412, 18.4265457], [100.77743, 18.4264719], [100.7779788, 18.4263456], [100.7785868, 18.4261091], [100.7792301, 18.4257743], [100.7795602, 18.4255462], [100.7799614, 18.425179], [100.7807991, 18.4243519], [100.7810329, 18.4241708], [100.7812432, 18.4240477], [100.7814722, 18.4239763], [100.7816837, 18.4239743], [100.7819077, 18.4240126], [100.7820777, 18.424086], [100.7830897, 18.4249246], [100.7835162, 18.4252552], [100.7839666, 18.4255567], [100.7844467, 18.4258118], [100.7850716, 18.4260367], [100.7855501, 18.4261361], [100.786016, 18.4261836], [100.7864875, 18.426185], [100.7872124, 18.4261493], [100.7879793, 18.4260786], [100.7885767, 18.4259864], [100.7889984, 18.425844], [100.7893411, 18.4256677], [100.7896344, 18.4253938], [100.7899392, 18.4250621], [100.7907069, 18.4238952], [100.7908859, 18.4236743], [100.791036, 18.4235806], [100.7912166, 18.4235097], [100.7914217, 18.4234731], [100.7916999, 18.423482], [100.7919965, 18.4235311], [100.7923414, 18.4235683], [100.7926072, 18.4235485], [100.7929206, 18.4234647], [100.7933242, 18.4233282], [100.7935654, 18.4232798], [100.7938554, 18.4232713], [100.7941401, 18.4233321], [100.7943893, 18.4234624], [100.7945785, 18.4236394], [100.7949829, 18.4241664], [100.7954344, 18.4245775], [100.7955631, 18.4247436], [100.7956069, 18.4248874], [100.7956144, 18.4250258], [100.7955307, 18.4256958], [100.7954998, 18.4262153], [100.7955276, 18.426567], [100.7955723, 18.4267973], [100.7956597, 18.4270676], [100.7961219, 18.4279171], [100.7962024, 18.4281067], [100.7963582, 18.4285552], [100.7964562, 18.4286812], [100.7965961, 18.4287607], [100.7967536, 18.4287996], [100.7969649, 18.4287745], [100.7973082, 18.4286559], [100.7976992, 18.4284733], [100.7984094, 18.4281839], [100.7989579, 18.4280345], [100.7994524, 18.427926], [100.8008047, 18.4277689], [100.8017453, 18.4275465], [100.802198, 18.4274903], [100.8023613, 18.4274945], [100.8025189, 18.4275449], [100.8026105, 18.4276306], [100.8026782, 18.4277511], [100.8026921, 18.4279183], [100.8026674, 18.4284551], [100.8027011, 18.4287893], [100.8027885, 18.4290539], [100.8029356, 18.4292429], [100.8031426, 18.4293909], [100.8034034, 18.429475], [100.8036999, 18.4295068], [100.804032, 18.4294748], [100.8043818, 18.4293964], [100.8049059, 18.4292299], [100.8053754, 18.4290408], [100.805742, 18.4288412], [100.8060122, 18.4286713], [100.8063239, 18.4284261], [100.8067372, 18.4280587], [100.8071794, 18.4275814], [100.8077179, 18.4270513], [100.8079755, 18.4268296], [100.8081737, 18.4267066], [100.8083663, 18.4266355], [100.8085775, 18.4266046], [100.8088256, 18.4266311], [100.8091228, 18.4267264], [100.8095301, 18.4269475], [100.8101526, 18.4272307], [100.8107597, 18.4274845], [100.8120637, 18.427912], [100.812443, 18.4280598], [100.8126559, 18.4281876], [100.812816, 18.4283303], [100.8129088, 18.4285313], [100.8130736, 18.4291139], [100.8131743, 18.4293509], [100.8133044, 18.4295083], [100.8134947, 18.4296507], [100.8137222, 18.4297278], [100.814025, 18.4297826], [100.8144935, 18.4297926], [100.8149238, 18.4297524], [100.8154739, 18.4296174], [100.8159025, 18.4294185], [100.8161499, 18.4292359], [100.8164936, 18.428872], [100.8168663, 18.4283853], [100.8173661, 18.4277748], [100.8178669, 18.4272652], [100.8182564, 18.4269441], [100.8186094, 18.4267461], [100.8189705, 18.4265984], [100.81937, 18.426508], [100.8198603, 18.4264312], [100.8207664, 18.4263864], [100.8214241, 18.4264162], [100.8217724, 18.4264922], [100.8220536, 18.4266481], [100.822206, 18.4267693], [100.8229247, 18.4275772], [100.8232597, 18.4278192], [100.8235633, 18.4279533], [100.8238587, 18.4280226], [100.8242366, 18.4280406], [100.8246591, 18.427986], [100.8250888, 18.4278954], [100.825503, 18.4277688], [100.8258567, 18.4276284], [100.8264351, 18.4273127], [100.8270656, 18.4269245], [100.8285284, 18.4259296], [100.8290614, 18.4256072], [100.8295124, 18.4253865], [100.8299112, 18.4252385], [100.8303028, 18.4251121], [100.8306268, 18.4250369], [100.8310345, 18.4250041], [100.8314276, 18.4250291], [100.8317306, 18.4251055], [100.8320645, 18.4252465], [100.832654, 18.4255517], [100.8328542, 18.4256189], [100.8330116, 18.4256405], [100.8331382, 18.4256104], [100.8333004, 18.4255166], [100.834312, 18.4245895], [100.8345878, 18.4243792], [100.8347863, 18.4242907], [100.8349734, 18.4242601], [100.8352031, 18.4242636], [100.8354457, 18.4243478], [100.8357981, 18.4245175], [100.8361147, 18.4247336], [100.8362803, 18.4249628], [100.8363309, 18.42517], [100.836203, 18.42565], [100.8360313, 18.4259863], [100.8358401, 18.4264865], [100.8357162, 18.4269131], [100.8356228, 18.4273611], [100.8356034, 18.4276714], [100.8356292, 18.4279668], [100.8356995, 18.4281825], [100.8358146, 18.4283472], [100.8359441, 18.4284469], [100.8361184, 18.4284957], [100.8363071, 18.4284867], [100.8366387, 18.4284042], [100.8370157, 18.4283356], [100.8374159, 18.4283101], [100.8377864, 18.4283426], [100.8381351, 18.4284474], [100.8391894, 18.4288338], [100.8396515, 18.4289519], [100.8399613, 18.4289561], [100.8402177, 18.4289103], [100.840662, 18.428769], [100.8410315, 18.4287078], [100.8413336, 18.4286904], [100.8416513, 18.4287306], [100.8430006, 18.429143], [100.8438114, 18.4293731], [100.8445916, 18.4295602], [100.845822, 18.4298087], [100.8459666, 18.4290177], [100.8460242, 18.428579], [100.8460633, 18.4279945], [100.8460699, 18.4275564], [100.8460488, 18.4271672], [100.8458714, 18.4259466], [100.8457835, 18.4251362], [100.8457743, 18.4248118], [100.8457942, 18.4245466], [100.8458256, 18.4243083], [100.8459446, 18.4237771], [100.846146, 18.4230071], [100.8463218, 18.4224808], [100.8465537, 18.4219161], [100.8476595, 18.419748], [100.8484034, 18.4184427], [100.8488266, 18.4176071], [100.8490895, 18.4170231], [100.849295, 18.4163788], [100.8493555, 18.4160673], [100.8493736, 18.4157806], [100.8493705, 18.4154857], [100.8493387, 18.4151615], [100.8492716, 18.4148444], [100.8491769, 18.414602], [100.8490616, 18.4144138], [100.8488323, 18.4141659], [100.848468, 18.4138787], [100.848289, 18.4136912], [100.8481809, 18.4135164], [100.8480923, 18.413186], [100.848019, 18.4094846], [100.8479809, 18.408271], [100.8480021, 18.4078983], [100.8481562, 18.4070074], [100.848203, 18.4066704], [100.848236, 18.4062254], [100.8482085, 18.4048314], [100.8480019, 18.4031628], [100.8478313, 18.4025155], [100.8472647, 18.4008564], [100.8471807, 18.4005399], [100.8471377, 18.4002807], [100.8471252, 18.4000597], [100.8471635, 18.399867], [100.8472416, 18.3996355], [100.8475863, 18.3989014], [100.8476743, 18.3986602], [100.8477221, 18.3984193], [100.8477301, 18.3982173], [100.8477078, 18.3980156], [100.8475474, 18.3971422], [100.8473558, 18.3961826], [100.8472904, 18.3957121], [100.8472661, 18.3953181], [100.8472915, 18.3948755], [100.8473681, 18.3944998], [100.8476214, 18.3936993], [100.8482666, 18.3918662], [100.8486304, 18.3910357], [100.8487892, 18.390813], [100.848959, 18.3906864], [100.8495105, 18.3904599], [100.8498808, 18.3902351], [100.8505104, 18.3897771], [100.8511988, 18.3891647], [100.8517566, 18.3885823], [100.8520941, 18.3881271], [100.8527363, 18.3869575], [100.8529046, 18.3866866], [100.8530536, 18.3864928], [100.853243, 18.3863179], [100.8549243, 18.3853208], [100.8556055, 18.3849776], [100.8565589, 18.3846606], [100.8568696, 18.3845259], [100.8571739, 18.3843537], [100.8574696, 18.3841277], [100.8576286, 18.3839262], [100.8577153, 18.3837484], [100.8577774, 18.3835248], [100.8577575, 18.3831711], [100.8576912, 18.3830025], [100.8574694, 18.3826047], [100.8574272, 18.3824282], [100.857417, 18.3822206], [100.8574418, 18.3815358], [100.8573764, 18.3806903], [100.857298, 18.3801372], [100.8572055, 18.3797766], [100.8568331, 18.3788572], [100.8567829, 18.3786808], [100.8567651, 18.3785271], [100.8567796, 18.3783731], [100.8568259, 18.3781881], [100.856952, 18.3779253], [100.8577913, 18.3765479], [100.8583064, 18.3757506], [100.859212, 18.3745572], [100.860771, 18.3726882], [100.8613744, 18.3718593], [100.8615498, 18.3716883], [100.8617179, 18.3715867], [100.8619187, 18.3715309], [100.8621843, 18.3715052], [100.8631023, 18.3714654], [100.8639081, 18.3714883], [100.8642792, 18.3715308], [100.8645458, 18.3716051], [100.8647967, 18.3717104], [100.8650392, 18.3717849], [100.8653297, 18.3718282], [100.8656278, 18.371833], [100.8659656, 18.3717758], [100.8661903, 18.3716967], [100.8665422, 18.3714548], [100.8672604, 18.3708247], [100.8677477, 18.3704353], [100.868323, 18.3699989], [100.8691946, 18.3693904], [100.8697708, 18.3690386], [100.8711329, 18.3683483], [100.8715339, 18.3681828], [100.8719353, 18.3680481], [100.8723853, 18.3679437], [100.872836, 18.3679008], [100.8732631, 18.3679197], [100.873691, 18.3680078], [100.8741274, 18.3681343], [100.8746929, 18.3682748], [100.8751367, 18.3683474], [100.8755315, 18.3683512], [100.8758453, 18.3683096], [100.8761506, 18.3682374], [100.8765274, 18.3680645], [100.8769109, 18.3677761], [100.8772291, 18.367396], [100.8774189, 18.3670711], [100.8774972, 18.3668626], [100.8775187, 18.3666163], [100.8774986, 18.3662473], [100.8774445, 18.3657094], [100.8772778, 18.3644495], [100.8772682, 18.363565], [100.8773034, 18.3630955], [100.8777779, 18.3600448], [100.8779465, 18.3592432], [100.8780638, 18.3589189], [100.8782451, 18.3585556], [100.8790623, 18.3573938], [100.8795756, 18.3564426], [100.880064, 18.3554224], [100.8803691, 18.3545887], [100.8806882, 18.3535548], [100.8816968, 18.3499912], [100.8819228, 18.349289], [100.8820153, 18.3489034], [100.8820595, 18.3485261], [100.8821432, 18.3473253], [100.8822178, 18.3467785], [100.88237, 18.3459539], [100.8827356, 18.3447581], [100.8829861, 18.3440941], [100.8834988, 18.343089], [100.8838386, 18.342478], [100.884377, 18.3416189], [100.8848765, 18.3408909], [100.8855855, 18.3398147], [100.8857181, 18.339566], [100.8859746, 18.3389727], [100.886027, 18.3388847], [100.8860851, 18.3388221], [100.8862267, 18.3387587], [100.8863224, 18.3387489], [100.8864216, 18.3387627], [100.8868001, 18.3388771], [100.8868899, 18.3388821], [100.8877887, 18.3387698], [100.8879774, 18.3387709], [100.888414, 18.3388168], [100.8889866, 18.3388554], [100.8893389, 18.3388224], [100.8894127, 18.3387862], [100.8894587, 18.3387444], [100.8894951, 18.3386791], [100.8895067, 18.338611], [100.8894967, 18.3385491], [100.8892845, 18.3380875], [100.8889992, 18.3377358], [100.8888641, 18.3375363], [100.8886871, 18.3371925], [100.8886551, 18.3370924], [100.888641, 18.3369301], [100.888682, 18.3367259], [100.8887767, 18.3366156], [100.8888382, 18.3365825], [100.8889, 18.3365701], [100.8889961, 18.3365928], [100.8891585, 18.3367418], [100.8898431, 18.337119], [100.8903295, 18.3374804], [100.8904853, 18.3375823], [100.890647, 18.3376634], [100.891069, 18.3377892], [100.8923952, 18.3380152], [100.8933969, 18.3382593], [100.893549, 18.3383139], [100.8937486, 18.3384626], [100.8938083, 18.3385447], [100.8938435, 18.3386536], [100.8938635, 18.3387863], [100.8938756, 18.3393268], [100.8938926, 18.3394713], [100.8939248, 18.3395891], [100.893985, 18.3397185], [100.8940889, 18.3398888], [100.8942142, 18.3400323], [100.8943421, 18.3401314], [100.8944572, 18.3401923], [100.8945814, 18.3402324], [100.8947115, 18.3402518], [100.8948382, 18.3402447], [100.8957769, 18.3400994], [100.8960675, 18.3400906], [100.8963624, 18.3401822], [100.8966174, 18.3403126], [100.896966, 18.3405159], [100.8971064, 18.3406208], [100.8972693, 18.3408112], [100.8973419, 18.3409464], [100.8975015, 18.3413967], [100.8978766, 18.3426069], [100.8982201, 18.3434723], [100.8984098, 18.3442051], [100.8984917, 18.3446215], [100.8985897, 18.3454586], [100.8986641, 18.3458935], [100.8987412, 18.3462251], [100.8988361, 18.3464235], [100.8989421, 18.3465664], [100.8990592, 18.3466723], [100.8991839, 18.346756], [100.8993276, 18.3468173], [100.8994477, 18.3468383], [100.8995599, 18.3468483], [100.8997746, 18.3468214], [100.8998485, 18.3467941], [100.8999099, 18.3467521], [100.8999557, 18.3466955], [100.8999977, 18.346574], [100.8999984, 18.3463584], [100.8999658, 18.3462051], [100.8996322, 18.3453962], [100.8993245, 18.3441262], [100.8992947, 18.3439463], [100.8992885, 18.3436687], [100.8993113, 18.3434854], [100.8993622, 18.3433313], [100.8994196, 18.3432126], [100.899499, 18.3431202], [100.8995911, 18.3430484], [100.8997141, 18.342991], [100.8998838, 18.3429451], [100.900066, 18.3429226], [100.9002238, 18.3429239], [100.9004003, 18.3429488], [100.9006299, 18.3430085], [100.9018224, 18.3434485], [100.902389, 18.3436433], [100.902828, 18.343831], [100.9031624, 18.3440085], [100.9033302, 18.3441508], [100.9034403, 18.3443159], [100.9035003, 18.3445036], [100.9035136, 18.3446585], [100.9034961, 18.3448212], [100.9034323, 18.3449953], [100.9033489, 18.3451549], [100.9032002, 18.3453373], [100.9029206, 18.3455586], [100.9027329, 18.3457444], [100.9025381, 18.3459605], [100.9023704, 18.34618], [100.902264, 18.3463509], [100.9020981, 18.3467402], [100.9020725, 18.3468734], [100.9020853, 18.346984], [100.9021212, 18.3470797], [100.9021956, 18.3471676], [100.9023318, 18.3472474], [100.9038504, 18.3478747], [100.9042818, 18.3480734], [100.9044726, 18.3481934], [100.9045898, 18.3483067], [100.9047309, 18.3484825], [100.904904, 18.3487539], [100.9050697, 18.349055], [100.9054532, 18.3498302], [100.9055714, 18.3500321], [100.9056656, 18.3501567], [100.9057865, 18.3502478], [100.9059302, 18.3503128], [100.9060697, 18.3503373], [100.9062127, 18.3503285], [100.9063707, 18.3502863], [100.9064937, 18.3502186], [100.906574, 18.3501329], [100.9066384, 18.3500178], [100.9066967, 18.3496923], [100.9067236, 18.3493265], [100.9067971, 18.348975], [100.9068326, 18.3486903], [100.9068513, 18.348273], [100.9068554, 18.3475936], [100.9068335, 18.3470104], [100.9067395, 18.3461917], [100.9067205, 18.3458707], [100.9067301, 18.3456897], [100.9067742, 18.3454788], [100.9068271, 18.3453675], [100.9069072, 18.3452707], [100.9070067, 18.3451774], [100.9071066, 18.345121], [100.9072452, 18.345068], [100.9074228, 18.3450366], [100.9076624, 18.3450269], [100.9078907, 18.3450504], [100.9081813, 18.3451029], [100.9086079, 18.3452278], [100.9091087, 18.3454111], [100.9093652, 18.3455341], [100.9095015, 18.3456176], [100.909568, 18.3456871], [100.9096115, 18.3457753], [100.9096401, 18.3459153], [100.9096381, 18.3460889], [100.9096092, 18.3462701], [100.9095493, 18.3464479], [100.9092079, 18.3470494], [100.9089869, 18.347347], [100.9088075, 18.3475556], [100.9084284, 18.347888], [100.9083522, 18.3479884], [100.9083067, 18.3480738], [100.9082959, 18.3481477], [100.9083207, 18.3482915], [100.9084736, 18.3484893], [100.9087786, 18.3487927], [100.9092858, 18.3492085], [100.9094648, 18.3493175], [100.9098147, 18.3494949], [100.9106891, 18.3498996], [100.9111941, 18.3501161], [100.911671, 18.3502295], [100.9119261, 18.3502269], [100.9120572, 18.3501924], [100.912653, 18.3498726], [100.9128011, 18.3498404], [100.913089, 18.3498671], [100.9132526, 18.3498329], [100.9133264, 18.3497938], [100.9133661, 18.3497491], [100.9133901, 18.3496839], [100.9134425, 18.3491044], [100.913499, 18.3488941], [100.9135837, 18.348722], [100.913751, 18.3484663], [100.9139617, 18.348222], [100.9141194, 18.3480768], [100.9144534, 18.3478593], [100.9146037, 18.3478098], [100.9147658, 18.3477897], [100.9149592, 18.3477914], [100.9151336, 18.3478303], [100.9152733, 18.3478806], [100.9154019, 18.3479716], [100.9155232, 18.3480996], [100.9156255, 18.348261], [100.9157168, 18.3484779], [100.9157499, 18.3486769], [100.915748, 18.3488542], [100.915719, 18.349028], [100.9154407, 18.3497323], [100.9151714, 18.3502076], [100.9148443, 18.3507019], [100.9143419, 18.3514232], [100.9139533, 18.3519477], [100.913755, 18.3521971], [100.9136249, 18.3523239], [100.9131798, 18.3526349], [100.9130536, 18.3527616], [100.9129662, 18.3528954], [100.9129247, 18.3529919], [100.9128989, 18.3531066], [100.9129126, 18.3532947], [100.9129482, 18.3533682], [100.9130108, 18.353434], [100.9131159, 18.3534994], [100.9132128, 18.3535243], [100.9134216, 18.3535185], [100.9135256, 18.3534879], [100.9136718, 18.3534163], [100.9141631, 18.3530939], [100.9142593, 18.3530486], [100.9143634, 18.3530217], [100.9144717, 18.3530243], [100.9145647, 18.3530492], [100.9146426, 18.3530964], [100.9147052, 18.353166], [100.9147684, 18.3532872], [100.9147971, 18.3534309], [100.9147877, 18.3536377], [100.9147438, 18.353856], [100.9145063, 18.3544085], [100.9144397, 18.3546824], [100.9144577, 18.3549185], [100.9145015, 18.3550288], [100.9146114, 18.3551754], [100.9150169, 18.3555123], [100.9152603, 18.3556802], [100.9155036, 18.3558324], [100.9160171, 18.356092], [100.9162874, 18.3562125], [100.9168274, 18.3563879], [100.9171518, 18.3564292], [100.9174484, 18.3564393], [100.9177042, 18.3564892], [100.9180133, 18.3566381], [100.9181599, 18.3567389], [100.9182543, 18.3568297], [100.9183489, 18.3569467], [100.9184107, 18.3570719], [100.9184546, 18.3573204], [100.9184451, 18.3574568], [100.9184162, 18.3575698], [100.9182127, 18.3580332], [100.9181434, 18.3582253], [100.9180984, 18.3583778], [100.9180834, 18.358509], [100.9180903, 18.3586348], [100.9181139, 18.3587839], [100.9181794, 18.3589982], [100.9182526, 18.3591626], [100.9183392, 18.3592981], [100.9184447, 18.3594045], [100.918547, 18.3594716], [100.9186628, 18.3595124], [100.9187893, 18.3595321], [100.9189977, 18.3595116], [100.9191097, 18.3594633], [100.919246, 18.359378], [100.9195155, 18.3591709], [100.9201247, 18.358651], [100.9205802, 18.3583056], [100.9208475, 18.3580626], [100.9214581, 18.3574273], [100.9217027, 18.3572021], [100.9218663, 18.3571043], [100.9220396, 18.3570501], [100.9222543, 18.3570261], [100.9224466, 18.3570329], [100.9227726, 18.3571432], [100.9234127, 18.3575125], [100.9235829, 18.3575937], [100.9237664, 18.3576356], [100.9239309, 18.3576208], [100.9243683, 18.3574591], [100.9246603, 18.3573775], [100.924948, 18.3573353], [100.9252361, 18.3573237], [100.9267143, 18.3573524], [100.9276025, 18.3574046], [100.9279002, 18.3574321], [100.9281019, 18.3574694], [100.9283087, 18.3575503], [100.9284698, 18.3576404], [100.9286178, 18.3577787], [100.9287248, 18.3579437], [100.9288467, 18.3582089], [100.9290728, 18.3587915], [100.9291957, 18.3590469], [100.9293997, 18.3593889], [100.929888, 18.3600939], [100.9301432, 18.3604135], [100.930322, 18.3605482], [100.9306556, 18.3607196], [100.9307938, 18.3608056], [100.9308922, 18.3609138], [100.9310921, 18.3614033], [100.9311965, 18.3615333], [100.9313122, 18.3616468], [100.9314504, 18.3617327], [100.9315765, 18.3617588], [100.9316965, 18.3617466], [100.931833, 18.3616852], [100.931952, 18.3615857], [100.9322631, 18.3612712], [100.9324388, 18.3611329], [100.9326321, 18.3610217], [100.9328825, 18.3609154], [100.9331847, 18.3608305], [100.9335442, 18.3607558], [100.9352173, 18.3605258], [100.9358852, 18.3604153], [100.9365813, 18.3602608], [100.9370942, 18.3600972], [100.9378457, 18.3597946], [100.9386254, 18.3594481], [100.9389785, 18.3593189], [100.9393147, 18.3592118], [100.9395715, 18.3591545], [100.939817, 18.3591247], [100.9402004, 18.3591427], [100.9404127, 18.3592006], [100.9405911, 18.359297], [100.9407467, 18.3594101], [100.942145, 18.3606792], [100.9424334, 18.3609002], [100.9426696, 18.3610561], [100.9429165, 18.361141], [100.9431569, 18.3611604], [100.9433854, 18.3611307], [100.9435904, 18.3610577], [100.9441081, 18.3608066], [100.9442849, 18.3607666], [100.9444507, 18.3607649], [100.9446112, 18.360796], [100.9447493, 18.3608656], [100.9448765, 18.3609899], [100.9452076, 18.3614453], [100.945393, 18.3616618], [100.945653, 18.3618994], [100.9459413, 18.362104], [100.9466089, 18.3624794], [100.9467876, 18.3626032], [100.9469265, 18.3627492], [100.9469908, 18.3628742], [100.9470683, 18.3631519], [100.9470666, 18.3635123], [100.9470968, 18.363654], [100.9471553, 18.3637681], [100.9472362, 18.3638437], [100.9473626, 18.3638916], [100.9482208, 18.363921], [100.9485303, 18.3639779], [100.9488059, 18.3640734], [100.9491513, 18.3642774], [100.94944, 18.3645202], [100.9496543, 18.3647637], [100.9498404, 18.3650349], [100.9500037, 18.3653172], [100.9501449, 18.3656707], [100.9503225, 18.3661986], [100.9503866, 18.3663071], [100.9504617, 18.3663719], [100.9505708, 18.366409], [100.9507252, 18.3664129], [100.9518741, 18.366352], [100.9522746, 18.3663642], [100.9527499, 18.3664194], [100.9531743, 18.3665188], [100.9535016, 18.3666356], [100.9539391, 18.3668878], [100.9544405, 18.3672267], [100.954832, 18.3674575], [100.9552695, 18.3677042], [100.9561552, 18.3681429], [100.9564547, 18.3683255], [100.9570891, 18.3687995], [100.9574473, 18.369118], [100.957829, 18.3694909], [100.9581996, 18.3698912], [100.9586751, 18.3704706], [100.958843, 18.3706491], [100.9590047, 18.370784], [100.9595349, 18.3711444], [100.9597371, 18.3713225], [100.9599109, 18.3715173], [100.9600335, 18.37174], [100.9601225, 18.3720175], [100.9604387, 18.3731775], [100.9605916, 18.3735527], [100.9608664, 18.3740796], [100.9611697, 18.3746007], [100.9614141, 18.3749695], [100.9617452, 18.3754139], [100.9620691, 18.3757382], [100.9623227, 18.3759103], [100.9625703, 18.3760552], [100.9632777, 18.3763974], [100.9634276, 18.3764997], [100.9635377, 18.3766296], [100.9636366, 18.376776], [100.9637245, 18.3769608], [100.9638177, 18.3771127], [100.9639394, 18.377248], [100.9641237, 18.3773662], [100.9643994, 18.3774671], [100.9647608, 18.3775562], [100.9650872, 18.3775911], [100.9653615, 18.3775719], [100.9656069, 18.3775256], [100.9658402, 18.3774195], [100.9661869, 18.3772248], [100.9663804, 18.3771354], [100.9665457, 18.3770845], [100.9667567, 18.3770332], [100.9669396, 18.3770204], [100.9675744, 18.3770138], [100.9678027, 18.3769732], [100.967985, 18.3769058], [100.9681269, 18.3768061], [100.9683643, 18.3765579], [100.9684745, 18.376472], [100.9686111, 18.3764138], [100.9687708, 18.3763729], [100.9689901, 18.3763488], [100.9694829, 18.3763913], [100.9696367, 18.3763932], [100.9697463, 18.3763746], [100.969841, 18.3763316], [100.9700186, 18.376176], [100.9701316, 18.3761329], [100.970639, 18.3760088], [100.9712913, 18.3757504], [100.9715395, 18.375685], [100.9716566, 18.3756802], [100.9717958, 18.3756963], [100.9718986, 18.3757232], [100.9719944, 18.3757781], [100.9722803, 18.3761316], [100.9724798, 18.3762938], [100.9725962, 18.3765477], [100.9726482, 18.3766101], [100.9727255, 18.3766478], [100.9728354, 18.3766571], [100.9732296, 18.3765621], [100.97347, 18.3764583], [100.9735898, 18.3763697], [100.9737202, 18.376246], [100.9739386, 18.3761354], [100.9741871, 18.3760979], [100.9744364, 18.3761302], [100.9746561, 18.3761384], [100.9748866, 18.3761326], [100.975095, 18.3761094], [100.9752409, 18.376066], [100.9756157, 18.375866], [100.9756974, 18.37584], [100.9760634, 18.3758362], [100.9762858, 18.3758171], [100.976449, 18.3757483], [100.9767996, 18.3754259], [100.9769277, 18.3753575], [100.9771669, 18.3752739], [100.9773191, 18.3752723], [100.9774047, 18.3753302], [100.9774822, 18.375444], [100.9775153, 18.3755247], [100.9775288, 18.375684], [100.9774859, 18.3760255], [100.9775257, 18.3761789], [100.9776119, 18.3762898], [100.9780404, 18.3766293], [100.9781203, 18.3767095], [100.9781886, 18.3767871], [100.9782843, 18.3769678], [100.9783319, 18.3770289], [100.9786066, 18.3772385], [100.9787628, 18.3773208], [100.9789273, 18.3773666], [100.9790651, 18.3773791], [100.9791352, 18.3773672], [100.9793974, 18.3772498], [100.9795788, 18.3772284], [100.9799977, 18.3772464], [100.9801947, 18.377317], [100.980318, 18.3773437], [100.9806304, 18.3772538], [100.9807502, 18.3772358], [100.9809054, 18.377237], [100.9811167, 18.3772739], [100.9815691, 18.3773978], [100.9816222, 18.3774308], [100.9816521, 18.3774808], [100.9817081, 18.377771], [100.9818459, 18.3780436], [100.981935, 18.3781545], [100.9820503, 18.3782456], [100.9821593, 18.3783031], [100.9823004, 18.378352], [100.9825029, 18.3783918], [100.9827053, 18.3784149], [100.9829714, 18.3783869], [100.9830974, 18.3783884], [100.983165, 18.3784157], [100.983846, 18.3788084], [100.9847113, 18.3791852], [100.9848698, 18.3792199], [100.9849223, 18.3792026], [100.9853105, 18.3786892], [100.9854732, 18.3785093], [100.9856036, 18.3783926], [100.9857016, 18.3783182], [100.9858217, 18.378254], [100.9859201, 18.3782215], [100.9860929, 18.3782066], [100.9861509, 18.3782322], [100.9861953, 18.378279], [100.9862541, 18.3783806], [100.9862937, 18.3785135], [100.98696, 18.3792775], [100.9879812, 18.3808788], [100.9887544, 18.3818887], [100.989511, 18.3825474], [100.9904182, 18.3830711], [100.9910184, 18.38338], [100.9917183, 18.3835302], [100.9927753, 18.3838221], [100.9936911, 18.3839822], [100.9944527, 18.3839742], [100.9959876, 18.3838854], [100.9964306, 18.3837716], [100.9971616, 18.3833156], [100.9989806, 18.3825329], [101.0013928, 18.3814653], [101.0025269, 18.3807383], [101.004434, 18.3799062], [101.0060013, 18.3793201], [101.0072527, 18.3788706], [101.007821, 18.3786101], [101.0090454, 18.3780154], [101.0096541, 18.3779727], [101.0104796, 18.3780003], [101.011179, 18.3781141], [101.0125916, 18.3784264], [101.0132821, 18.3788554], [101.0138082, 18.3793467], [101.0141801, 18.37967], [101.014422, 18.379728], [101.0149429, 18.379771], [101.0158948, 18.3797609], [101.0169119, 18.3798955], [101.0174849, 18.380047], [101.0180092, 18.3803808], [101.0189971, 18.3812793], [101.0216581, 18.3830568], [101.022122, 18.3836457], [101.0222014, 18.3839236], [101.0222564, 18.3842866], [101.021943, 18.38572], [101.0213895, 18.3872408], [101.0209182, 18.3882], [101.0208834, 18.3884662], [101.0209354, 18.3890191], [101.0211594, 18.3892793], [101.0221119, 18.3900244], [101.0222501, 18.3901534], [101.0223102, 18.3902833], [101.0223263, 18.3904089], [101.0222887, 18.3909545], [101.0223145, 18.3910707], [101.0223642, 18.3911448], [101.0224233, 18.3911907], [101.0226001, 18.3912914], [101.022743, 18.3914017], [101.0228568, 18.3915356], [101.0229315, 18.3916606], [101.0229868, 18.3917952], [101.0230791, 18.3921763], [101.0231291, 18.3922783], [101.0232083, 18.39238], [101.0236679, 18.3928597], [101.0238421, 18.3931468], [101.0238979, 18.3933279], [101.0239836, 18.393984], [101.0240558, 18.3943094], [101.0241377, 18.3946394], [101.0243497, 18.3952383], [101.0245099, 18.3955814], [101.0246395, 18.3958083], [101.0248284, 18.3960999], [101.0253493, 18.3968166], [101.0255232, 18.3970804], [101.0258877, 18.3977801], [101.025977, 18.3979003], [101.0260658, 18.3979786], [101.026203, 18.3980284], [101.0263592, 18.3980267], [101.0271096, 18.3979162], [101.0276953, 18.3979146], [101.0280571, 18.397962], [101.0285468, 18.3980966], [101.0293706, 18.3984187], [101.0296896, 18.3985644], [101.0312565, 18.3993957], [101.0318405, 18.3996691], [101.0322379, 18.3998372], [101.0326349, 18.3999728], [101.0332067, 18.4000319], [101.0334416, 18.4000853], [101.0336328, 18.4001531], [101.0338144, 18.4002397], [101.0339965, 18.4003683], [101.0343526, 18.4006609], [101.0345691, 18.4009091], [101.034687, 18.4010767], [101.0347499, 18.4012392], [101.0348092, 18.4016113], [101.0348658, 18.4017563], [101.0349836, 18.4019181], [101.0356811, 18.402598], [101.0358424, 18.4028234], [101.035943, 18.4030728], [101.0362611, 18.4047003], [101.0364024, 18.4052988], [101.0365482, 18.405769], [101.0367053, 18.4061576], [101.03693, 18.4065804], [101.0371475, 18.4069159], [101.0374692, 18.4072911], [101.0377715, 18.4075732], [101.0381838, 18.4078717], [101.0385959, 18.4081469], [101.0388731, 18.4083652], [101.0390706, 18.4085611], [101.0393434, 18.4089252], [101.0394485, 18.4090405], [101.0395593, 18.4091209], [101.0397003, 18.4091776], [101.040367, 18.4093161], [101.0408629, 18.4094564], [101.0411022, 18.4095703], [101.0417428, 18.410076], [101.0419213, 18.410208], [101.0421242, 18.410334], [101.0430995, 18.410772], [101.0432894, 18.4108341], [101.043479, 18.4108728], [101.0438507, 18.410828], [101.0440276, 18.4108203], [101.0441988, 18.4108534], [101.0443581, 18.4109099], [101.0445119, 18.4110131], [101.0451044, 18.4115834], [101.0453444, 18.4117555], [101.0466846, 18.4125915], [101.0470107, 18.4128268], [101.0472388, 18.4130224], [101.0474862, 18.4132993], [101.0487335, 18.4150566], [101.0491736, 18.4156343], [101.0494828, 18.4159863], [101.0496998, 18.4162144], [101.0504498, 18.4168677], [101.0513121, 18.4175428], [101.0524845, 18.4186368], [101.0529792, 18.4191921], [101.0537933, 18.4202973], [101.0540405, 18.4207215], [101.0541348, 18.4209552], [101.0545186, 18.4224418], [101.054836, 18.423456], [101.054352, 18.423546], [101.053047, 18.424617], [101.052563, 18.425332], [101.052418, 18.426359], [101.052708, 18.427475], [101.053482, 18.429083], [101.05382, 18.430199], [101.054207, 18.431003], [101.054981, 18.432164], [101.055948, 18.433548], [101.056577, 18.435066], [101.056674, 18.436227], [101.05619, 18.437656], [101.055174, 18.439174], [101.054111, 18.440603], [101.053965, 18.441317], [101.054111, 18.442121], [101.054546, 18.442523], [101.05619, 18.44355], [101.057447, 18.444488], [101.058173, 18.445649], [101.058656, 18.446765], [101.059237, 18.448641], [101.059624, 18.449489], [101.061074, 18.450248], [101.062187, 18.451186], [101.062525, 18.452213], [101.062719, 18.453865], [101.063444, 18.454847], [101.064556, 18.455517], [101.066345, 18.45574], [101.066539, 18.456142], [101.066926, 18.458509], [101.067313, 18.460072], [101.068377, 18.461009], [101.070069, 18.461634], [101.07181, 18.462126], [101.072971, 18.462885], [101.073551, 18.463822], [101.074035, 18.465653], [101.074276, 18.466368], [101.075147, 18.466903], [101.076308, 18.467395], [101.077275, 18.468064], [101.078484, 18.469047], [101.08066, 18.471235], [101.081385, 18.472485], [101.081966, 18.474093], [101.082304, 18.475075], [101.082884, 18.475611], [101.083755, 18.476147], [101.084867, 18.476459], [101.08627, 18.476727], [101.089123, 18.477486], [101.091396, 18.477799], [101.092024, 18.478067], [101.092943, 18.478647], [101.093282, 18.479138], [101.093814, 18.480433], [101.09391, 18.481103], [101.09391, 18.481996], [101.093862, 18.483425], [101.093572, 18.484854], [101.093185, 18.48597], [101.092556, 18.488292], [101.091976, 18.4899], [101.091106, 18.491373], [101.091492, 18.499232], [101.092169, 18.50015], [101.093813, 18.500775], [101.09536, 18.5014], [101.096328, 18.501936], [101.097682, 18.502293], [101.098165, 18.50274], [101.098552, 18.503454], [101.098649, 18.504437], [101.098359, 18.50524], [101.097875, 18.506312], [101.097875, 18.507027], [101.098347, 18.508084], [101.098455, 18.50917], [101.098649, 18.510599], [101.099423, 18.51176], [101.100003, 18.513278], [101.10068, 18.514618], [101.101744, 18.516493], [101.102518, 18.517744], [101.102518, 18.518458], [101.102614, 18.51953], [101.103195, 18.52078], [101.103581, 18.521494], [101.1034544, 18.5224047], [101.1029651, 18.5231505], [101.1024881, 18.5237399], [101.1017986, 18.52442], [101.1006874, 18.5253546], [101.1002065, 18.5258154], [101.0998317, 18.5262181], [101.0995607, 18.5265743], [101.0992154, 18.5270672], [101.0987481, 18.5276701], [101.097857, 18.5285585], [101.096758, 18.5295216], [101.0951407, 18.5308074], [101.0942562, 18.5314602], [101.0937285, 18.5317831], [101.0934736, 18.5319036], [101.09318, 18.5319612], [101.0928285, 18.531947], [101.0923906, 18.5318522], [101.0918761, 18.531704], [101.0913814, 18.5316189], [101.0908874, 18.5315972], [101.0903753, 18.5316391], [101.090006, 18.5317247], [101.0896848, 18.531855], [101.0889584, 18.5322343], [101.0887123, 18.5323005], [101.0883803, 18.5323222], [101.08782, 18.5323103], [101.0874027, 18.5323512], [101.0869955, 18.5324372], [101.0866837, 18.5325584], [101.0864102, 18.5327063], [101.0861982, 18.5328458], [101.0859116, 18.5331642], [101.0856526, 18.533417], [101.0853362, 18.5336324], [101.0844102, 18.5340739], [101.083857, 18.5342634], [101.0829058, 18.5345049], [101.0826497, 18.534527], [101.082305, 18.5345117], [101.082129, 18.5345251], [101.0820052, 18.534557], [101.0819456, 18.5345959], [101.0819222, 18.5346458], [101.0819188, 18.5346993], [101.0820723, 18.535137], [101.0820894, 18.5352247], [101.0820704, 18.535309], [101.082015, 18.5353631], [101.0819233, 18.5354023], [101.0816155, 18.5354554], [101.0813363, 18.5355539], [101.0811733, 18.5356551], [101.0809024, 18.5357727], [101.0807105, 18.5358015], [101.0804981, 18.5357962], [101.0802853, 18.5357489], [101.0799674, 18.5356263], [101.0797704, 18.5355712], [101.079618, 18.5355538], [101.079478, 18.5355668], [101.0793462, 18.5355988], [101.0790437, 18.5357588], [101.0788492, 18.5359023], [101.07879, 18.5359793], [101.0787513, 18.5360906], [101.0787606, 18.5362013], [101.0788801, 18.5364712], [101.0791123, 18.5367934], [101.0791899, 18.5369187], [101.0792189, 18.5369947], [101.0792081, 18.537098], [101.079177, 18.5371786], [101.079118, 18.5372633], [101.0789477, 18.5374257], [101.0789207, 18.53751], [101.0789177, 18.5375941], [101.0789851, 18.5378723], [101.0789903, 18.5379639], [101.0789794, 18.5380634], [101.0789406, 18.5381631], [101.0788461, 18.5382979], [101.0785766, 18.5385377], [101.0784375, 18.5386272], [101.078286, 18.5386861], [101.0780101, 18.5387274], [101.0776818, 18.5387386], [101.0774813, 18.5387179], [101.077351, 18.538681], [101.077088, 18.5385463], [101.0769856, 18.5385245], [101.0768924, 18.5385198], [101.0766915, 18.5385478], [101.076605, 18.5386032], [101.0765547, 18.5386668], [101.0765198, 18.5387589], [101.0765116, 18.5388249], [101.0765247, 18.5389193], [101.0765954, 18.5390475], [101.0767687, 18.5392175], [101.0768358, 18.5393027], [101.076873, 18.5393997], [101.0768955, 18.5395227], [101.0768719, 18.5398067], [101.0768135, 18.5399449], [101.0766798, 18.5400667], [101.0765635, 18.5401396], [101.0764559, 18.5401838], [101.0761921, 18.5402325], [101.075775, 18.5402743], [101.0756463, 18.5403101], [101.0755836, 18.5403424], [101.075536, 18.5403859], [101.0755067, 18.5404464], [101.075455, 18.5406389], [101.0754078, 18.5407111], [101.0752588, 18.5408159], [101.0750824, 18.5408809], [101.0748704, 18.5409863], [101.0747512, 18.5410679], [101.0746562, 18.5411606], [101.0744817, 18.5413947], [101.0743956, 18.541473], [101.0741298, 18.5416048], [101.0736481, 18.5417706], [101.0734688, 18.5418499], [101.0734003, 18.5418994], [101.073327, 18.5420521], [101.0732911, 18.5425625], [101.0732474, 18.5426719], [101.0731558, 18.5427961], [101.0730724, 18.5428601], [101.0729827, 18.5428926], [101.0728776, 18.5428995], [101.072788, 18.5429406], [101.0727423, 18.5431388], [101.07271, 18.5431965], [101.0726565, 18.5432486], [101.0723108, 18.5434759], [101.0722542, 18.5435224], [101.0722159, 18.5435773], [101.0721625, 18.5438873], [101.0721331, 18.5439392], [101.0720264, 18.5440579], [101.0718244, 18.5442464], [101.0715932, 18.5445125], [101.0714654, 18.5446257], [101.0713581, 18.5446985], [101.0709939, 18.5448916], [101.070878, 18.5449932], [101.0707774, 18.5451175], [101.0707187, 18.5452357], [101.0706989, 18.5453419], [101.0707034, 18.5454651], [101.0707514, 18.5457024], [101.0707886, 18.5458023], [101.0708743, 18.5459303], [101.0710298, 18.5461177], [101.0711307, 18.5462685], [101.0711559, 18.5463627], [101.0711414, 18.5464088], [101.0711088, 18.5464435], [101.0710549, 18.5464584], [101.0704586, 18.5464172], [101.0702274, 18.5464341], [101.0700564, 18.546456], [101.0698918, 18.5465065], [101.0697962, 18.5465534], [101.069713, 18.5466231], [101.0696508, 18.546704], [101.0695982, 18.5468221], [101.0695171, 18.5470751], [101.0693969, 18.5473172], [101.0693584, 18.5473663], [101.0692476, 18.547399], [101.068926, 18.5473882], [101.0688392, 18.5474092], [101.0685973, 18.5475294], [101.0684202, 18.5475428], [101.0682734, 18.5475788], [101.0681478, 18.5476289], [101.0680464, 18.5476901], [101.0677813, 18.5478764], [101.0675594, 18.547919], [101.0674121, 18.5479063], [101.0672464, 18.5478651], [101.0671496, 18.5478175], [101.067031, 18.5476927], [101.0669905, 18.5475756], [101.0669959, 18.5475211], [101.0671304, 18.5472159], [101.0671203, 18.5471272], [101.0670837, 18.5470846], [101.0670173, 18.5470567], [101.06684, 18.5470529], [101.0666606, 18.5471265], [101.0664578, 18.5472462], [101.0663798, 18.5472614], [101.0661452, 18.5472324], [101.0659613, 18.5471829], [101.0658081, 18.5471817], [101.0657096, 18.5472401], [101.0656477, 18.5473382], [101.0656391, 18.5473755], [101.0656577, 18.5474183], [101.0656972, 18.5474522], [101.0660288, 18.547546], [101.0661226, 18.5476023], [101.0662138, 18.547693], [101.0662935, 18.5478268], [101.0663124, 18.5478954], [101.0662933, 18.5480618], [101.0662491, 18.5481282], [101.0661925, 18.5481718], [101.0660909, 18.548213], [101.0657368, 18.5482542], [101.0655446, 18.5482534], [101.0653157, 18.5482101], [101.0650136, 18.5480729], [101.064896, 18.5480341], [101.0648419, 18.5480318], [101.0647551, 18.5480614], [101.064732, 18.5481362], [101.0647813, 18.5482446], [101.0648423, 18.5483127], [101.0650425, 18.5484767], [101.0655907, 18.5487436], [101.0656261, 18.5487767], [101.0656406, 18.5488087], [101.0656332, 18.5488975], [101.0655916, 18.548949], [101.0655132, 18.5489848], [101.065412, 18.549002], [101.0649982, 18.5490226], [101.0649191, 18.5490047], [101.0647915, 18.5489309], [101.0645087, 18.5486008], [101.0643122, 18.5484257], [101.0642356, 18.5483782], [101.0641283, 18.5483525], [101.0640382, 18.5483588], [101.063971, 18.5483918], [101.0639238, 18.5484514], [101.0638136, 18.5486541], [101.0635737, 18.5488448], [101.0633826, 18.5491209], [101.0633298, 18.5491752], [101.06322, 18.5491764], [101.063166, 18.5491394], [101.0629706, 18.5488191], [101.0629136, 18.5487633], [101.0628426, 18.5487158], [101.0627125, 18.5486661], [101.0625999, 18.5486727], [101.0625355, 18.548703], [101.062491, 18.5487545], [101.0624775, 18.548803], [101.0624783, 18.5488648], [101.0625971, 18.5493793], [101.0626066, 18.5494679], [101.0625962, 18.5495405], [101.0624892, 18.5497727], [101.0624665, 18.5499959], [101.0623996, 18.5500504], [101.0623236, 18.5500593], [101.0620359, 18.5500248], [101.0618125, 18.5499467], [101.0616707, 18.5498703], [101.0615767, 18.5497854], [101.0615165, 18.549692], [101.0614384, 18.5495236], [101.0613845, 18.5494946], [101.0612549, 18.5494853], [101.0610692, 18.5495061], [101.0609931, 18.5495016], [101.0609252, 18.5494728], [101.0608598, 18.5494252], [101.0607884, 18.5493453], [101.0607738, 18.5492971], [101.0607673, 18.5489936], [101.0607385, 18.5489349], [101.0606957, 18.5488897], [101.0606192, 18.5488556], [101.0605345, 18.5488404], [101.0604473, 18.5488494], [101.0603546, 18.5488665], [101.0602677, 18.5489024], [101.0601586, 18.5489654], [101.0598237, 18.5492215], [101.0597258, 18.549279], [101.0596696, 18.5492877], [101.0595649, 18.5492512], [101.059259, 18.5488731], [101.0591652, 18.5487989], [101.0590942, 18.5487567], [101.0589925, 18.5487282], [101.0588939, 18.5487266], [101.0586916, 18.5487691], [101.0585939, 18.5488374], [101.0585105, 18.5489323], [101.0584694, 18.5490268], [101.0584356, 18.5492662], [101.0584426, 18.5493736], [101.0584721, 18.5494915], [101.05857, 18.5496677], [101.0587381, 18.5498271], [101.0587471, 18.5498727], [101.0587147, 18.5499859], [101.0586673, 18.550032], [101.0585916, 18.5500624], [101.0583806, 18.5500781], [101.0582874, 18.550055], [101.0581827, 18.5500185], [101.0579444, 18.5498787], [101.0574348, 18.5496586], [101.0571943, 18.5495699], [101.0570591, 18.5495687], [101.0570058, 18.5495827], [101.0569528, 18.5496316], [101.0568811, 18.5497587], [101.0565659, 18.5504821], [101.0565354, 18.55052], [101.0564933, 18.5505366], [101.0563521, 18.5505032], [101.0562584, 18.5504425], [101.0561643, 18.5503495], [101.0560012, 18.5501363], [101.0559186, 18.5500539], [101.0558024, 18.5499934], [101.0556757, 18.5500002], [101.0556281, 18.5500249], [101.0555893, 18.5500763], [101.0555879, 18.5501946], [101.0556203, 18.5503124], [101.0558391, 18.5507049], [101.0558538, 18.5507585], [101.0558379, 18.5508473], [101.0557849, 18.5508882], [101.0557091, 18.5509105], [101.0554671, 18.5509239], [101.055098, 18.5509199], [101.055011, 18.5509396], [101.0549495, 18.5509779], [101.0549052, 18.5510428], [101.0548323, 18.5513096], [101.0547743, 18.5513934], [101.0546421, 18.55152], [101.0543672, 18.5517166], [101.0542247, 18.5518031], [101.0540646, 18.5518734], [101.0537607, 18.5519215], [101.0534923, 18.5520449], [101.0531518, 18.5521383], [101.0529572, 18.5522207], [101.0529058, 18.5522708], [101.0528744, 18.5523349], [101.0527801, 18.5527326], [101.0527192, 18.5528136], [101.0526749, 18.5528353], [101.05245, 18.5528661], [101.0519223, 18.5530395], [101.0517056, 18.5531386], [101.0513622, 18.5531943], [101.0511085, 18.5532986], [101.0510417, 18.5533064], [101.050883, 18.5532821], [101.0508435, 18.553292], [101.0508091, 18.553316], [101.0507412, 18.5534355], [101.0506192, 18.5536025], [101.0503954, 18.5538271], [101.0503194, 18.5539669], [101.050266, 18.5540038], [101.0502232, 18.5540012], [101.0501212, 18.5539555], [101.0498475, 18.5537197], [101.0496953, 18.5534463], [101.0496454, 18.5533834], [101.0495272, 18.5533015], [101.0494366, 18.5532829], [101.049244, 18.5533409], [101.0490302, 18.5533447], [101.048942, 18.5533865], [101.0488668, 18.5534598], [101.0488545, 18.5534932], [101.0488461, 18.5535825], [101.048862, 18.5537258], [101.048917, 18.5538144], [101.0492397, 18.5540376], [101.0493391, 18.5541332], [101.0493789, 18.5542884], [101.0493668, 18.5544638], [101.0492947, 18.5545357], [101.049229, 18.5545679], [101.0489725, 18.5546538], [101.0484306, 18.5547107], [101.0482744, 18.5547369], [101.0480613, 18.5548035], [101.0475837, 18.5551052], [101.0475408, 18.5551661], [101.0475455, 18.5552284], [101.0475637, 18.5552566], [101.0478967, 18.5554475], [101.0480387, 18.5555593], [101.0482075, 18.5557709], [101.0482298, 18.5558122], [101.0482348, 18.5558953], [101.0481744, 18.5559847], [101.0481135, 18.556025], [101.0479535, 18.5560608], [101.0478466, 18.5560657], [101.0473327, 18.5559844], [101.0472437, 18.5559967], [101.0472063, 18.556016], [101.0471557, 18.5560902], [101.0471334, 18.5562113], [101.0471378, 18.5564115], [101.0471745, 18.5566699], [101.047172, 18.5567889], [101.0471469, 18.5568402], [101.0471038, 18.5568841], [101.0470252, 18.5569341], [101.0469463, 18.5569633], [101.0467444, 18.556973], [101.0464624, 18.5569043], [101.0463846, 18.5568636], [101.0463226, 18.5568076], [101.0462762, 18.5567344], [101.0462432, 18.556629], [101.0462207, 18.5564026], [101.0462375, 18.5559812], [101.0462725, 18.5555973], [101.0462025, 18.5553771], [101.0461501, 18.5552946], [101.046056, 18.5552125], [101.0459825, 18.5551925], [101.0458714, 18.5551823], [101.045648, 18.5552112], [101.0455534, 18.55525], [101.045365, 18.5553956], [101.0452581, 18.555563], [101.0450817, 18.5560523], [101.0450332, 18.5561378], [101.0448963, 18.5562866], [101.0448158, 18.5563404], [101.044729, 18.5563734], [101.0446163, 18.556386], [101.0445151, 18.5563739], [101.0444216, 18.5563371], [101.0443437, 18.5562775], [101.0442733, 18.5561857], [101.0442183, 18.5560616], [101.0441833, 18.5559487], [101.0441589, 18.5557317], [101.0441765, 18.5553764], [101.0442998, 18.554593], [101.044292, 18.5544363], [101.0442411, 18.5543198], [101.0441991, 18.5542806], [101.0441313, 18.5542473], [101.043943, 18.5542305], [101.0438422, 18.5542448], [101.0437296, 18.5542743], [101.0435306, 18.5543634], [101.0432079, 18.5545331], [101.0430763, 18.5546308], [101.0429325, 18.5548591], [101.0426697, 18.5554135], [101.0425522, 18.5555205], [101.0424774, 18.555561], [101.0423984, 18.5555826], [101.0419436, 18.5556367], [101.0411687, 18.5557584], [101.0410325, 18.5557995], [101.040944, 18.5558534], [101.0409286, 18.5558857], [101.0409295, 18.5559669], [101.0410287, 18.5563115], [101.0412482, 18.5567889], [101.0412431, 18.5568513], [101.0412158, 18.5568912], [101.041145, 18.5569317], [101.0410423, 18.5569611], [101.040896, 18.5569759], [101.0405591, 18.5569645], [101.0403468, 18.5569309], [101.0400149, 18.5568362], [101.0399112, 18.5567694], [101.0398151, 18.5566816], [101.0397155, 18.5566392], [101.0396185, 18.5566384], [101.039346, 18.5567112], [101.0392746, 18.5566988], [101.0391587, 18.5566169], [101.0389054, 18.5562967], [101.0386328, 18.5560257], [101.0384395, 18.555922], [101.0382657, 18.5557973], [101.0382041, 18.5557791], [101.038127, 18.5557969], [101.0380839, 18.5558295], [101.0378049, 18.5561482], [101.0376823, 18.5562416], [101.0374807, 18.5563619], [101.0371507, 18.5565142], [101.0370352, 18.5565815], [101.0369445, 18.5566557], [101.0368151, 18.556813], [101.0366572, 18.5570673], [101.0365351, 18.5572103], [101.0364786, 18.5572463], [101.0364268, 18.5572563], [101.0363672, 18.5572475], [101.0361883, 18.5571904], [101.0360892, 18.557182], [101.035889, 18.5572078], [101.0358101, 18.5572417], [101.0356509, 18.5573804], [101.0355778, 18.5574804], [101.0355367, 18.5575682], [101.035518, 18.5576581], [101.0354983, 18.5578755], [101.0355331, 18.5580995], [101.0356409, 18.5584218], [101.0356994, 18.5585486], [101.0359115, 18.5588611], [101.0359664, 18.5589757], [101.0360377, 18.5591431], [101.0361538, 18.5595782], [101.0361865, 18.5598328], [101.0361741, 18.5599538], [101.0361122, 18.5600811], [101.0360201, 18.560169], [101.0358938, 18.5602024], [101.0356899, 18.5602141], [101.0350891, 18.5601507], [101.0348913, 18.5601774], [101.03436, 18.5602983], [101.0341879, 18.5603134], [101.0340768, 18.5603014], [101.0340247, 18.5602547], [101.0340144, 18.560217], [101.0340194, 18.5600396], [101.034065, 18.5597445], [101.0341627, 18.5594173], [101.0341486, 18.5592734], [101.0341004, 18.5591724], [101.0340174, 18.5590647], [101.0339423, 18.558997], [101.0337804, 18.5589138], [101.0337109, 18.5589004], [101.0336416, 18.5589011], [101.0334714, 18.5589525], [101.0332993, 18.5590583], [101.0332409, 18.5591416], [101.0332247, 18.5592338], [101.0332759, 18.5593797], [101.0332784, 18.5595874], [101.0333594, 18.559895], [101.0333477, 18.5599512], [101.0333082, 18.5600136], [101.0332406, 18.5600556], [101.0331266, 18.5600952], [101.0325003, 18.5602784], [101.0323832, 18.5602752], [101.0322751, 18.5602362], [101.0321946, 18.5601611], [101.0319084, 18.5597088], [101.0318138, 18.5596295], [101.0316823, 18.5595952], [101.0315652, 18.5595875], [101.031402, 18.5596384], [101.0313231, 18.5597017], [101.0311938, 18.5598504], [101.0307718, 18.5601854], [101.0303481, 18.5603819], [101.0302741, 18.5604541], [101.030233, 18.5605394], [101.0302111, 18.5606736], [101.0302353, 18.5607358], [101.0302876, 18.5608022], [101.0304293, 18.5609123], [101.0307452, 18.5611009], [101.0309719, 18.5612681], [101.0311758, 18.5614936], [101.0313612, 18.5617283], [101.0314901, 18.5619456], [101.0316108, 18.5622524], [101.0316596, 18.5624171], [101.0316655, 18.5625242], [101.0316388, 18.5626405], [101.0315746, 18.5627484], [101.0314634, 18.5628478], [101.0312867, 18.5629524], [101.0308672, 18.5631042], [101.0304286, 18.5632295], [101.0293175, 18.5634825], [101.0285977, 18.5636622], [101.0281538, 18.5638098], [101.0277403, 18.5639964], [101.0273944, 18.5642002], [101.0272646, 18.5643087], [101.027165, 18.5644312], [101.0271101, 18.564539], [101.0270926, 18.5646463], [101.0271085, 18.5647283], [101.027147, 18.56481], [101.0272378, 18.5648876], [101.0274, 18.5649859], [101.0274946, 18.5650706], [101.0275329, 18.5651416], [101.027545, 18.5652129], [101.0275349, 18.5653095], [101.0274949, 18.565417], [101.027061, 18.5660932], [101.0269277, 18.5662196], [101.02682, 18.5662958], [101.0264504, 18.5663998], [101.0263834, 18.5664362], [101.026328, 18.5664975], [101.0261828, 18.5668848], [101.0261095, 18.5670249], [101.0259655, 18.5671943], [101.0257245, 18.5674077], [101.0256324, 18.5675301], [101.0255999, 18.567634], [101.0255828, 18.5677735], [101.0256032, 18.5679162], [101.0256687, 18.568069], [101.0257903, 18.5682177], [101.0260852, 18.5684539], [101.0261725, 18.5685494], [101.0263752, 18.568908], [101.0266605, 18.5692799], [101.0272168, 18.5697704], [101.0272973, 18.5699231], [101.0273057, 18.569998], [101.0272916, 18.5700768], [101.0272327, 18.5701596], [101.0269545, 18.5703947], [101.0267991, 18.5705535], [101.0264377, 18.5710289], [101.0263191, 18.5711337], [101.0261774, 18.5711888], [101.0260466, 18.5712117], [101.0259529, 18.571202], [101.0259, 18.5711633], [101.0258693, 18.5710993], [101.0258609, 18.5710244], [101.0258786, 18.5709349], [101.0259225, 18.5708523], [101.026015, 18.5707584], [101.0260776, 18.5706684], [101.0261467, 18.5704891], [101.0262043, 18.5699777], [101.0261954, 18.56986], [101.0261528, 18.5697426], [101.0260618, 18.56964], [101.0259185, 18.5695629], [101.0257569, 18.5695146], [101.0256106, 18.5694984], [101.0254573, 18.5695143], [101.0251024, 18.5695931], [101.0249415, 18.5696056], [101.0247764, 18.5695788], [101.0246521, 18.5695194], [101.0245351, 18.5694385], [101.0244211, 18.569304], [101.0243252, 18.5691121], [101.0241975, 18.5687635], [101.0241404, 18.5686855], [101.0240463, 18.5686436], [101.0239489, 18.5686447], [101.0238706, 18.5686705], [101.0237964, 18.5687285], [101.0237116, 18.5688437], [101.0236092, 18.5690519], [101.0234603, 18.56945], [101.0233578, 18.5699654], [101.023349, 18.5701727], [101.0233701, 18.5703761], [101.0234366, 18.5706147], [101.023541, 18.5708921], [101.0235651, 18.5710276], [101.0235627, 18.5711419], [101.02353, 18.571228], [101.0234784, 18.5712964], [101.0231399, 18.5714965], [101.0230509, 18.5715724], [101.0230069, 18.5716515], [101.0229855, 18.5717446], [101.022994, 18.5718302], [101.0230286, 18.5719013], [101.0231081, 18.5719754], [101.0235067, 18.5721069], [101.0235934, 18.5721595], [101.0236288, 18.5723056], [101.0236111, 18.5723915], [101.0235893, 18.5724453], [101.0235448, 18.5724851], [101.0234516, 18.5725218], [101.0230741, 18.5725866], [101.0229101, 18.5726526], [101.0227838, 18.5727397], [101.0226951, 18.5728442], [101.0225703, 18.5730563], [101.0222243, 18.5737766], [101.0220201, 18.5740721], [101.0219052, 18.5741534], [101.0217979, 18.5742002], [101.0216781, 18.5742091], [101.021554, 18.5741876], [101.0214056, 18.5741359], [101.0212485, 18.5740233], [101.0211353, 18.573914], [101.0210267, 18.5738542], [101.0207663, 18.5737884], [101.0206899, 18.5737511], [101.0205892, 18.5736798], [101.0205082, 18.5735854], [101.0203354, 18.5734959], [101.0199064, 18.5733709], [101.019538, 18.5732987], [101.0192812, 18.5732024], [101.0189478, 18.5730421], [101.0186179, 18.5728475], [101.0185168, 18.5727496], [101.0184639, 18.5726625], [101.01843, 18.5724952], [101.0183028, 18.5715365], [101.0182653, 18.5713997], [101.018192, 18.5712862], [101.0180912, 18.5712073], [101.0179428, 18.5711556], [101.0177548, 18.5711347], [101.0173476, 18.5711581], [101.0171596, 18.5711373], [101.0170311, 18.5710815], [101.0168218, 18.5709542], [101.016678, 18.5709519], [101.0166065, 18.570987], [101.0165552, 18.5710409], [101.0164576, 18.5712362], [101.0164023, 18.5712863], [101.016215, 18.5713264], [101.0158956, 18.5713489], [101.0157881, 18.5713767], [101.0155615, 18.5714668], [101.0154616, 18.5714716], [101.0153415, 18.5714501], [101.015193, 18.5713869], [101.0143435, 18.5708283], [101.0142633, 18.5708025], [101.0141079, 18.5708422], [101.0140326, 18.5708926], [101.0133087, 18.5715023], [101.0130906, 18.5716417], [101.0129672, 18.5716735], [101.0128432, 18.5716672], [101.0127269, 18.5716228], [101.0126542, 18.571555], [101.0125889, 18.5714414], [101.0124486, 18.5710619], [101.0123688, 18.5707313], [101.0122752, 18.5702408], [101.0122258, 18.5701194], [101.0121408, 18.5700251], [101.0119881, 18.5699505], [101.0118359, 18.569914], [101.0117204, 18.5699419], [101.0116411, 18.5699923], [101.0115781, 18.5700692], [101.0114569, 18.570299], [101.011146, 18.5710377], [101.0110289, 18.5712713], [101.01095, 18.5713636], [101.010855, 18.571437], [101.0106524, 18.5715344], [101.0096018, 18.5718809], [101.0087258, 18.5721302], [101.0085868, 18.5721965], [101.0084919, 18.5722775], [101.0084093, 18.5723927], [101.0083237, 18.5725841], [101.0082529, 18.5726839], [101.0081421, 18.5727727], [101.0076648, 18.5729492], [101.0075458, 18.5730229], [101.0074906, 18.5730882], [101.0074597, 18.5731762], [101.0074397, 18.5738622], [101.0074178, 18.5740339], [101.0073796, 18.5741867], [101.0073211, 18.5743092], [101.0071986, 18.5744248], [101.0070635, 18.5744834], [101.0068761, 18.5745159], [101.0066804, 18.574518], [101.0063844, 18.5744906], [101.0061242, 18.5744477], [101.0059484, 18.5744457], [101.005761, 18.5744744], [101.0056098, 18.5745293], [101.0054629, 18.5746071], [101.0053206, 18.5747343], [101.004897, 18.5754056], [101.0047346, 18.5755292], [101.0045557, 18.5756073], [101.0044202, 18.5756316], [101.0042882, 18.5756216], [101.0039519, 18.5755566], [101.0037801, 18.5755546], [101.0033416, 18.5756393], [101.0030872, 18.5757449], [101.0024757, 18.5760676], [101.0021623, 18.5762614], [101.001786, 18.5765359], [101.0015805, 18.5767248], [101.001497, 18.5767599], [101.0013772, 18.576765], [101.0009965, 18.5766662], [101.0008044, 18.5766416], [101.0005848, 18.5766515], [101.0003855, 18.5766841], [101.0002183, 18.576743], [100.9997666, 18.5770602], [100.9996247, 18.5772256], [100.999507, 18.5774135], [100.9994414, 18.5776047], [100.9994073, 18.5777689], [100.9993876, 18.5781348], [100.9994732, 18.5789104], [100.9994713, 18.5792365], [100.9994442, 18.5793563], [100.9993941, 18.5794547], [100.9993039, 18.5795371], [100.999168, 18.5796147], [100.998952, 18.5796604], [100.9986502, 18.5796745], [100.9983477, 18.5796342], [100.9979763, 18.5795458], [100.9975984, 18.5793976], [100.9973577, 18.5792752], [100.9971862, 18.5792281], [100.9970096, 18.57923], [100.9968163, 18.5792701], [100.9966462, 18.579348], [100.996556, 18.5794304], [100.9964944, 18.5795235], [100.9964787, 18.5796377], [100.9964973, 18.5797734], [100.9965449, 18.5799413], [100.9968836, 18.5806442], [100.9969844, 18.58098], [100.9970332, 18.5812621], [100.9970679, 18.5817888], [100.9970362, 18.5820065], [100.9969872, 18.5821972], [100.9968871, 18.5824102], [100.9967634, 18.5825528], [100.9965824, 18.5826689], [100.9964293, 18.5827357], [100.9962813, 18.5827536], [100.9961158, 18.5827281], [100.9959496, 18.5826484], [100.9958227, 18.5825139], [100.9955438, 18.5820549], [100.9953877, 18.581861], [100.9950881, 18.5815816], [100.9948799, 18.5813229], [100.9946819, 18.5809501], [100.9944501, 18.580621], [100.9942718, 18.5804762], [100.9940827, 18.5803913], [100.9939228, 18.5803604], [100.9937236, 18.5803842], [100.9935253, 18.5804787], [100.9933728, 18.5805944], [100.9931992, 18.5808571], [100.9930888, 18.581168], [100.9930297, 18.5814729], [100.9930263, 18.581674], [100.9930451, 18.5818151], [100.9930867, 18.5819614], [100.9933064, 18.5822362], [100.9934969, 18.5824461], [100.9938133, 18.5827036], [100.9941981, 18.5829604], [100.9942962, 18.583068], [100.9943373, 18.5831708], [100.9943444, 18.5832903], [100.9943117, 18.5834211], [100.9942619, 18.5835466], [100.9941614, 18.5837215], [100.9936108, 18.5843958], [100.9933921, 18.5847024], [100.9931895, 18.5849219], [100.9930989, 18.5849772], [100.9930135, 18.5849835], [100.992905, 18.5849575], [100.9926873, 18.584862], [100.9925158, 18.5848149], [100.9923961, 18.5848162], [100.9922712, 18.5848501], [100.9921805, 18.5848945], [100.9921189, 18.5849875], [100.9920971, 18.5850747], [100.9921038, 18.5851616], [100.992139, 18.5852482], [100.9922428, 18.5853503], [100.9929197, 18.5857344], [100.9930409, 18.585869], [100.9931168, 18.5860258], [100.9931645, 18.5862046], [100.9931728, 18.5864273], [100.9931598, 18.5867807], [100.9931043, 18.5873013], [100.9930601, 18.5874191], [100.9929614, 18.5875593], [100.992844, 18.5876562], [100.9927215, 18.5877053], [100.9926031, 18.5877109], [100.9924887, 18.5876773], [100.9923877, 18.5876175], [100.9922862, 18.5875186], [100.9919938, 18.5870652], [100.9918971, 18.5869837], [100.9918008, 18.5869369], [100.9917003, 18.5869205], [100.9916047, 18.5869346], [100.9915186, 18.586979], [100.99146, 18.5870361], [100.9911862, 18.5874042], [100.9910827, 18.5875183], [100.9907756, 18.587765], [100.9906269, 18.587923], [100.9905552, 18.5880238], [100.9905288, 18.5881067], [100.9905205, 18.5881807], [100.9905397, 18.5882587], [100.9905998, 18.5883363], [100.9907268, 18.5884328], [100.9912765, 18.5886635], [100.9916867, 18.5888052], [100.9918884, 18.5889039], [100.9919694, 18.5889692], [100.9920249, 18.5890347], [100.992044, 18.5891075], [100.9920234, 18.5892259], [100.9919879, 18.5893063], [100.9918976, 18.5893803], [100.9917776, 18.5894129], [100.9913728, 18.5894172], [100.9908725, 18.5893598], [100.9906357, 18.5893797], [100.9901188, 18.5894687], [100.9899111, 18.5894882], [100.9889149, 18.5894362], [100.9887764, 18.5894515], [100.9886783, 18.5894804], [100.9886133, 18.5895367], [100.9885776, 18.5896067], [100.9885604, 18.5896938], [100.9885521, 18.5902321], [100.9885314, 18.5903401], [100.988446, 18.5905184], [100.9883666, 18.5905922], [100.9881567, 18.5907336], [100.987937, 18.5909759], [100.9878428, 18.591029], [100.9875595, 18.5911259], [100.9874362, 18.5911933], [100.9872808, 18.5913166], [100.987095, 18.5914912], [100.9869594, 18.5915883], [100.986837, 18.5916461], [100.9866869, 18.5916824], [100.986308, 18.5917371], [100.9863824, 18.5919688], [100.9864807, 18.5922027], [100.9865815, 18.5923349], [100.9868272, 18.5925537], [100.9868746, 18.5926245], [100.9868932, 18.5927309], [100.9869073, 18.59301], [100.9869489, 18.5932319], [100.9870982, 18.5934827], [100.9873809, 18.5938168], [100.9874959, 18.5939139], [100.9875788, 18.5939575], [100.9877008, 18.5940058], [100.987851, 18.5940435], [100.9880737, 18.5940743], [100.9883407, 18.5940901], [100.9884082, 18.5941163], [100.9886055, 18.5947716], [100.9886171, 18.594932], [100.9885969, 18.595016], [100.988478, 18.5952786], [100.9882204, 18.5957281], [100.9881875, 18.5957665], [100.9879941, 18.5958484], [100.9879401, 18.5958932], [100.9876715, 18.59637], [100.9873081, 18.5967453], [100.9869455, 18.5971789], [100.9868386, 18.5973638], [100.9867133, 18.5976508], [100.9864668, 18.5979581], [100.9862607, 18.5981506], [100.9862111, 18.598217], [100.9857529, 18.5990505], [100.985703, 18.5991809], [100.9856668, 18.5993897], [100.9856883, 18.5999092], [100.9857189, 18.6001099], [100.9858981, 18.6004855], [100.9859021, 18.6006105], [100.9858899, 18.6006646], [100.9858471, 18.6007484], [100.9857482, 18.6008622], [100.9853922, 18.6012042], [100.9852959, 18.6013254], [100.9852505, 18.6013994], [100.9851535, 18.6016484], [100.9846766, 18.6016337], [100.9834243, 18.6014908], [100.9832352, 18.6014398], [100.9825497, 18.6011856], [100.9822315, 18.601082], [100.9817708, 18.6008948], [100.9814667, 18.6008545], [100.9813601, 18.6008643], [100.9812956, 18.6008867], [100.9811555, 18.600996], [100.9811011, 18.6010201], [100.9808973, 18.6010555], [100.9807545, 18.6010428], [100.980712, 18.6010511], [100.9806764, 18.6010749], [100.9805439, 18.6012581], [100.9804034, 18.6013352], [100.9803379, 18.6013533], [100.9802154, 18.6013224], [100.980038, 18.6012052], [100.9799197, 18.6011499], [100.979866, 18.6011548], [100.9797279, 18.6012032], [100.9795792, 18.6011995], [100.9794822, 18.6011795], [100.979376, 18.6011347], [100.9792344, 18.6010327], [100.9791345, 18.6009886], [100.9787859, 18.600974], [100.9786237, 18.6009], [100.9784676, 18.6008921], [100.9784006, 18.6009192], [100.9782949, 18.6010046], [100.978241, 18.6010713], [100.9781624, 18.6011339], [100.9779924, 18.60134], [100.9778798, 18.6013855], [100.9776903, 18.6013971], [100.9776673, 18.6013869], [100.977645, 18.6013506], [100.9776312, 18.6011912], [100.9777277, 18.6009131], [100.9777528, 18.6006635], [100.9777229, 18.6005027], [100.9776516, 18.600326], [100.9776161, 18.6003021], [100.9775601, 18.600298], [100.9771338, 18.6003528], [100.9770138, 18.6003342], [100.9768587, 18.6002803], [100.9766049, 18.6000741], [100.9764285, 18.600046], [100.9763062, 18.6000698], [100.9762286, 18.6001316], [100.9759777, 18.6003992], [100.9756619, 18.600769], [100.9754878, 18.6009312], [100.9749908, 18.6011792], [100.9749366, 18.6012502], [100.9748712, 18.6014382], [100.9748158, 18.6015452], [100.9747147, 18.6016347], [100.9745817, 18.6016885], [100.9743075, 18.6017045], [100.9741549, 18.6016862], [100.9740828, 18.6016528], [100.973947, 18.6015402], [100.973649, 18.6013467], [100.9735739, 18.6013133], [100.9732007, 18.6012314], [100.9728926, 18.6011874], [100.9727127, 18.6011868], [100.9725672, 18.6012281], [100.9722151, 18.601443], [100.9719892, 18.6015489], [100.9718142, 18.6016113], [100.9717447, 18.6016573], [100.9717006, 18.6017309], [100.9716493, 18.6019797], [100.9716145, 18.6020556], [100.971315, 18.6022802], [100.9710909, 18.6025162], [100.971004, 18.6026687], [100.970979, 18.6027585], [100.9709557, 18.6029998], [100.970905, 18.6031246], [100.9708022, 18.6032599], [100.9706888, 18.6033705], [100.9706241, 18.6034084], [100.9704672, 18.6035915], [100.970343, 18.6036724], [100.9698726, 18.6038016], [100.9696157, 18.6039012], [100.9695229, 18.6039966], [100.9692975, 18.604347], [100.9691559, 18.6044976], [100.9690809, 18.6045506], [100.968793, 18.6046829], [100.9685141, 18.6049095], [100.9683907, 18.6050599], [100.9683015, 18.6052348], [100.968204, 18.6055963], [100.9681633, 18.6056912], [100.9680087, 18.6058494], [100.9676801, 18.6060591], [100.9675511, 18.6061798], [100.967497, 18.6062375], [100.9673175, 18.6065004], [100.9672281, 18.6066759], [100.9670976, 18.6068031], [100.9669544, 18.6068549], [100.966846, 18.6068588], [100.966715, 18.6068182], [100.9664642, 18.6066908], [100.9663348, 18.6066572], [100.9661321, 18.6066286], [100.9660046, 18.6066327], [100.9657464, 18.6067529], [100.9655006, 18.6068002], [100.9654432, 18.6067854], [100.9653587, 18.6066996], [100.9652865, 18.6066752], [100.9651309, 18.60666], [100.9648346, 18.6066763], [100.9645669, 18.6067511], [100.9644073, 18.6067539], [100.96433, 18.606704], [100.9641939, 18.6064883], [100.9640688, 18.6063775], [100.9639507, 18.6063292], [100.9638198, 18.6063483], [100.9637608, 18.6063867], [100.9636886, 18.6064606], [100.9636164, 18.6066383], [100.9635144, 18.6068046], [100.9634969, 18.6068932], [100.9635123, 18.606945], [100.9635823, 18.6070103], [100.9639031, 18.6071415], [100.9639531, 18.6071858], [100.9639593, 18.6072931], [100.9638992, 18.6074448], [100.9638688, 18.6076008], [100.9637909, 18.6077185], [100.9636853, 18.6077892], [100.9635913, 18.6077937], [100.9635426, 18.6077564], [100.9633119, 18.6074934], [100.9632273, 18.6074541], [100.9630815, 18.6074734], [100.962924, 18.6075493], [100.9629032, 18.6075696], [100.9628891, 18.6076382], [100.9629072, 18.6079188], [100.9628859, 18.6080005], [100.962805, 18.6080721], [100.9624841, 18.6082548], [100.962439, 18.6083178], [100.9623379, 18.6085595], [100.9621233, 18.6088438], [100.9620582, 18.608881], [100.9618062, 18.6089226], [100.9617409, 18.6089492], [100.9616811, 18.6090183], [100.9616075, 18.6091866], [100.9615341, 18.6092582], [100.9614886, 18.6092822], [100.9605836, 18.6095796], [100.9604504, 18.6097225], [100.9603231, 18.6099528], [100.9602864, 18.6099909], [100.9602052, 18.6100307], [100.9601484, 18.6100395], [100.960069, 18.6100286], [100.959896, 18.6099442], [100.9596962, 18.6098909], [100.9594645, 18.6098709], [100.9593522, 18.609898], [100.9592321, 18.609996], [100.9591663, 18.6100863], [100.9591522, 18.6102282], [100.9592339, 18.6103676], [100.9592435, 18.610449], [100.9592193, 18.6104976], [100.9591395, 18.6105515], [100.9590752, 18.6105581], [100.9590082, 18.6105411], [100.9588998, 18.6104797], [100.9585885, 18.6102593], [100.9585074, 18.6102381], [100.9584333, 18.6102499], [100.9582303, 18.610392], [100.9579423, 18.6104564], [100.9578404, 18.6104921], [100.9577932, 18.6105492], [100.9577712, 18.6106407], [100.9577846, 18.610909], [100.9578146, 18.6111216], [100.9577704, 18.6115704], [100.9576513, 18.611925], [100.9574446, 18.6121462], [100.9572372, 18.6122983], [100.9571393, 18.6123488], [100.9570064, 18.6124532], [100.9568604, 18.6124795], [100.9567864, 18.6124685], [100.9567038, 18.6124282], [100.9566238, 18.6123568], [100.9564445, 18.6121031], [100.956231, 18.6118368], [100.9561199, 18.6117411], [100.9560208, 18.6116827], [100.9559123, 18.6116817], [100.9558211, 18.611712], [100.9557326, 18.6117789], [100.9556443, 18.6119243], [100.9556092, 18.6119496], [100.9555036, 18.6119287], [100.9554424, 18.6118912], [100.9554139, 18.6116832], [100.9553686, 18.6116235], [100.9553214, 18.6115998], [100.9552297, 18.6115898], [100.9550546, 18.6116092], [100.954988, 18.6116392], [100.954876, 18.6117372], [100.9548178, 18.6117576], [100.9547608, 18.6117486], [100.9547032, 18.6116957], [100.9546885, 18.611621], [100.9547637, 18.6114714], [100.9547616, 18.6114223], [100.9547173, 18.6113824], [100.9546558, 18.6113794], [100.9543073, 18.6115091], [100.9542491, 18.6115398], [100.9542165, 18.6115819], [100.9542087, 18.6116341], [100.9542307, 18.6116727], [100.9543885, 18.611688], [100.9544051, 18.6118712], [100.9543805, 18.6119353], [100.9543094, 18.6120387], [100.9541993, 18.6123095], [100.9542134, 18.6125898], [100.9541734, 18.6126749], [100.9541113, 18.612742], [100.9539851, 18.6128242], [100.9536683, 18.6128679], [100.9535906, 18.6128973], [100.9535375, 18.612945], [100.9535293, 18.6130214], [100.9536138, 18.6133504], [100.9535475, 18.6135123], [100.9535426, 18.6136352], [100.9535228, 18.6136679], [100.9534667, 18.6136943], [100.9533387, 18.6137097], [100.9530687, 18.6136512], [100.9529553, 18.6136628], [100.9526762, 18.6138952], [100.9526055, 18.6139311], [100.9522667, 18.6139967], [100.9521697, 18.6140013], [100.9520082, 18.6139838], [100.9518838, 18.6140163], [100.9518465, 18.6140636], [100.9518384, 18.6141261], [100.9519122, 18.6143376], [100.951921, 18.6144041], [100.9518929, 18.6144825], [100.9517993, 18.6145664], [100.9517038, 18.6145914], [100.9516371, 18.6145856], [100.951519, 18.614526], [100.951341, 18.6144063], [100.9512064, 18.614397], [100.9511105, 18.61443], [100.9510283, 18.6144928], [100.9509642, 18.6145747], [100.9508811, 18.614755], [100.9508458, 18.614796], [100.9507768, 18.6148394], [100.950672, 18.6148423], [100.9503909, 18.6148007], [100.9500939, 18.6148849], [100.9498567, 18.6149173], [100.9497578, 18.6148884], [100.9497103, 18.6148505], [100.9496239, 18.6147403], [100.9495665, 18.6146257], [100.9493556, 18.6143927], [100.9492059, 18.6141996], [100.9491298, 18.6141571], [100.9490527, 18.6141387], [100.9489897, 18.6141406], [100.9489596, 18.6141529], [100.9489363, 18.614206], [100.9489345, 18.6144872], [100.9488865, 18.6147052], [100.9488422, 18.6147958], [100.9487772, 18.6148482], [100.9486844, 18.614884], [100.9485418, 18.6148734], [100.9484403, 18.6148156], [100.9483786, 18.6147093], [100.9483457, 18.6146952], [100.9481594, 18.6147176], [100.9478656, 18.6148143], [100.9477709, 18.6149115], [100.9477451, 18.614973], [100.9477605, 18.6151075], [100.9478331, 18.615318], [100.9478121, 18.6154326], [100.9477468, 18.6155666], [100.9476832, 18.6156202], [100.9476054, 18.615657], [100.9472508, 18.6157256], [100.9472031, 18.6157453], [100.9471733, 18.6157865], [100.9470954, 18.6160008], [100.9468297, 18.6163234], [100.9466772, 18.6163853], [100.9463296, 18.6164854], [100.9462874, 18.6165156], [100.9461782, 18.6166429], [100.9461406, 18.6166613], [100.946056, 18.6166637], [100.9459564, 18.6166263], [100.9458849, 18.6166198], [100.9457938, 18.6166584], [100.9457475, 18.6167278], [100.9457315, 18.6168001], [100.9457293, 18.6172229], [100.945692, 18.617354], [100.9456338, 18.6173916], [100.9454491, 18.617443], [100.9450477, 18.6178086], [100.9450102, 18.6178297], [100.9448989, 18.6178543], [100.9448304, 18.6178974], [100.9447924, 18.6179645], [100.9447804, 18.6180772], [100.9447863, 18.618508], [100.9447745, 18.6186108], [100.9445629, 18.6187879], [100.9445479, 18.6188388], [100.9445576, 18.6190063], [100.9445212, 18.6191047], [100.944451, 18.6191676], [100.9443436, 18.6192039], [100.9443247, 18.6192257], [100.9443129, 18.6192927], [100.9443474, 18.6194186], [100.9443258, 18.619599], [100.9442781, 18.6197203], [100.9441959, 18.6198104], [100.9440689, 18.6198703], [100.9439179, 18.6198845], [100.9438667, 18.6198715], [100.9438284, 18.619834], [100.9437148, 18.6195702], [100.943637, 18.6195404], [100.9435624, 18.6195492], [100.9431194, 18.6198287], [100.9430436, 18.6199818], [100.9430023, 18.6200138], [100.9429305, 18.6200163], [100.9427724, 18.6199134], [100.9427041, 18.6198925], [100.9425163, 18.619917], [100.9424405, 18.6199835], [100.9423872, 18.620156], [100.9423375, 18.620228], [100.9422471, 18.6203037], [100.9421496, 18.6203331], [100.9419299, 18.6203428], [100.9416949, 18.6203729], [100.9415739, 18.6203985], [100.9415458, 18.6204171], [100.9415315, 18.6204699], [100.9415471, 18.6205326], [100.9415786, 18.6205587], [100.9417473, 18.6206178], [100.9418003, 18.6206632], [100.9417924, 18.6207207], [100.9417688, 18.6207588], [100.9415797, 18.6208439], [100.9415264, 18.6208904], [100.9415153, 18.6209183], [100.9415361, 18.6210019], [100.9416689, 18.6210763], [100.9417061, 18.6211103], [100.9417163, 18.6211467], [100.9416913, 18.6213016], [100.9416935, 18.621494], [100.9416486, 18.621695], [100.9414662, 18.6221406], [100.9412251, 18.6225375], [100.9409953, 18.6227863], [100.9407327, 18.6229414], [100.9403846, 18.6230823], [100.9399007, 18.6231612], [100.9395584, 18.6231894], [100.9390608, 18.6231945], [100.9386726, 18.6231616], [100.9383359, 18.6231096], [100.9379372, 18.6230079], [100.9366161, 18.6227832], [100.9361847, 18.6227384], [100.9345892, 18.6226397], [100.9338226, 18.6226805], [100.9330227, 18.6228202], [100.931889, 18.6231687], [100.9311586, 18.623357], [100.9295594, 18.623702], [100.9288211, 18.6239561], [100.9277037, 18.624214], [100.9270369, 18.6243311], [100.9269709, 18.6246117], [100.9269668, 18.6248376], [100.9270019, 18.6250317], [100.9270631, 18.6252067], [100.9272387, 18.6256065], [100.9272865, 18.6257628], [100.9273013, 18.6259007], [100.9272831, 18.6260389], [100.927086, 18.6266495], [100.9270364, 18.6269261], [100.9270388, 18.6271331], [100.9271069, 18.6273394], [100.9272076, 18.627514], [100.9278688, 18.6283731], [100.9281236, 18.6287971], [100.9281911, 18.628947], [100.9282061, 18.6291037], [100.9281746, 18.6292295], [100.9280909, 18.6293934], [100.9278173, 18.6296409], [100.9275559, 18.6298111], [100.9269544, 18.6301586], [100.9268605, 18.6302348], [100.926508, 18.6307253], [100.926383, 18.630847], [100.9262107, 18.6309743], [100.9260181, 18.631167], [100.9259407, 18.6313033], [100.9259157, 18.631419], [100.9259433, 18.6315392], [100.9259921, 18.6316591], [100.9265355, 18.6322307], [100.9266477, 18.6323752], [100.9266909, 18.6324701], [100.9266975, 18.6325905], [100.9266776, 18.632691], [100.9266314, 18.6327919], [100.9265534, 18.632878], [100.9262615, 18.633142], [100.9258751, 18.633422], [100.9256196, 18.6336455], [100.9255316, 18.6337769], [100.9254692, 18.6340596], [100.9254489, 18.6342472], [100.925411, 18.6343708], [100.9253503, 18.6344731], [100.9252725, 18.6345381], [100.9251885, 18.6345658], [100.9247954, 18.6345644], [100.9242513, 18.6346182], [100.9239939, 18.6347011], [100.9238207, 18.6347886], [100.9236706, 18.6349186], [100.9234707, 18.6351241], [100.9232768, 18.6353616], [100.9230989, 18.6355241], [100.922798, 18.6357306], [100.9226083, 18.6358396], [100.9223847, 18.6359329], [100.9222168, 18.6359828], [100.9219486, 18.6361087], [100.9217368, 18.63625], [100.9215814, 18.6364176], [100.921466, 18.6366383], [100.921451, 18.6368044], [100.9214753, 18.6369648], [100.9215332, 18.6371194], [100.9220859, 18.6378312], [100.9222691, 18.6381398], [100.9223851, 18.6384599], [100.9224444, 18.638743], [100.9224698, 18.6390051], [100.9224565, 18.6393211], [100.9224205, 18.6396105], [100.9223613, 18.6398414], [100.9222849, 18.6400402], [100.9221745, 18.6402073], [100.9219356, 18.6404453], [100.9217027, 18.6407047], [100.9213544, 18.6411954], [100.9206572, 18.6421234], [100.9204258, 18.6425219], [100.9202885, 18.6427964], [100.9201413, 18.6431941], [100.9200388, 18.6435699], [100.9197972, 18.6445574], [100.9197189, 18.6450883], [100.9197068, 18.6455113], [100.9197608, 18.6458213], [100.9198649, 18.6460879], [100.9200481, 18.6463912], [100.9204416, 18.6469279], [100.9208357, 18.6475074], [100.9210936, 18.6479652], [100.9212375, 18.6482796], [100.9213476, 18.6485837], [100.9214534, 18.6490002], [100.9215072, 18.6492834], [100.9215886, 18.6500321], [100.9216417, 18.6502564], [100.9217344, 18.6505124], [100.9218719, 18.6507466], [100.9220258, 18.6509538], [100.9225083, 18.6514039], [100.9227821, 18.6517759], [100.9229432, 18.6521222], [100.9230136, 18.6523838], [100.9230268, 18.652555], [100.9229887, 18.6526625], [100.9225619, 18.6531701], [100.9224569, 18.6533211], [100.9224245, 18.6534392], [100.9224428, 18.6535675], [100.9225647, 18.6539196], [100.9225725, 18.6541122], [100.9225464, 18.6542838], [100.9224871, 18.6545093], [100.9223772, 18.6547246], [100.9220959, 18.6551771], [100.921865, 18.6556239], [100.9217556, 18.6558873], [100.9216589, 18.6562791], [100.9216602, 18.6563916], [100.9216835, 18.6564663], [100.9217812, 18.656658], [100.922018, 18.6572445], [100.922505, 18.658594], [100.9225929, 18.6589143], [100.9226288, 18.6591067], [100.9226308, 18.6592833], [100.9225991, 18.6594603], [100.9225391, 18.6596216], [100.9224234, 18.6598262], [100.9222129, 18.6600853], [100.9213621, 18.6608274], [100.9213281, 18.6610667], [100.9213322, 18.661428], [100.9213918, 18.6618296], [100.9213958, 18.6621909], [100.9213437, 18.6624537], [100.9212121, 18.6627115], [100.9211034, 18.662835], [100.9209884, 18.6629352], [100.9204785, 18.6634529], [100.9201288, 18.6637255], [100.9197926, 18.6639442], [100.9194848, 18.664176], [100.9193106, 18.664357], [100.9192064, 18.6645151], [100.9190821, 18.6647584], [100.9190177, 18.6653106], [100.9188838, 18.6659441], [100.9188191, 18.6664693], [100.9187395, 18.6674052], [100.9186334, 18.6682649], [100.9185198, 18.6684452], [100.9184343, 18.6685449], [100.9182264, 18.6687172], [100.9174985, 18.6691077], [100.917224, 18.6693147], [100.9170112, 18.6694488], [100.9167136, 18.6695881], [100.9164647, 18.6696498], [100.9162918, 18.6696827], [100.9156668, 18.6697226], [100.9154891, 18.6697747], [100.9151666, 18.669912], [100.9147404, 18.6699786], [100.9135982, 18.6700357], [100.9130784, 18.6700138], [100.9126567, 18.6699655], [100.9120519, 18.6699716], [100.9115525, 18.6701332], [100.9112419, 18.6701999], [100.9109352, 18.670205], [100.9106886, 18.6701096], [100.9103469, 18.6699003], [100.9101989, 18.6698423], [100.9100021, 18.6698102], [100.9097771, 18.6698134], [100.9096568, 18.6698326], [100.9094355, 18.6699192], [100.9092791, 18.6700824], [100.9090939, 18.6703661], [100.9089971, 18.6704731], [100.9088567, 18.6705481], [100.9086294, 18.6706097], [100.9082471, 18.6706117], [100.9079863, 18.6705354], [100.9078062, 18.6704367], [100.907755, 18.6704049], [100.907652, 18.6702928], [100.9075415, 18.6700157], [100.9074529, 18.6697005], [100.9073778, 18.6695736], [100.9073203, 18.6695199], [100.9071939, 18.6694557], [100.9067692, 18.6694047], [100.9066622, 18.6694186], [100.9064445, 18.6695144], [100.906365, 18.6695876], [100.9063122, 18.6696647], [100.9061373, 18.6700394], [100.9059794, 18.6702964], [100.905575, 18.670817], [100.9054866, 18.6708988], [100.9053935, 18.6709635], [100.9053046, 18.6709985], [100.9049972, 18.6710612], [100.9047475, 18.671085], [100.9042163, 18.6711032], [100.904114, 18.6711382], [100.9039189, 18.6712594], [100.9037198, 18.6714231], [100.9035336, 18.6715484], [100.9034315, 18.6716005], [100.9033202, 18.6716272], [100.9031025, 18.671723], [100.9029961, 18.6717922], [100.9029121, 18.6718739], [100.902639, 18.6722044], [100.9025731, 18.6723029], [100.9024055, 18.6724834], [100.902246, 18.6725956], [100.9021393, 18.6726435], [100.9020458, 18.6726615], [100.901809, 18.6726554], [100.901702, 18.6726692], [100.901141, 18.6728111], [100.9007487, 18.6728661], [100.9003734, 18.6728231], [100.8996555, 18.6728118], [100.8993013, 18.6728617], [100.8991461, 18.6728911], [100.8989284, 18.6729859], [100.8987884, 18.6730661], [100.8985376, 18.6732447], [100.8983566, 18.6733252], [100.8982657, 18.6733505], [100.8979019, 18.6734132], [100.8971332, 18.6734557], [100.8967757, 18.673435], [100.896593, 18.6733952], [100.8959744, 18.6731687], [100.8957405, 18.673112], [100.895496, 18.6730866], [100.8952337, 18.6730997], [100.8949784, 18.6730884], [100.8941021, 18.6729617], [100.8933615, 18.6729032], [100.8927418, 18.672906], [100.8925417, 18.6729427], [100.8923964, 18.6729894], [100.8921756, 18.6731306], [100.8919741, 18.6733654], [100.8918522, 18.6735507], [100.8917762, 18.6735967], [100.8913368, 18.6737084], [100.8912611, 18.6737873], [100.8912292, 18.6738684], [100.8912352, 18.6739204], [100.8914356, 18.6742363], [100.8914721, 18.6743246], [100.8915096, 18.6744988], [100.8915107, 18.674603], [100.8914722, 18.6748275], [100.8914058, 18.6750001], [100.891327, 18.6750994], [100.8911865, 18.6751848], [100.8909325, 18.6752128], [100.8907905, 18.6751595], [100.8906704, 18.6750552], [100.8905681, 18.6748436], [100.8904353, 18.6747488], [100.890312, 18.6747305], [100.8901912, 18.6747415], [100.8897377, 18.6748945], [100.8895986, 18.6749233], [100.889535, 18.67492], [100.8894238, 18.6748821], [100.8892459, 18.6747412], [100.8891594, 18.6746962], [100.8885473, 18.6746153], [100.8883189, 18.6745434], [100.8880675, 18.6744286], [100.8879834, 18.6744256], [100.8879119, 18.6744517], [100.8878593, 18.6745128], [100.8877067, 18.6748036], [100.8876379, 18.675072], [100.8875938, 18.6751118], [100.8875338, 18.6751219], [100.8870517, 18.6750936], [100.8869062, 18.6751009], [100.8868265, 18.6751251], [100.8867145, 18.6752005], [100.8865532, 18.6754425], [100.8864681, 18.6755391], [100.8863969, 18.6755946], [100.8862229, 18.6756198], [100.8858561, 18.6756371], [100.8857928, 18.6756593], [100.8857603, 18.6756928], [100.8857024, 18.6758283], [100.8856525, 18.6758935], [100.8856029, 18.675925], [100.8853413, 18.6759999], [100.8852209, 18.67605], [100.8851315, 18.6761291], [100.8848682, 18.6764249], [100.8848337, 18.6764526], [100.8847395, 18.6764692], [100.8846637, 18.6764699], [100.884604, 18.6764529], [100.884511, 18.6763835], [100.8844318, 18.6762651], [100.8843923, 18.6761455], [100.8843328, 18.6760296], [100.8841753, 18.6758807], [100.8839767, 18.6757524], [100.8838312, 18.675709], [100.8837076, 18.675686], [100.8836242, 18.6756903], [100.8835446, 18.6757084], [100.8833245, 18.6758074], [100.8831039, 18.6758684], [100.8828391, 18.6758641], [100.8824513, 18.6758977], [100.88227, 18.675894], [100.8819212, 18.6758387], [100.8813345, 18.6755854], [100.8812508, 18.6755655], [100.8811639, 18.6755732], [100.8810838, 18.6756013], [100.8810196, 18.6756473], [100.8808291, 18.6758641], [100.8806444, 18.6762162], [100.8805872, 18.6762859], [100.8802356, 18.6764185], [100.8798851, 18.6766433], [100.8796729, 18.6767174], [100.8793696, 18.6767807], [100.8793329, 18.6767849], [100.8792652, 18.6767506], [100.8791728, 18.6765104], [100.8791438, 18.6764699], [100.8791089, 18.6764488], [100.8790153, 18.6764712], [100.8785201, 18.6767095], [100.8783354, 18.6769757], [100.8781961, 18.6771152], [100.8780138, 18.6772337], [100.8778389, 18.6774649], [100.877679, 18.677587], [100.8774477, 18.6777002], [100.8770329, 18.6778307], [100.876712, 18.6779859], [100.8766014, 18.678006], [100.8765492, 18.6779896], [100.8764407, 18.6778946], [100.8762857, 18.6778001], [100.8762139, 18.6777195], [100.8760693, 18.6774665], [100.8759881, 18.6774367], [100.87575, 18.6774486], [100.8756982, 18.6774702], [100.8756555, 18.6775181], [100.8756374, 18.6775774], [100.8756413, 18.6776365], [100.8757305, 18.6777908], [100.8757411, 18.6778414], [100.8757261, 18.6778933], [100.8756578, 18.6779214], [100.8755094, 18.6779335], [100.8753465, 18.6779277], [100.8750857, 18.6778786], [100.875012, 18.6778573], [100.8747817, 18.6776907], [100.8747652, 18.6776214], [100.8748595, 18.6774271], [100.8748607, 18.6773483], [100.8748445, 18.6773165], [100.8746662, 18.6772207], [100.8744426, 18.6771235], [100.8744009, 18.677092], [100.8743647, 18.6770229], [100.874367, 18.6768746], [100.8744644, 18.6765482], [100.8744991, 18.6762167], [100.8744838, 18.6760984], [100.8743832, 18.6757514], [100.8743352, 18.6756489], [100.874253, 18.6755337], [100.8742107, 18.6755363], [100.8741145, 18.675654], [100.8740337, 18.6757239], [100.8739516, 18.675755], [100.8737381, 18.6757946], [100.8735775, 18.6759], [100.8735156, 18.6759078], [100.8734843, 18.67588], [100.8734747, 18.675834], [100.8736061, 18.6754578], [100.8736094, 18.67536], [100.8735774, 18.6752822], [100.8732943, 18.675172], [100.8731591, 18.6751652], [100.8730468, 18.6751908], [100.8728877, 18.6752976], [100.8727752, 18.6753088], [100.8726695, 18.6752656], [100.8725439, 18.6751696], [100.8724884, 18.6751537], [100.8724335, 18.6751905], [100.8723867, 18.6753409], [100.8723885, 18.6755024], [100.8724322, 18.6757046], [100.8724524, 18.6759648], [100.8724147, 18.6760014], [100.8723198, 18.6760222], [100.8722538, 18.6759932], [100.8721642, 18.6758639], [100.8720891, 18.6757938], [100.8718415, 18.6756483], [100.8717922, 18.6756033], [100.8716811, 18.6754225], [100.8716236, 18.6752563], [100.8715692, 18.6751723], [100.8714269, 18.6750449], [100.8713768, 18.6750313], [100.8713295, 18.6750686], [100.8713045, 18.6751717], [100.8713645, 18.6755718], [100.8713518, 18.6757539], [100.8713003, 18.6758238], [100.8712426, 18.6758471], [100.871121, 18.6758515], [100.8710287, 18.6758297], [100.870928, 18.6757592], [100.8705893, 18.6754442], [100.870475, 18.6753858], [100.8704084, 18.6753258], [100.870369, 18.6752547], [100.8703114, 18.6750755], [100.8702589, 18.6750036], [100.870178, 18.6749997], [100.8700887, 18.6750551], [100.870021, 18.6750696], [100.8699873, 18.6750575], [100.8698711, 18.6749668], [100.8696903, 18.6749206], [100.8696111, 18.6748629], [100.8695619, 18.6748626], [100.8694625, 18.6749029], [100.8694063, 18.6748951], [100.8693886, 18.6748089], [100.8693993, 18.6747131], [100.8694398, 18.674618], [100.8694826, 18.6745659], [100.8696026, 18.6744613], [100.8696844, 18.67442], [100.8697494, 18.6744168], [100.8698627, 18.6744505], [100.8699023, 18.6744487], [100.8699313, 18.6743994], [100.8699181, 18.674355], [100.8696764, 18.674077], [100.8694311, 18.6741304], [100.8693575, 18.6741009], [100.8692685, 18.6740308], [100.8691596, 18.674023], [100.8689718, 18.6740764], [100.8687863, 18.6741899], [100.8687435, 18.6741757], [100.8687064, 18.6740542], [100.8685423, 18.6737], [100.8685584, 18.6736206], [100.8687414, 18.6735469], [100.8688011, 18.6734827], [100.8688036, 18.6734376], [100.8687806, 18.6733599], [100.8687137, 18.6733265], [100.8685794, 18.6733606], [100.868075, 18.6736892], [100.868061, 18.6737503], [100.8681635, 18.6739048], [100.8681681, 18.6739737], [100.8681309, 18.6740152], [100.8679736, 18.6740644], [100.8679248, 18.6741031], [100.8678905, 18.6742787], [100.8678462, 18.6744055], [100.8678008, 18.6744677], [100.8677417, 18.6745154], [100.8676704, 18.6745437], [100.8674149, 18.6745495], [100.8672766, 18.6745314], [100.8671395, 18.6744645], [100.8670947, 18.674413], [100.8670164, 18.6742659], [100.8668954, 18.6741145], [100.8667886, 18.6740083], [100.8667475, 18.6739876], [100.8666484, 18.6739724], [100.8665412, 18.6739864], [100.8664563, 18.6740149], [100.8663949, 18.6740074], [100.8662464, 18.6738017], [100.8662052, 18.6737783], [100.8660733, 18.673771], [100.8658784, 18.6738184], [100.8656649, 18.6738249], [100.8655082, 18.6737857], [100.8652551, 18.6736977], [100.8652063, 18.6737111], [100.8651014, 18.6737817], [100.8649935, 18.6737776], [100.8649278, 18.6737445], [100.8648319, 18.6735934], [100.8647049, 18.6735204], [100.8642447, 18.6734145], [100.8639626, 18.6733826], [100.8635884, 18.6733113], [100.8635213, 18.6732631], [100.8634907, 18.673205], [100.8635159, 18.6727985], [100.8635022, 18.6727276], [100.8634629, 18.6726652], [100.863408, 18.6726282], [100.8633283, 18.6726058], [100.8632042, 18.6725968], [100.8629866, 18.6726119], [100.8628013, 18.6724308], [100.862758, 18.6724046], [100.8626671, 18.6724082], [100.8623584, 18.6726099], [100.8622384, 18.6726425], [100.8621401, 18.6726285], [100.8619181, 18.6725123], [100.8618266, 18.6725054], [100.8616218, 18.6725222], [100.8615064, 18.672571], [100.861405, 18.67265], [100.8612281, 18.6728878], [100.8611425, 18.6729515], [100.8610723, 18.672976], [100.8609588, 18.6729901], [100.8608176, 18.6729634], [100.8607424, 18.6729381], [100.860596, 18.6728486], [100.8603573, 18.6726366], [100.8601549, 18.6726212], [100.8599477, 18.6725778], [100.8598037, 18.6725056], [100.8596661, 18.6723835], [100.8595992, 18.6722997], [100.8595894, 18.6722348], [100.8596024, 18.6721719], [100.8596978, 18.6719566], [100.8597148, 18.6718568], [100.8597048, 18.6717659], [100.8596476, 18.6717131], [100.8594422, 18.6716947], [100.8593597, 18.6716675], [100.859212, 18.6715767], [100.8591581, 18.6714794], [100.8591458, 18.6714236], [100.8591344, 18.6711888], [100.8591179, 18.6711297], [100.8589073, 18.6708107], [100.858866, 18.6707887], [100.8587516, 18.6707982], [100.8586817, 18.6708381], [100.8584491, 18.6710389], [100.8581461, 18.6712405], [100.8577337, 18.6713592], [100.8574407, 18.6713929], [100.8572652, 18.6714506], [100.8570484, 18.6714779], [100.8568993, 18.6715269], [100.8568148, 18.6715837], [100.8566874, 18.6717387], [100.8565405, 18.6719919], [100.8564417, 18.6722051], [100.8563759, 18.6722986], [100.8562901, 18.6723832], [100.8562003, 18.6724349], [100.8559926, 18.6724534], [100.8558982, 18.6724213], [100.8558358, 18.6723807], [100.8557243, 18.6722579], [100.8556771, 18.6720118], [100.8556495, 18.671979], [100.8556009, 18.6719559], [100.8554711, 18.6719642], [100.8553569, 18.6720527], [100.8552892, 18.6720852], [100.8550467, 18.6721041], [100.8549916, 18.6721542], [100.8549752, 18.6722048], [100.8549591, 18.6723518], [100.8549597, 18.6726775], [100.8549377, 18.6728197], [100.8549076, 18.6728955], [100.854854, 18.6729727], [100.8547999, 18.673011], [100.8546986, 18.6730332], [100.8542701, 18.6730127], [100.8539868, 18.6730285], [100.8539277, 18.6730538], [100.8538774, 18.6730992], [100.8538005, 18.6733135], [100.8537517, 18.6733812], [100.8537222, 18.673398], [100.8534901, 18.6734581], [100.8530769, 18.6734823], [100.853019, 18.6735064], [100.8529627, 18.6735624], [100.852887, 18.6737732], [100.8527743, 18.6739997], [100.852714, 18.6740286], [100.8524409, 18.6740773], [100.8523733, 18.6741169], [100.8523447, 18.6742174], [100.8523381, 18.6745302], [100.8522841, 18.6745732], [100.8510639, 18.6748592], [100.850517, 18.6749211], [100.850349, 18.6749268], [100.8501838, 18.6749114], [100.8498775, 18.6748622], [100.8497355, 18.6748158], [100.8495062, 18.6747758], [100.8488006, 18.6747531], [100.8485183, 18.6747672], [100.8480169, 18.6748616], [100.8475028, 18.6749933], [100.8473198, 18.6750805], [100.8470309, 18.6751199], [100.8469886, 18.6751551], [100.8469633, 18.6752935], [100.8469324, 18.6753641], [100.8468456, 18.6754445], [100.8466143, 18.675571], [100.8464957, 18.6755913], [100.8463164, 18.6755751], [100.8462669, 18.6756098], [100.8462492, 18.6757198], [100.846275, 18.6759137], [100.8463237, 18.6761208], [100.8463511, 18.6763888], [100.8463889, 18.6764864], [100.8464959, 18.6766556], [100.8465185, 18.6769352], [100.8465003, 18.6770614], [100.8464624, 18.6771714], [100.8464735, 18.6775158], [100.8464913, 18.6776297], [100.8465193, 18.6776728], [100.8465692, 18.677709], [100.8467408, 18.67779], [100.846848, 18.6779044], [100.8469301, 18.6781122], [100.8469694, 18.6783072], [100.8469405, 18.6784413], [100.8468607, 18.6785694], [100.846813, 18.6785982], [100.8466534, 18.6786313], [100.8465196, 18.6786769], [100.8462811, 18.6788662], [100.8462517, 18.6789107], [100.8462514, 18.6789533], [100.8463338, 18.6790605], [100.846516, 18.6792248], [100.8465611, 18.6794236], [100.846675, 18.6796534], [100.8467329, 18.6799526], [100.8467886, 18.6800415], [100.846843, 18.6800952], [100.8469794, 18.6801867], [100.8470915, 18.6802331], [100.8472656, 18.680268], [100.8474376, 18.6802663], [100.847704, 18.6801769], [100.8478248, 18.6801578], [100.8481357, 18.680178], [100.8483131, 18.6802242], [100.8483585, 18.6802653], [100.8484394, 18.6804437], [100.8484809, 18.6804966], [100.8485726, 18.6805359], [100.8487266, 18.6805383], [100.8489049, 18.6806456], [100.8489654, 18.6807021], [100.8493038, 18.6814089], [100.8495518, 18.6817256], [100.8496415, 18.6818854], [100.8497352, 18.6819841], [100.8498281, 18.6820126], [100.8502378, 18.6819022], [100.8503921, 18.6818848], [100.850606, 18.6818963], [100.8507822, 18.6819421], [100.8508729, 18.6819774], [100.8510999, 18.6821088], [100.8512084, 18.6822548], [100.8512841, 18.6824397], [100.851305, 18.6826183], [100.8512944, 18.6827384], [100.8512576, 18.6828429], [100.8511777, 18.6829297], [100.8508471, 18.6831028], [100.8506873, 18.6832256], [100.8505466, 18.6836636], [100.8505196, 18.683844], [100.8504733, 18.6839843], [100.8503208, 18.6842066], [100.850219, 18.6844284], [100.8501444, 18.6845023], [100.8499709, 18.684551], [100.8498473, 18.6845696], [100.8498068, 18.6845892], [100.8497821, 18.6846245], [100.8497781, 18.6847175], [100.8498427, 18.6847848], [100.8501439, 18.684846], [100.8501842, 18.6848808], [100.8501767, 18.6849474], [100.8500689, 18.6849929], [100.850035, 18.685022], [100.8500244, 18.6851906], [100.8500896, 18.6852566], [100.8502276, 18.6853401], [100.8502721, 18.685405], [100.850313, 18.6855039], [100.8503276, 18.685586], [100.8503143, 18.6857507], [100.8502774, 18.6858857], [100.8502127, 18.6859895], [100.850082, 18.6860692], [100.8498551, 18.6861302], [100.8495947, 18.6862569], [100.8495294, 18.6863084], [100.8494876, 18.6863676], [100.8494035, 18.6865827], [100.8493488, 18.6868458], [100.8493199, 18.6870839], [100.8493269, 18.6874796], [100.8492925, 18.687591], [100.8492303, 18.68767], [100.8490651, 18.687733], [100.8487778, 18.6877816], [100.8486995, 18.687768], [100.8485683, 18.6876752], [100.8485252, 18.6876155], [100.8485132, 18.6875229], [100.8485438, 18.6874416], [100.8487473, 18.6871169], [100.8487491, 18.687032], [100.8487061, 18.6869867], [100.848407, 18.6868329], [100.8482613, 18.6867964], [100.8480955, 18.6867994], [100.8480472, 18.686775], [100.8479403, 18.6865174], [100.8478932, 18.6863455], [100.8478641, 18.6863209], [100.8477995, 18.6863059], [100.847557, 18.6863122], [100.847486, 18.6863351], [100.8474289, 18.6863801], [100.84739, 18.6864628], [100.8473644, 18.6868771], [100.847326, 18.6870055], [100.8472374, 18.6870495], [100.8470895, 18.6870679], [100.8470158, 18.6870922], [100.8469436, 18.6871373], [100.8468734, 18.687236], [100.8468164, 18.6872888], [100.8467278, 18.6873367], [100.8466524, 18.6873322], [100.8465404, 18.6872458], [100.8464911, 18.6871196], [100.8465952, 18.6868625], [100.8465851, 18.6866836], [100.8464952, 18.6864292], [100.8464283, 18.6863746], [100.8463261, 18.6863466], [100.8462505, 18.6863833], [100.8461975, 18.6864442], [100.8459354, 18.6869903], [100.8456285, 18.6872571], [100.8452619, 18.6875415], [100.8449809, 18.6877369], [100.8444933, 18.6880445], [100.8443273, 18.6881837], [100.8437821, 18.6885139], [100.8436446, 18.6886198], [100.8433287, 18.6887881], [100.8430238, 18.6888957], [100.8424438, 18.6890181], [100.8405795, 18.6895797], [100.8397556, 18.6897667], [100.8388377, 18.6899367], [100.8379192, 18.690053], [100.8368486, 18.689992], [100.8356838, 18.689896], [100.8347438, 18.6897621], [100.8344577, 18.6896968], [100.8341221, 18.6895535], [100.8335554, 18.6892192], [100.8327613, 18.6886903], [100.8320017, 18.6878749], [100.8316776, 18.6874129], [100.8309307, 18.6860249], [100.8304536, 18.6852961], [100.8298842, 18.6847114], [100.8292583, 18.6841092], [100.8287847, 18.6837024], [100.8282747, 18.6834033], [100.8277283, 18.6832118], [100.8271265, 18.6831104], [100.8264696, 18.6831168], [100.8245752, 18.6832425], [100.8233717, 18.6830396], [100.8221309, 18.6828548], [100.8208528, 18.6826884], [100.8189185, 18.6825998], [100.8166677, 18.6824285], [100.8154872, 18.682453], [100.8148075, 18.68239], [100.8145369, 18.6823439], [100.8138855, 18.6821902], [100.8135045, 18.6820686], [100.8129105, 18.6818238], [100.8122512, 18.6816145], [100.8115916, 18.6813773], [100.8110202, 18.681195], [100.8098196, 18.6808935], [100.8076883, 18.680253], [100.8073657, 18.6801239], [100.807116, 18.6799871], [100.805109, 18.6786844], [100.804492, 18.6783285], [100.8039038, 18.6779375], [100.8035148, 18.6777395], [100.8029261, 18.6773068], [100.8024914, 18.6769283], [100.8011452, 18.6759671], [100.8008588, 18.6758167], [100.8002285, 18.6755792], [100.7992113, 18.6753524], [100.7980626, 18.6751199], [100.7975583, 18.675069], [100.7971858, 18.6750517], [100.7964416, 18.6750937], [100.7955302, 18.6752068], [100.7935392, 18.6754137], [100.7855614, 18.6747449], [100.771136, 18.6744035], [100.7512399, 18.6745562], [100.7503579, 18.6745831], [100.7499782, 18.6746271], [100.7493436, 18.6746619], [100.7490261, 18.6746514], [100.7488778, 18.6746019], [100.7487874, 18.674512], [100.7482728, 18.6738268], [100.7482173, 18.6737614], [100.7481563, 18.673718], [100.7481073, 18.6737184], [100.7480039, 18.6737606], [100.7479116, 18.6737642], [100.7473275, 18.6736157], [100.7472062, 18.6735976], [100.7469092, 18.6736059], [100.746667, 18.6738968], [100.7465608, 18.6739527], [100.7463855, 18.6740121], [100.746254, 18.6741288], [100.7461708, 18.6741653], [100.7454751, 18.674114], [100.7452559, 18.6741106], [100.7451346, 18.6740925], [100.7450911, 18.6740736], [100.744538, 18.6735785], [100.7444738, 18.6734993], [100.7444382, 18.6734117], [100.7442236, 18.6732955], [100.7439507, 18.6731193], [100.7438425, 18.6729774], [100.7437261, 18.6728713], [100.7436274, 18.6728145], [100.7431602, 18.672816], [100.7428683, 18.6727583], [100.7427667, 18.672696], [100.7426792, 18.6726006], [100.7425621, 18.6724313], [100.7424475, 18.6722261], [100.7422761, 18.6720985], [100.7422286, 18.671967], [100.7422258, 18.6716977], [100.7422011, 18.6715357], [100.7421336, 18.6714181], [100.7419449, 18.6712989], [100.7419412, 18.6712247], [100.7420249, 18.6709436], [100.7420361, 18.6706356], [100.7419276, 18.6704551], [100.7416502, 18.6701196], [100.7415659, 18.6700572], [100.7414645, 18.6700169], [100.7413059, 18.6700183], [100.7412711, 18.6699994], [100.7412325, 18.6698871], [100.7412033, 18.6698516], [100.7411279, 18.6698111], [100.7410782, 18.6697455], [100.7410801, 18.6696493], [100.741053, 18.6695396], [100.7408318, 18.669341], [100.7406402, 18.6692218], [100.7404687, 18.6690914], [100.7402493, 18.669077], [100.740061, 18.6689908], [100.7398704, 18.668965], [100.7397111, 18.668906], [100.7396071, 18.6688905], [100.7394417, 18.6687876], [100.7392334, 18.6687263], [100.7390285, 18.6687089], [100.738709, 18.6687751], [100.7385424, 18.6688481], [100.7383052, 18.669062], [100.7382161, 18.6690876], [100.7380776, 18.6690779], [100.7378951, 18.6689998], [100.7377795, 18.6689844], [100.7375784, 18.6690605], [100.7374086, 18.6690923], [100.7371203, 18.6691087], [100.7370283, 18.6691343], [100.7368591, 18.6692266], [100.7367728, 18.6692521], [100.7367093, 18.6692527], [100.736588, 18.6692291], [100.736129, 18.6689117], [100.7360278, 18.6688824], [100.7359411, 18.6688667], [100.7352547, 18.6688703], [100.7350928, 18.6688361], [100.7350463, 18.668798], [100.734925, 18.6685023], [100.7348722, 18.6684065], [100.7347672, 18.6682975], [100.7345671, 18.6681839], [100.7342922, 18.6680985], [100.7340499, 18.6681007], [100.733575, 18.6681986], [100.7331296, 18.668068], [100.7330286, 18.6680689], [100.7329566, 18.6680806], [100.7326694, 18.6681932], [100.7322195, 18.6682001], [100.7320406, 18.668188], [100.7319859, 18.6681995], [100.73192, 18.6682414], [100.7317343, 18.668419], [100.7316568, 18.6684555], [100.7315761, 18.6684589], [100.7314546, 18.6684243], [100.7313247, 18.6684145], [100.7312267, 18.6684237], [100.7308797, 18.6686193], [100.7306951, 18.6686183], [100.7305505, 18.6685756], [100.730187, 18.668568], [100.7300235, 18.6686547], [100.7299439, 18.6687736], [100.7298053, 18.6690416], [100.7295131, 18.6692394], [100.7291888, 18.6693964], [100.7282938, 18.6695915], [100.728104, 18.6696483], [100.7280211, 18.6697205], [100.7279476, 18.6700103], [100.7279577, 18.6702448], [100.7280439, 18.6704016], [100.7281109, 18.6705659], [100.7281117, 18.6706465], [100.7280933, 18.6707273], [100.7280136, 18.670827], [100.7279371, 18.6708717], [100.727355, 18.6711116], [100.7265938, 18.6715182], [100.7265445, 18.6715809], [100.7265539, 18.6717494], [100.726516, 18.6718084], [100.7263942, 18.6719342], [100.7262179, 18.6719871], [100.7260987, 18.6719882], [100.7260335, 18.6720071], [100.7257236, 18.6721713], [100.7256664, 18.6722158], [100.7256361, 18.67226], [100.7256386, 18.6725089], [100.7257264, 18.6728273], [100.7257511, 18.6729884], [100.7257524, 18.6731093], [100.7257264, 18.6732048], [100.725681, 18.6732786], [100.7254976, 18.6733939], [100.7253336, 18.6735273], [100.7252161, 18.6737007], [100.7247822, 18.6745257], [100.7246573, 18.6747211], [100.7245619, 18.6748026], [100.7244624, 18.6748439], [100.724379, 18.6749619], [100.724368, 18.6750207], [100.724383, 18.6753614], [100.7243391, 18.6755817], [100.7237753, 18.676903], [100.723141, 18.6786814], [100.7222892, 18.6788802], [100.7213774, 18.6790443], [100.72077, 18.6791985], [100.7205559, 18.6793279], [100.7199738, 18.6798466], [100.7193621, 18.6803313], [100.7186367, 18.6808171], [100.718392, 18.6810092], [100.7181386, 18.6812827], [100.7178388, 18.6816561], [100.7175574, 18.681966], [100.7172678, 18.6824116], [100.7165472, 18.6833765], [100.7163326, 18.6837401], [100.7160999, 18.6841761], [100.7159606, 18.6844757], [100.7158223, 18.6848657], [100.715635, 18.6853184], [100.7154119, 18.6857725], [100.7148149, 18.6867724], [100.7146576, 18.6871716], [100.7144571, 18.687978], [100.7141606, 18.6886858], [100.713986, 18.6892389], [100.7137637, 18.6897743], [100.7136715, 18.6900373], [100.7136273, 18.6903632], [100.7135684, 18.691105], [100.7133884, 18.6920739], [100.7131958, 18.6927356], [100.7130575, 18.6931256], [100.7129092, 18.6934705], [100.7125925, 18.694052], [100.7121248, 18.6947162], [100.7118237, 18.694954], [100.7116076, 18.6951639], [100.7114766, 18.6953459], [100.7112438, 18.6957819], [100.7111419, 18.6960269], [100.7110876, 18.6962896], [100.7110532, 18.6966425], [100.7110226, 18.6983152], [100.7109972, 18.6986138], [100.7109425, 18.6988403], [100.7108405, 18.6990762], [100.7106816, 18.6993127], [100.7104752, 18.6995406], [100.7102307, 18.6997508], [100.7099857, 18.6999157], [100.7092311, 18.7003475], [100.7085983, 18.7006335], [100.7083526, 18.7007262], [100.7076072, 18.7011307], [100.7073754, 18.701233], [100.7061051, 18.701584], [100.7060201, 18.7016415], [100.7059834, 18.7016986], [100.7059332, 18.701484], [100.7058306, 18.7012973], [100.7057253, 18.701197], [100.7054519, 18.7009927], [100.7051132, 18.7007683], [100.7042047, 18.6999906], [100.7039307, 18.6997242], [100.7036998, 18.699416], [100.7034283, 18.6990091], [100.7031717, 18.698577], [100.7029826, 18.6982436], [100.7024941, 18.6971415], [100.7022062, 18.696565], [100.7020248, 18.6959818], [100.701559, 18.6942625], [100.7012177, 18.6934107], [100.7009515, 18.6928339], [100.700628, 18.6923129], [100.7002036, 18.6918341], [100.6997221, 18.6914249], [100.6992121, 18.691071], [100.6986879, 18.690731], [100.6980626, 18.6904195], [100.6974813, 18.6901628], [100.696696, 18.68977], [100.6961719, 18.6894438], [100.6957354, 18.6891996], [100.6949785, 18.6887376], [100.6941194, 18.6881938], [100.6926782, 18.6873106], [100.6921596, 18.6871321], [100.6918416, 18.6870652], [100.6915615, 18.6870449], [100.6912435, 18.6870753], [100.6909257, 18.6871333], [100.69058, 18.6872881], [100.6903356, 18.687442], [100.6900495, 18.6877755], [100.6897639, 18.6881504], [100.6893932, 18.6887053], [100.6889361, 18.6893023], [100.6883787, 18.6899968], [100.6881779, 18.6903303], [100.688149, 18.6905887], [100.6881844, 18.6908754], [100.688227, 18.6910689], [100.6883697, 18.691502], [100.6884779, 18.6917492], [100.6887844, 18.6922894], [100.6889495, 18.6925206], [100.6891142, 18.692713], [100.6894921, 18.6930741], [100.6899021, 18.6933807], [100.6902222, 18.6936493], [100.6904156, 18.693894], [100.6904622, 18.6939721], [100.6904905, 18.6940591], [100.6904965, 18.694203], [100.6904663, 18.6947764], [100.6903829, 18.6951219], [100.690199, 18.695551], [100.6900461, 18.6957528], [100.6899394, 18.6958391], [100.6897857, 18.6959241], [100.6895758, 18.6959958], [100.6894433, 18.6960188], [100.6891536, 18.6959878], [100.6889572, 18.6959446], [100.6883048, 18.6956784], [100.6874616, 18.6952723], [100.6868658, 18.6950157], [100.6863445, 18.6948174], [100.6859664, 18.6946236], [100.6854145, 18.6943668], [100.6851143, 18.6942531], [100.6849121, 18.6941793], [100.6836818, 18.6938414], [100.6833325, 18.6937049], [100.6824435, 18.6933057], [100.6807534, 18.6927682], [100.6801596, 18.6925932], [100.6796083, 18.6924061], [100.6790004, 18.6920393], [100.6783553, 18.6916146], [100.6782322, 18.691511], [100.6778252, 18.69109], [100.677493, 18.6908312], [100.6773149, 18.6907222], [100.6770633, 18.6905907], [100.6767568, 18.6904538], [100.6761567, 18.6902672], [100.6754336, 18.689977], [100.6752439, 18.6899322], [100.6750361, 18.6899049], [100.674798, 18.6899012], [100.6742177, 18.6898599], [100.6740042, 18.6898676], [100.6736874, 18.6899344], [100.6729683, 18.6900514], [100.6727913, 18.6900529], [100.6725468, 18.690026], [100.6723633, 18.689987], [100.6711322, 18.6895558], [100.6706119, 18.6894092], [100.6695595, 18.689151], [100.6692287, 18.6890376], [100.6687691, 18.6888497], [100.6684833, 18.6887582], [100.6682428, 18.688709], [100.6679923, 18.6886879], [100.6672048, 18.6886833], [100.6664119, 18.6887427], [100.665235, 18.6888637], [100.6636539, 18.6888544], [100.6630743, 18.6888828], [100.6628731, 18.6889079], [100.662666, 18.6889504], [100.6624715, 18.6890336], [100.6621373, 18.6891936], [100.6618945, 18.6893354], [100.6611713, 18.6896618], [100.6608855, 18.6897748], [100.6602404, 18.6899667], [100.6590469, 18.6902681], [100.6588276, 18.6903166], [100.6584861, 18.6903487], [100.6578941, 18.6903597], [100.6575159, 18.6903922], [100.6567716, 18.6904278], [100.6564237, 18.6904309], [100.6552523, 18.6904994], [100.6544839, 18.6905702], [100.6535371, 18.6907217], [100.6527236, 18.6909367], [100.6524932, 18.6910192], [100.6521327, 18.6911832], [100.6519699, 18.6912791], [100.6517235, 18.6914562], [100.6515903, 18.6915283], [100.6514272, 18.6915912], [100.6512291, 18.6916213], [100.6508472, 18.6916341], [100.6507082, 18.6916259], [100.6505291, 18.6915708], [100.6501504, 18.6913992], [100.6498772, 18.691359], [100.6493216, 18.6913639], [100.648682, 18.6914026], [100.6482263, 18.6914728], [100.648018, 18.6914794], [100.6478492, 18.691462], [100.6465457, 18.6911606], [100.646317, 18.691123], [100.646164, 18.6911127], [100.6457724, 18.6911445], [100.645401, 18.691214], [100.644867, 18.6913983], [100.6444129, 18.6916292], [100.6439392, 18.6918981], [100.6438012, 18.6919892], [100.6431563, 18.6925101], [100.642909, 18.6925879], [100.6427653, 18.6925986], [100.6425025, 18.6926104], [100.6421894, 18.6925564], [100.6419353, 18.6924452], [100.641806, 18.6923289], [100.6416854, 18.6921661], [100.6415903, 18.6919704], [100.6410661, 18.6910431], [100.6408985, 18.6908177], [100.640765, 18.6906865], [100.6406053, 18.690587], [100.6404259, 18.6905066], [100.6399755, 18.6904412], [100.6397638, 18.6904431], [100.6393346, 18.6905162], [100.6387745, 18.6907354], [100.6380505, 18.6911136], [100.6378335, 18.6912416], [100.6376824, 18.6913564], [100.6370135, 18.6919548], [100.636712, 18.6922474], [100.6356455, 18.6934606], [100.6355077, 18.6935753], [100.6352185, 18.6937669], [100.6350474, 18.6938567], [100.634837, 18.6939909], [100.6344762, 18.6943029], [100.6343119, 18.6944178], [100.6340233, 18.6946662], [100.6336942, 18.6948392], [100.6326982, 18.6951316], [100.6322303, 18.6953184], [100.6320594, 18.6954271], [100.6319546, 18.6955415], [100.6318964, 18.6956806], [100.6318584, 18.6958512], [100.631847, 18.6960467], [100.6318754, 18.6963632], [100.6318795, 18.696786], [100.631923, 18.6973004], [100.6320449, 18.6979429], [100.6322045, 18.698493], [100.632371, 18.6997602], [100.6324459, 18.6999557], [100.6327605, 18.7005736], [100.6328384, 18.7007641], [100.6330917, 18.7011971], [100.6332611, 18.7015516], [100.6333231, 18.7018035], [100.6333894, 18.7023069], [100.6333849, 18.7031157], [100.633303, 18.7035501], [100.633196, 18.7039379], [100.63304, 18.7043495], [100.6328711, 18.7046909], [100.6326894, 18.7049855], [100.6324224, 18.7053629], [100.6319591, 18.7057889], [100.6315692, 18.7061791], [100.6309733, 18.7068993], [100.6306439, 18.7071835], [100.6304482, 18.7072907], [100.6302446, 18.707347], [100.6300648, 18.7073552], [100.6299196, 18.7073305], [100.6296727, 18.7072388], [100.629462, 18.7070766], [100.6291143, 18.7067279], [100.6287288, 18.7062976], [100.6286258, 18.7062012], [100.6284671, 18.7059845], [100.6282572, 18.7057358], [100.6281316, 18.7056248], [100.6279714, 18.7055207], [100.6274857, 18.7053732], [100.6267009, 18.7052389], [100.6264648, 18.7051402], [100.6261362, 18.7049099], [100.625358, 18.7041352], [100.6250923, 18.7037937], [100.6240153, 18.7026465], [100.6235189, 18.7021819], [100.6230396, 18.7017953], [100.6225757, 18.701538], [100.6220553, 18.7013374], [100.6215908, 18.701214], [100.6211475, 18.7011709], [100.6206722, 18.7012063], [100.6201974, 18.7012885], [100.619805, 18.701417], [100.6194621, 18.7015762], [100.6191031, 18.7017669], [100.6188097, 18.7019569], [100.6184343, 18.702245], [100.6177357, 18.7028414], [100.6173776, 18.7031258], [100.6170364, 18.7034726], [100.6166622, 18.7037884], [100.6162395, 18.7041828], [100.6153144, 18.7052066], [100.6149252, 18.7056788], [100.6145513, 18.7060259], [100.6141786, 18.7064979], [100.6138537, 18.7068289], [100.6134319, 18.7073171], [100.6129767, 18.707743], [100.6126843, 18.7080424], [100.6117765, 18.7091755], [100.6111743, 18.7098355], [100.6108792, 18.7100531], [100.610649, 18.7101599], [100.6104516, 18.7102298], [100.6102375, 18.7102893], [100.6100891, 18.7103116], [100.6099296, 18.7103182], [100.6097919, 18.7103036], [100.6094444, 18.710228], [100.6088813, 18.7100388], [100.6082511, 18.7097453], [100.6076757, 18.7094251], [100.6066098, 18.7088914], [100.605652, 18.7083228], [100.6054302, 18.7081499], [100.6049775, 18.7076084], [100.6047332, 18.7073797], [100.604519, 18.7072347], [100.6042755, 18.7070969], [100.6039414, 18.7069637], [100.603503, 18.7068728], [100.6029741, 18.7068214], [100.6019609, 18.7067531], [100.6017038, 18.7067274], [100.6015052, 18.7066731], [100.6013798, 18.7066043], [100.6010398, 18.7063415], [100.6004254, 18.7057803], [100.5999752, 18.7054975], [100.5985004, 18.704727], [100.5982572, 18.7046172], [100.5977199, 18.7044469], [100.5972277, 18.7043812], [100.5969489, 18.7043906], [100.5956073, 18.7045139], [100.5953355, 18.7044812], [100.5951516, 18.7044338], [100.5949231, 18.7043239], [100.5946941, 18.704165], [100.5939921, 18.7036396], [100.5935024, 18.7033171], [100.5926402, 18.7026652], [100.5924189, 18.7025412], [100.5920503, 18.7023625], [100.5915718, 18.7021918], [100.5913401, 18.7021307], [100.5911382, 18.7021185], [100.5908009, 18.7021424], [100.5906252, 18.7021858], [100.5904497, 18.7022502], [100.5903257, 18.7023282], [100.5902165, 18.70242], [100.5897761, 18.7028699], [100.5894771, 18.7032129], [100.5892738, 18.7035157], [100.5891848, 18.7036764], [100.5891172, 18.7038813], [100.5891, 18.704025], [100.5891354, 18.7048785], [100.5893063, 18.7055186], [100.5897143, 18.7065494], [100.5900349, 18.7071559], [100.5904562, 18.7080095], [100.5906099, 18.7082831], [100.5908188, 18.7085825], [100.5910968, 18.7089336], [100.5913187, 18.7091543], [100.5916374, 18.7094396], [100.591783, 18.7095465], [100.591917, 18.7096227], [100.5922427, 18.7097359], [100.5924686, 18.7097907], [100.5929512, 18.7098735], [100.5933524, 18.7100082], [100.5937485, 18.7102147], [100.5943839, 18.7106014], [100.5945824, 18.7107489], [100.5947519, 18.7109021], [100.5950857, 18.7112693], [100.5953605, 18.7115211], [100.5956298, 18.7117949], [100.5957415, 18.7119652], [100.5958126, 18.7121358], [100.5958845, 18.7123782], [100.5962143, 18.7141705], [100.5962401, 18.7144465], [100.5962394, 18.7149878], [100.5962295, 18.7151756], [100.5961911, 18.7154024], [100.5961177, 18.7156129], [100.5959981, 18.7158404], [100.5957056, 18.7161743], [100.5951938, 18.7166095], [100.5950387, 18.7167599], [100.5948665, 18.7169437], [100.5947695, 18.7171047], [100.5946613, 18.7173155], [100.5945937, 18.7175204], [100.5944707, 18.7181122], [100.5944687, 18.7184107], [100.5944936, 18.7185983], [100.594553, 18.7187469], [100.5946295, 18.7188678], [100.595722, 18.7197754], [100.5962715, 18.7202623], [100.5964354, 18.7204376], [100.5966466, 18.7207065], [100.5967644, 18.7209043], [100.596818, 18.721053], [100.5968864, 18.7215495], [100.5968402, 18.7218378], [100.5958562, 18.7226361], [100.5955011, 18.7230011], [100.59526, 18.7232868], [100.5951093, 18.7235029], [100.5948905, 18.7238315], [100.5946393, 18.7242673], [100.594149, 18.7252444], [100.5940184, 18.7255204], [100.5937807, 18.7262099], [100.5936841, 18.7265702], [100.5936214, 18.7269832], [100.5935603, 18.7275654], [100.5935646, 18.7280306], [100.5935933, 18.7286091], [100.5936697, 18.7294293], [100.5943311, 18.7327192], [100.5944246, 18.7333609], [100.5944948, 18.7341871], [100.5944657, 18.7344134], [100.5944168, 18.7345269], [100.5942255, 18.7347724], [100.5941076, 18.7348448], [100.5939459, 18.7349116], [100.593273, 18.735072], [100.5930864, 18.7351449], [100.5929624, 18.7352352], [100.5928575, 18.7353729], [100.5927776, 18.7355045], [100.5927042, 18.7356657], [100.5926621, 18.7358386], [100.5926305, 18.7361287], [100.5926451, 18.7364987], [100.5927262, 18.7368681], [100.5929982, 18.737458], [100.5932123, 18.7378052], [100.5934481, 18.7380887], [100.5936801, 18.7384232], [100.5938328, 18.7387233], [100.5939678, 18.7390572], [100.5941289, 18.7396692], [100.5943451, 18.7402279], [100.5949425, 18.741203], [100.5952685, 18.7417805], [100.5954285, 18.7421295], [100.5955243, 18.7424287], [100.5956439, 18.7426035], [100.5957896, 18.7427503], [100.5960686, 18.7429066], [100.596983, 18.7433535], [100.5972063, 18.7434891], [100.5974593, 18.7436892], [100.5976549, 18.7439823], [100.5979603, 18.7445825], [100.5983466, 18.7455309], [100.5984823, 18.7457942], [100.5986619, 18.7460041], [100.5989744, 18.7461812], [100.599349, 18.7463221], [100.5998982, 18.7464377], [100.6005207, 18.7465381], [100.6010548, 18.7466711], [100.6015567, 18.7469206], [100.6019712, 18.7473189], [100.6022958, 18.7476016], [100.602575, 18.747779], [100.6027017, 18.7478242], [100.6028422, 18.7478613], [100.6032638, 18.7478471], [100.6038733, 18.7477362], [100.6045442, 18.7475935], [100.6048023, 18.7475514], [100.6050085, 18.7475615], [100.6051524, 18.747596], [100.6052717, 18.7476663], [100.6054291, 18.7478018], [100.6055113, 18.7479082], [100.6055876, 18.7480562], [100.6056665, 18.7483631], [100.6056696, 18.7486937], [100.6056327, 18.7488589], [100.6055779, 18.749014], [100.6053871, 18.7493412], [100.6049704, 18.7498841], [100.6046311, 18.7503946], [100.6043145, 18.7509578], [100.6041077, 18.7513932], [100.6038885, 18.7519493], [100.6037528, 18.7526018], [100.6037065, 18.7530642], [100.6037527, 18.7536491], [100.6038217, 18.7539449], [100.6040626, 18.75438], [100.6046614, 18.7550939], [100.6049762, 18.7555142], [100.6052628, 18.7560758], [100.6053104, 18.7564138], [100.6053133, 18.756724], [100.6052566, 18.7569924], [100.6051552, 18.7572188], [100.6049216, 18.7575593], [100.604643, 18.7578436], [100.6038499, 18.7584991], [100.6033795, 18.7588415], [100.6029684, 18.7591975], [100.6023962, 18.7597383], [100.6020598, 18.7601641], [100.6017974, 18.7605894], [100.6016096, 18.7610845], [100.6015391, 18.7614517], [100.601544, 18.7619734], [100.6016669, 18.7640169], [100.6018135, 18.7654257], [100.6018825, 18.7664685], [100.6019937, 18.7672713], [100.6021659, 18.7682568], [100.6028136, 18.7710149], [100.6031387, 18.7725208], [100.6035225, 18.7739699], [100.6037634, 18.7743908], [100.6039746, 18.774812], [100.6042745, 18.7752183], [100.6045892, 18.7756246], [100.6050369, 18.7760014], [100.6055579, 18.7763071], [100.6063167, 18.7767095], [100.6071635, 18.7770266], [100.6080264, 18.7774723], [100.6056582, 18.7793097], [100.6053554, 18.7795827], [100.6047039, 18.7800243], [100.6043105, 18.7802869], [100.6037314, 18.7805393], [100.6031774, 18.7808269], [100.6027714, 18.7810661], [100.6023404, 18.7812819], [100.6019454, 18.7813795], [100.6015743, 18.7813827], [100.6010527, 18.7811751], [100.6004561, 18.7808856], [100.600059, 18.7807594], [100.5996874, 18.7807036], [100.5992173, 18.7807076], [100.5987599, 18.7807469], [100.5982785, 18.7808689], [100.5973287, 18.7811598], [100.5959859, 18.7817723], [100.5954313, 18.7820009], [100.5945325, 18.7824564], [100.5940771, 18.7827077], [100.5926993, 18.7835443], [100.5921449, 18.7837965], [100.5916396, 18.7840012], [100.5913188, 18.7840982], [100.5910221, 18.7841242], [100.5907868, 18.7841027], [100.5905756, 18.7840102], [100.5904261, 18.7838936], [100.5901776, 18.7834525], [100.5898136, 18.7821707], [100.5889999, 18.7798313], [100.5884838, 18.778631], [100.587745, 18.777356], [100.5871813, 18.7766625], [100.5855868, 18.7752692], [100.5845262, 18.773979], [100.5839825, 18.7733827], [100.5828237, 18.7720197], [100.582125, 18.7713775], [100.5819728, 18.7712696], [100.5814379, 18.7709551], [100.5809557, 18.7707404], [100.5806838, 18.7706764], [100.5804608, 18.7706518], [100.5794692, 18.7706222], [100.5787196, 18.7705375], [100.5783165, 18.7704402], [100.5780425, 18.7703391], [100.5778094, 18.7702096], [100.5776497, 18.7700851], [100.5775933, 18.7700129], [100.5775215, 18.7698709], [100.577503, 18.7697788], [100.5774975, 18.7695048], [100.5774785, 18.7693567], [100.577427, 18.769181], [100.5773706, 18.7691172], [100.5771672, 18.7690042], [100.576749, 18.7688537], [100.5760933, 18.7686802], [100.5759066, 18.7686109], [100.5751076, 18.7682596], [100.574592, 18.7679582], [100.5744935, 18.7678882], [100.5744105, 18.7678068], [100.5742794, 18.7675954], [100.574199, 18.7673649], [100.5741566, 18.7670223], [100.5741701, 18.7667744], [100.57416, 18.766545], [100.574135, 18.7663774], [100.574111, 18.766318], [100.5739533, 18.7661962], [100.5733882, 18.7659787], [100.5727401, 18.7657963], [100.5721476, 18.765671], [100.5710952, 18.7654876], [100.5698966, 18.7654237], [100.5688824, 18.765444], [100.5683754, 18.7654718], [100.5678068, 18.7655237], [100.5673128, 18.7656103], [100.566973, 18.7656862], [100.5664019, 18.7658916], [100.5661732, 18.7659996], [100.5659864, 18.7661138], [100.5652958, 18.766683], [100.5651506, 18.7667837], [100.5649845, 18.7668845], [100.5645757, 18.7670669], [100.5642912, 18.767162], [100.563611, 18.7673533], [100.562819, 18.7674925], [100.5623601, 18.7675295], [100.5622207, 18.7675042], [100.562088, 18.7674522], [100.5619829, 18.7673736], [100.5618426, 18.7672488], [100.561635, 18.7670012], [100.5608365, 18.7662655], [100.560362, 18.7657863], [100.5600117, 18.765365], [100.559725, 18.76512], [100.5594887, 18.7649923], [100.5591538, 18.764889], [100.5583115, 18.7647782], [100.557433, 18.7647502], [100.5563682, 18.764653], [100.5549199, 18.764559], [100.5543376, 18.7644578], [100.5538044, 18.7643208], [100.552588, 18.7638831], [100.5521279, 18.7636159], [100.5512548, 18.7628336], [100.5507317, 18.7624491], [100.5503205, 18.7621225], [100.5499586, 18.7617838], [100.5495085, 18.7612572], [100.5490713, 18.7608013], [100.5486219, 18.7603572], [100.5481854, 18.759972], [100.5472522, 18.7593787], [100.5468536, 18.7590756], [100.5465916, 18.7588303], [100.5463664, 18.7585493], [100.5459605, 18.757445], [100.5457968, 18.7571282], [100.5456209, 18.756835], [100.5454207, 18.7565892], [100.5452084, 18.7563671], [100.5449593, 18.7561806], [100.5447354, 18.756041], [100.5440154, 18.7557642], [100.5435811, 18.7556145], [100.54301, 18.7553836], [100.5425627, 18.7551752], [100.5421143, 18.7549256], [100.5412139, 18.7543286], [100.5411011, 18.7542795], [100.5407347, 18.7541638], [100.5406935, 18.7540369], [100.5405059, 18.7538967], [100.5404682, 18.7538532], [100.5404415, 18.7537828], [100.5404262, 18.7535863], [100.5403401, 18.7532864], [100.5403035, 18.7529271], [100.5401912, 18.752609], [100.5401934, 18.7524825], [100.5402299, 18.752392], [100.5403185, 18.7522985], [100.5405766, 18.7521508], [100.5409858, 18.7519613], [100.541246, 18.7518597], [100.5413285, 18.7518497], [100.5414209, 18.7518651], [100.541453, 18.7518884], [100.541508, 18.7519916], [100.5415631, 18.7520244], [100.5417481, 18.7520293], [100.5418462, 18.7520085], [100.541931, 18.751927], [100.5419997, 18.7517606], [100.5419999, 18.7514496], [100.5419689, 18.7513508], [100.5417543, 18.7509322], [100.541551, 18.7506272], [100.5412813, 18.7503734], [100.5412469, 18.7502539], [100.5412352, 18.7500672], [100.5412702, 18.749842], [100.5413859, 18.7494178], [100.5414401, 18.7492777], [100.5414821, 18.7492116], [100.5415668, 18.7491227], [100.5418245, 18.7489095], [100.5418913, 18.7488255], [100.5419458, 18.7487136], [100.5419507, 18.7484848], [100.5418289, 18.7480201], [100.5417652, 18.7473315], [100.5417668, 18.7471823], [100.5417889, 18.7470282], [100.5418578, 18.7468971], [100.5419514, 18.7466289], [100.5420952, 18.7463837], [100.5421385, 18.7462447], [100.5421291, 18.7460922], [100.5419935, 18.7458079], [100.5419724, 18.7456637], [100.5416154, 18.7456539], [100.5414755, 18.7456758], [100.5413615, 18.7457288], [100.5413115, 18.745768], [100.5412545, 18.7458572], [100.5412515, 18.7458847], [100.5413009, 18.7460129], [100.5412994, 18.7460884], [100.5412671, 18.7461855], [100.5411714, 18.7462837], [100.5410343, 18.7463325], [100.5409834, 18.7463782], [100.5409884, 18.746501], [100.5410737, 18.7467053], [100.5411656, 18.7471304], [100.5411549, 18.7474769], [100.541133, 18.7475477], [100.5410771, 18.74763], [100.5409834, 18.7476839], [100.5408152, 18.7476988], [100.5407571, 18.7476801], [100.5405314, 18.747478], [100.5404879, 18.7474593], [100.5403011, 18.7474505], [100.5401871, 18.7474753], [100.540111, 18.7475315], [100.5400467, 18.7476178], [100.5400104, 18.7477436], [100.5399465, 18.7480965], [100.5398545, 18.7482423], [100.5397844, 18.7482773], [100.5395639, 18.7483045], [100.5394291, 18.7483492], [100.5392806, 18.7483504], [100.5391069, 18.7482992], [100.5389194, 18.748192], [100.5388216, 18.7481057], [100.5386205, 18.7479768], [100.5385878, 18.7479408], [100.5385489, 18.7478432], [100.5385384, 18.7477381], [100.5385494, 18.7476573], [100.5386302, 18.7475504], [100.5387473, 18.747475], [100.5389544, 18.7474219], [100.5390332, 18.7473853], [100.5392457, 18.7472345], [100.5392848, 18.7471863], [100.5392933, 18.7471348], [100.5392855, 18.7470698], [100.5392274, 18.7469331], [100.5391233, 18.746816], [100.5390085, 18.746745], [100.5389588, 18.7467197], [100.5389148, 18.7467184], [100.5387547, 18.7468062], [100.5386068, 18.7468562], [100.5385019, 18.7467792], [100.5384029, 18.7466644], [100.5383969, 18.7465017], [100.5384232, 18.746225], [100.5384091, 18.7460805], [100.5384174, 18.7459389], [100.5385259, 18.7455635], [100.5385369, 18.7451966], [100.5386039, 18.7448292], [100.5386033, 18.7447607], [100.5385765, 18.7447181], [100.5385228, 18.7447005], [100.5383057, 18.7447159], [100.5381549, 18.7447096], [100.5379002, 18.7445807], [100.5377849, 18.7445543], [100.5373492, 18.7446096], [100.5372883, 18.7445858], [100.5371771, 18.7444817], [100.5369634, 18.7441714], [100.5368442, 18.7440628], [100.5367721, 18.7440466], [100.5363599, 18.7440424], [100.5356603, 18.7438994], [100.5354358, 18.7438904], [100.5353109, 18.7439049], [100.5351014, 18.7439349], [100.5349281, 18.7439877], [100.5347481, 18.7440874], [100.534697, 18.7441323], [100.5346095, 18.7443934], [100.5345044, 18.744441], [100.5343644, 18.7444593], [100.5342673, 18.7444521], [100.5342395, 18.7444249], [100.5342053, 18.7440976], [100.5341121, 18.743854], [100.5339899, 18.7437306], [100.5339009, 18.7436913], [100.5336201, 18.7436503], [100.5335327, 18.7436578], [100.5334599, 18.743695], [100.5334186, 18.7437638], [100.5334092, 18.743961], [100.5333469, 18.7441305], [100.533277, 18.7441813], [100.5332069, 18.7442031], [100.5331047, 18.7442101], [100.53298, 18.7441974], [100.5324725, 18.7440859], [100.5324114, 18.7440422], [100.5323299, 18.7438663], [100.5322981, 18.7438339], [100.5322098, 18.7438353], [100.5319274, 18.7438833], [100.531833, 18.7438734], [100.5317418, 18.7437883], [100.5317705, 18.7434841], [100.5317217, 18.7433668], [100.5316754, 18.7433219], [100.5316171, 18.7433107], [100.5313844, 18.7433143], [100.5312773, 18.7432981], [100.5311081, 18.7431813], [100.5310595, 18.7431731], [100.5310102, 18.7431821], [100.5309798, 18.7432046], [100.5308637, 18.7433802], [100.5307892, 18.7433954], [100.5305239, 18.7432743], [100.5300722, 18.7431196], [100.5300387, 18.743089], [100.5300237, 18.7430232], [100.5300541, 18.7428063], [100.5300417, 18.7427285], [100.5300015, 18.7426501], [100.5299437, 18.7426172], [100.5297452, 18.7425784], [100.5296501, 18.7425305], [100.5294827, 18.742376], [100.5293854, 18.7422513], [100.5293385, 18.7421373], [100.5293497, 18.7419042], [100.5293846, 18.7418262], [100.529468, 18.7417027], [100.5295768, 18.7416128], [100.5297665, 18.7412737], [100.5297673, 18.7411947], [100.5297077, 18.7411655], [100.5296484, 18.7411646], [100.5295538, 18.7411893], [100.5293383, 18.7412914], [100.5288875, 18.7414462], [100.5288079, 18.7414892], [100.5286166, 18.7416418], [100.5284645, 18.7417123], [100.5282719, 18.7417195], [100.5278802, 18.7416761], [100.5277143, 18.741693], [100.5275608, 18.7417648], [100.527362, 18.7419105], [100.5271554, 18.7420209], [100.5269845, 18.7420882], [100.5267955, 18.7421295], [100.5262392, 18.7421654], [100.5260523, 18.7421472], [100.5258886, 18.7420793], [100.5256799, 18.7419482], [100.5255184, 18.7417886], [100.5253624, 18.7417517], [100.5251985, 18.7416613], [100.5249964, 18.7416036], [100.5246893, 18.7415694], [100.5244366, 18.7414909], [100.5243609, 18.7414817], [100.5242248, 18.7415138], [100.5239251, 18.7416434], [100.5235801, 18.7418863], [100.5234653, 18.7419055], [100.5234162, 18.7418978], [100.5232074, 18.7418002], [100.5230209, 18.741638], [100.5229216, 18.7415985], [100.522765, 18.7414992], [100.5226725, 18.7414671], [100.5225468, 18.7414597], [100.5220557, 18.7414912], [100.5219758, 18.7415056], [100.5218695, 18.7415541], [100.5218068, 18.7416341], [100.5216237, 18.7420433], [100.5215751, 18.7420745], [100.5214862, 18.7420805], [100.5213524, 18.7420413], [100.5211318, 18.7418537], [100.5209579, 18.7417393], [100.5208017, 18.7415998], [100.5206899, 18.7414639], [100.5206339, 18.7414188], [100.5204891, 18.7413829], [100.5203378, 18.7413778], [100.520216, 18.7413025], [100.5199711, 18.7412696], [100.5198441, 18.7412388], [100.5197805, 18.7412086], [100.5197178, 18.7411583], [100.5196918, 18.7411161], [100.5196172, 18.7408461], [100.5195663, 18.740747], [100.5194608, 18.7406367], [100.5193436, 18.7405836], [100.5192736, 18.7405789], [100.5191581, 18.7405979], [100.5190542, 18.7406622], [100.5189549, 18.7407488], [100.5187182, 18.7408842], [100.51851, 18.7409759], [100.5183714, 18.7410162], [100.5183111, 18.7409892], [100.5182773, 18.7409397], [100.5180805, 18.7405097], [100.5179864, 18.7403711], [100.5178807, 18.7402741], [100.5177737, 18.7402335], [100.517353, 18.7402378], [100.5172765, 18.7402259], [100.5167228, 18.7400246], [100.5157907, 18.7398655], [100.5155658, 18.7398614], [100.5151977, 18.739906], [100.5150481, 18.7399429], [100.5146744, 18.740065], [100.514161, 18.7402599], [100.5140059, 18.7402988], [100.5136582, 18.7403192], [100.5134657, 18.7402982], [100.5133362, 18.7402565], [100.5132195, 18.7401771], [100.5131133, 18.7400801], [100.5129108, 18.7398332], [100.5128313, 18.7397861], [100.5125942, 18.7397956], [100.5121704, 18.7398492], [100.5120202, 18.7398529], [100.5119489, 18.7398259], [100.5118, 18.7396815], [100.5115612, 18.7394951], [100.5114368, 18.7394409], [100.5112221, 18.7394432], [100.5109419, 18.7394901], [100.5108654, 18.7394882], [100.5107703, 18.7394588], [100.5106299, 18.7393746], [100.5104839, 18.7392552], [100.5101901, 18.739107], [100.5100446, 18.7390529], [100.5099147, 18.7389661], [100.5098003, 18.738844], [100.5096723, 18.7386693], [100.5096027, 18.7385493], [100.509573, 18.7384667], [100.5094876, 18.7383419], [100.5089875, 18.73812], [100.5085929, 18.7378922], [100.5084025, 18.7378209], [100.5082996, 18.7378017], [100.5078724, 18.737661], [100.5076853, 18.7375791], [100.5074163, 18.7373892], [100.5072255, 18.7373258], [100.5071357, 18.7373089], [100.5068986, 18.7373133], [100.506754, 18.7373522], [100.506638, 18.7374133], [100.5066093, 18.7374443], [100.5064123, 18.7378731], [100.5063311, 18.7379653], [100.5062751, 18.7380015], [100.5062191, 18.7380266], [100.5060364, 18.7380571], [100.5057434, 18.7380617], [100.5056565, 18.738049], [100.5053519, 18.7378101], [100.5052783, 18.7377057], [100.5052533, 18.7375361], [100.5052372, 18.7368671], [100.5052037, 18.7366924], [100.5050905, 18.7365261], [100.5048454, 18.7363303], [100.5047888, 18.7362547], [100.5047438, 18.7361334], [100.504731, 18.7360385], [100.5047463, 18.7355061], [100.5048119, 18.7352622], [100.5048549, 18.7351592], [100.5050558, 18.7348534], [100.505305, 18.7346043], [100.5055269, 18.7344314], [100.5056654, 18.7342934], [100.5057753, 18.734091], [100.5058096, 18.733912], [100.5058189, 18.733604], [100.5057252, 18.7323794], [100.5056474, 18.7319234], [100.5053238, 18.7307669], [100.5050042, 18.730067], [100.5048494, 18.7297781], [100.5045615, 18.7293963], [100.5033294, 18.7282715], [100.5030919, 18.7280891], [100.5023152, 18.7274277], [100.5019238, 18.7272822], [100.501732, 18.7272567], [100.5015334, 18.7272583], [100.5013421, 18.7272868], [100.5011654, 18.7273626], [100.5009961, 18.7274721], [100.5007359, 18.7277311], [100.5006381, 18.7279008], [100.5005449, 18.7281358], [100.5001132, 18.7293511], [100.4997052, 18.7302501], [100.4996208, 18.7303472], [100.4993894, 18.7305328], [100.4991881, 18.7306488], [100.4973191, 18.7315301], [100.4964524, 18.7322388], [100.4958994, 18.732945], [100.495113, 18.734182], [100.494533, 18.7348126], [100.4937517, 18.7353403], [100.4931691, 18.735606], [100.4929521, 18.7353479], [100.4926082, 18.7347819], [100.4925299, 18.7347047], [100.4922264, 18.7345553], [100.492095, 18.7344708], [100.4918754, 18.7343046], [100.4914655, 18.7339204], [100.4911952, 18.7337358], [100.4905748, 18.7333672], [100.4898736, 18.7328885], [100.489655, 18.7328073], [100.4894107, 18.7327556], [100.487498, 18.7325923], [100.486961, 18.7325179], [100.4866067, 18.7324937], [100.4861209, 18.7323805], [100.4855266, 18.7320445], [100.4838009, 18.7308326], [100.4832805, 18.7305575], [100.4832067, 18.7305015], [100.4819905, 18.7298087], [100.4811513, 18.7292852], [100.4803962, 18.7288405], [100.4796564, 18.7285416], [100.4792101, 18.7284125], [100.4786389, 18.728311], [100.4780262, 18.7282363], [100.4773441, 18.7281755], [100.4767042, 18.7281673], [100.4760646, 18.7281988], [100.4755503, 18.7282426], [100.4749808, 18.7283399], [100.4742174, 18.7285314], [100.4728114, 18.7289408], [100.4719829, 18.7291189], [100.4707882, 18.7293006], [100.4698847, 18.7293872], [100.4689167, 18.7293053], [100.468047, 18.7292028], [100.4671831, 18.7290373], [100.4654209, 18.7286182], [100.4641182, 18.7284218], [100.4637217, 18.7284221], [100.4636114, 18.7284438], [100.4629817, 18.7286139], [100.4624835, 18.7288904], [100.4614904, 18.7296367], [100.4612528, 18.7299129], [100.4606249, 18.7308468], [100.4603363, 18.7314508], [100.4595647, 18.7332057], [100.4586271, 18.7350526], [100.4575895, 18.736378], [100.456828, 18.7373902], [100.4565482, 18.7376612], [100.4560156, 18.7379914], [100.4555624, 18.7382069], [100.4546419, 18.7384888], [100.4537383, 18.7387091], [100.4534996, 18.7387941], [100.452968, 18.7390386], [100.4525558, 18.7394081], [100.4523131, 18.7398057], [100.4520734, 18.740555], [100.4519754, 18.7411034], [100.4519783, 18.7418495], [100.4521768, 18.7436611], [100.4522311, 18.7446133], [100.4522192, 18.7451157], [100.4521284, 18.7453985], [100.4520322, 18.7456236], [100.4518572, 18.7458118], [100.4514801, 18.7460702], [100.4513238, 18.7461462], [100.4509714, 18.7462424], [100.4507166, 18.7462755], [100.4503308, 18.7462785], [100.4500821, 18.7462555], [100.4498592, 18.7462012], [100.4495705, 18.7460913], [100.4491312, 18.7457978], [100.4486969, 18.7454433], [100.4474904, 18.7445185], [100.4472795, 18.7443332], [100.4470623, 18.7441791], [100.446839, 18.7440625], [100.4466092, 18.7439646], [100.446393, 18.7439164], [100.4461444, 18.7439058], [100.4458204, 18.7439265], [100.4442909, 18.7444395], [100.4439384, 18.7444723], [100.4438307, 18.7444731], [100.4434303, 18.7444176], [100.4429516, 18.7442014], [100.4420683, 18.743701], [100.4411893, 18.7430016], [100.440396, 18.7421547], [100.4393936, 18.7408787], [100.4387966, 18.7403937], [100.4383087, 18.7401513], [100.4378708, 18.7400638], [100.4374667, 18.7400449], [100.4365954, 18.7402201], [100.4357521, 18.740549], [100.4351859, 18.7409051], [100.4347121, 18.7412605], [100.4338436, 18.7421999], [100.4333921, 18.7425517], [100.4331253, 18.7426973], [100.4326723, 18.7429016], [100.4325306, 18.7429439], [100.4322884, 18.742993], [100.4317662, 18.7429527], [100.4306024, 18.7428014], [100.4304332, 18.7428027], [100.4300191, 18.7429524], [100.4297131, 18.7431453], [100.42927, 18.7435004], [100.4289165, 18.7437345], [100.4286084, 18.7438873], [100.4284609, 18.743929], [100.4280903, 18.7439154], [100.4279688, 18.7438897], [100.4270078, 18.7434004], [100.4262978, 18.7431127], [100.4258358, 18.7430576], [100.4255435, 18.7430599], [100.4251276, 18.7431726], [100.4246393, 18.7434624], [100.4219246, 18.7453159], [100.420068, 18.7465008], [100.4196701, 18.7466901], [100.4193816, 18.7468017], [100.4187762, 18.7469178], [100.4180542, 18.7470151], [100.4178081, 18.747017], [100.4174577, 18.7469507], [100.4173087, 18.7468779], [100.4169791, 18.7465358], [100.4165212, 18.745756], [100.4160711, 18.745163], [100.415791, 18.7449398], [100.4153719, 18.7447309], [100.4147704, 18.7445021], [100.4134954, 18.7441429], [100.4120001, 18.7438908], [100.4107543, 18.7437158], [100.4099511, 18.7435637], [100.4094515, 18.7433304], [100.4090334, 18.7429384], [100.4086143, 18.7424147], [100.4081388, 18.7417597], [100.4075518, 18.7410001], [100.4070186, 18.7400557], [100.4064244, 18.7393944], [100.4058737, 18.7389814], [100.4053741, 18.7387618], [100.4051224, 18.7386722], [100.4048116, 18.7386205], [100.4010649, 18.7381171], [100.3994562, 18.7380678], [100.3990488, 18.7380709], [100.3986207, 18.738166], [100.3958731, 18.7391365], [100.394302, 18.7394839], [100.3931688, 18.7395843], [100.3913692, 18.739383], [100.3901424, 18.7382966], [100.3898491, 18.7378391], [100.3896568, 18.7372971], [100.3895727, 18.7366179], [100.3895528, 18.7355524], [100.3894087, 18.7347783], [100.3890905, 18.7342464], [100.3889242, 18.7339685], [100.3889098, 18.7339443], [100.3880974, 18.7333002], [100.3878923, 18.7330891], [100.3877724, 18.7328712], [100.3875991, 18.7325349], [100.387492, 18.7322732], [100.3874176, 18.7320111], [100.3873764, 18.7317864], [100.3873878, 18.7315738], [100.387425, 18.7313047], [100.387455, 18.7309669], [100.3874985, 18.7306602], [100.3875357, 18.7303974], [100.3876249, 18.7300779], [100.3876933, 18.729871], [100.3877658, 18.7296517], [100.3879315, 18.7290504], [100.3879893, 18.7288936], [100.3880735, 18.7287555], [100.3881967, 18.7285858], [100.3883334, 18.7284472], [100.3884568, 18.72829], [100.3885147, 18.7281521], [100.3885264, 18.7279832], [100.3885216, 18.7278623], [100.3885182, 18.7277769], [100.3884774, 18.7276022], [100.3883975, 18.7274653], [100.3882122, 18.7272603], [100.3880402, 18.7270928], [100.3879343, 18.7269873], [100.3877232, 18.7268451], [100.3874135, 18.7266849], [100.3870115, 18.726469], [100.3866885, 18.7262776], [100.3863393, 18.7261114], [100.3860302, 18.7260137], [100.3856388, 18.7259031], [100.3855312, 18.7259039], [100.3852187, 18.7259559], [100.3850484, 18.7261207], [100.3849599, 18.7262063], [100.3847012, 18.7264567], [100.3845939, 18.7265264], [100.3839128, 18.7265891], [100.3828823, 18.7264114], [100.382211, 18.7261616], [100.3819966, 18.7260818], [100.3817664, 18.7259961], [100.3807632, 18.7257381], [100.3801488, 18.7253981], [100.3801475, 18.7252389], [100.3802842, 18.7249996], [100.3805056, 18.7248127], [100.3806151, 18.7245736], [100.3806129, 18.7243081], [100.3801359, 18.7238091], [100.3785187, 18.7233432], [100.3780723, 18.7231082], [100.3778147, 18.7228669], [100.3777454, 18.7226796], [100.377837, 18.7215726], [100.3777199, 18.7208055], [100.3776878, 18.720276], [100.3775695, 18.7194286], [100.3773421, 18.7187944], [100.3763544, 18.7170792], [100.3752012, 18.7154849], [100.3741108, 18.7147768], [100.3737567, 18.7143717], [100.3734395, 18.7141402], [100.3729148, 18.7137464], [100.3727034, 18.7134001], [100.3726472, 18.7129036], [100.3724871, 18.7124575], [100.372171, 18.7120622], [100.3716988, 18.7117178], [100.37154, 18.7114207], [100.3715376, 18.7111226], [100.3714313, 18.7108749], [100.3712733, 18.7105068], [100.3712186, 18.7103794], [100.3709021, 18.7099345], [100.3706927, 18.7098366], [100.3705884, 18.7098374], [100.3702246, 18.7099891], [100.369756, 18.710092], [100.3695538, 18.7101578], [100.3684837, 18.7101148], [100.3681605, 18.710105], [100.3677605, 18.710093], [100.3672305, 18.7098585], [100.3665299, 18.7092537], [100.3662493, 18.7089248], [100.3659051, 18.7086573], [100.3651018, 18.708033], [100.3641108, 18.707726], [100.3637085, 18.7076015], [100.3636801, 18.7075927], [100.3633156, 18.7072237], [100.3632841, 18.7067733], [100.3633341, 18.7060579], [100.363689, 18.7052342], [100.3638517, 18.7046762], [100.3639595, 18.7043049], [100.3638725, 18.7038018], [100.3636459, 18.7033257], [100.362438, 18.7017713], [100.3617618, 18.7006501], [100.3610618, 18.7001254], [100.360392, 18.6998118], [100.3603054, 18.6996959], [100.3601955, 18.6995489], [100.3601086, 18.6991248], [100.3599262, 18.6971394], [100.3596248, 18.6942794], [100.3593384, 18.693222], [100.3590246, 18.6922168], [100.3590167, 18.6912229], [100.3591513, 18.6906391], [100.3588956, 18.6900051], [100.3577426, 18.6883971], [100.3572089, 18.6876848], [100.3570963, 18.68754], [100.3567964, 18.687375], [100.356271, 18.6868818], [100.3560079, 18.6865855], [100.3555844, 18.6857934], [100.3554228, 18.6851485], [100.35479, 18.6842585], [100.3543689, 18.6837646], [100.3538427, 18.683172], [100.3533694, 18.6826784], [100.3529487, 18.6822342], [100.3526296, 18.6814413], [100.3520524, 18.6809982], [100.3517901, 18.6808013], [100.3516329, 18.680703], [100.3515796, 18.6805543]]]}}]}