{"type": "FeatureCollection", "features": [{"type": "Feature", "properties": {"name": "แม่น้ำน่าน", "source": "OpenStreetMap/Nominatim", "osm_relation": "227210"}, "geometry": {"type": "MultiLineString", "coordinates": [[[100.140912, 15.7004211], [100.1424762, 15.7005378], [100.148675, 15.7017531], [100.150751, 15.7026336], [100.1520379, 15.7037413], [100.1555425, 15.7092199], [100.1571749, 15.7119031], [100.1581561, 15.7125724], [100.1598973, 15.7127511], [100.1626477, 15.712576], [100.1641989, 15.7122071], [100.1649201, 15.7121195], [100.1657438, 15.7121865], [100.1665592, 15.7124137], [100.1673324, 15.7127722], [100.1683616, 15.7132193], [100.1690054, 15.713715], [100.1694131, 15.7144999], [100.1699495, 15.7158012], [100.1718525, 15.7207504], [100.1726985, 15.7220088], [100.1739848, 15.7230653], [100.1756484, 15.7238089], [100.1794802, 15.7247476], [100.1826953, 15.7263686], [100.1830882, 15.726896], [100.1831808, 15.7273212], [100.1832768, 15.7277616], [100.1821194, 15.7341298], [100.1823394, 15.7357345], [100.1829348, 15.7367259], [100.183483, 15.7372282], [100.1838527, 15.737567], [100.185536, 15.7386823], [100.1866497, 15.7389405], [100.1894655, 15.7390422], [100.1921359, 15.7385036], [100.1971076, 15.737187], [100.1993051, 15.7363751], [100.2008053, 15.7354077], [100.202412, 15.7338973], [100.208881, 15.7272696], [100.2100901, 15.7265069], [100.2112638, 15.7258728], [100.2125722, 15.7256936], [100.2138596, 15.7258996], [100.2153853, 15.7262647], [100.2193067, 15.7285341], [100.2225988, 15.7293726], [100.2238149, 15.7305618], [100.2242967, 15.7318656], [100.2245375, 15.7331487], [100.2254618, 15.7348118], [100.2275625, 15.7382646], [100.2284794, 15.7394069], [100.2294777, 15.7401509], [100.2305259, 15.740677], [100.2326089, 15.7414009], [100.2345803, 15.7421016], [100.2365372, 15.7426043], [100.2391024, 15.7428511], [100.2423538, 15.7429203], [100.2439315, 15.7433989], [100.2459936, 15.7446582], [100.2467306, 15.745443], [100.2471362, 15.7461953], [100.2471616, 15.747239], [100.2464388, 15.7514001], [100.2465918, 15.7523374], [100.2469619, 15.7529631], [100.2473283, 15.7533478], [100.2479801, 15.7537572], [100.2486635, 15.7540148], [100.2491694, 15.7540623], [100.2502702, 15.7539875], [100.2512578, 15.7537102], [100.2521332, 15.7533591], [100.2528842, 15.7529755], [100.2536412, 15.7527917], [100.254552, 15.7527287], [100.2548138, 15.7528261], [100.2552735, 15.7537658], [100.2552955, 15.7545196], [100.2540466, 15.7602116], [100.2539689, 15.7618363], [100.2539866, 15.7630186], [100.2544404, 15.7645813], [100.2548808, 15.7653929], [100.2562117, 15.767301], [100.2572385, 15.7690392], [100.2575775, 15.7698626], [100.2578082, 15.770748], [100.2574874, 15.7764117], [100.2570577, 15.7786815], [100.2554402, 15.7838845], [100.2549661, 15.7853733], [100.2549249, 15.7865621], [100.2550721, 15.7876336], [100.2552116, 15.7880672], [100.2555603, 15.7887331], [100.2559188, 15.789265], [100.2567244, 15.7902714], [100.256896, 15.7906637], [100.2568799, 15.791025], [100.2568424, 15.7912831], [100.2566975, 15.7915928], [100.2564132, 15.7918974], [100.2560645, 15.7921452], [100.2557264, 15.7923012], [100.2553511, 15.7924394], [100.2550283, 15.792486], [100.2546591, 15.7925117], [100.2543801, 15.7924446], [100.2538544, 15.792331], [100.2532482, 15.7924601], [100.2530819, 15.7925891], [100.2527869, 15.7929608], [100.2526689, 15.7931776], [100.2525616, 15.7933995], [100.2525026, 15.7936318], [100.2525294, 15.7938538], [100.2526041, 15.7941513], [100.2543358, 15.7993642], [100.254926, 15.8008087], [100.2551143, 15.8014841], [100.2551561, 15.8023321], [100.2549409, 15.8027307], [100.254683, 15.8030341], [100.2541266, 15.8032262], [100.2531186, 15.8032412], [100.2523143, 15.8031295], [100.2511857, 15.8031748], [100.2495947, 15.8034192], [100.2474427, 15.8039406], [100.2469395, 15.8040845], [100.2464889, 15.8043271], [100.2461965, 15.8046611], [100.2461171, 15.8051416], [100.2462237, 15.8055817], [100.2464642, 15.8061476], [100.2468864, 15.8067675], [100.2477178, 15.8074741], [100.249319, 15.8086526], [100.2502012, 15.8096795], [100.2508484, 15.8105592], [100.2520573, 15.812797], [100.2523214, 15.8138775], [100.2525079, 15.8170707], [100.2526873, 15.8181103], [100.2530551, 15.8193932], [100.2538755, 15.8212298], [100.2554983, 15.8236777], [100.2567535, 15.8255285], [100.2568554, 15.8266789], [100.2563957, 15.8273957], [100.2552054, 15.8277931], [100.2535789, 15.8278422], [100.2523569, 15.8282006], [100.2512498, 15.8286951], [100.2505881, 15.8294868], [100.2499783, 15.8309424], [100.2499579, 15.8323425], [100.2505185, 15.8336921], [100.2517324, 15.835053], [100.2528395, 15.8358448], [100.2537526, 15.836333], [100.2551688, 15.8373553], [100.2560771, 15.8383054], [100.2583199, 15.8405508], [100.2590913, 15.8412986], [100.2592549, 15.8416325], [100.259308, 15.8420382], [100.259239, 15.8423311], [100.2589808, 15.8427756], [100.2584911, 15.8430145], [100.2580425, 15.8431255], [100.2572443, 15.8431059], [100.2564097, 15.8428798], [100.2554869, 15.8423752], [100.2545352, 15.8417605], [100.2537005, 15.8410127], [100.2525112, 15.8400812], [100.2519169, 15.8397386], [100.2510956, 15.8395043], [100.2504674, 15.8395058], [100.2501563, 15.8395755], [100.2497588, 15.8398691], [100.249527, 15.8403181], [100.2493639, 15.840701], [100.2493162, 15.8411629], [100.2494562, 15.8417208], [100.2497802, 15.8421932], [100.252203, 15.8455493], [100.2526083, 15.8464484], [100.2529442, 15.8472602], [100.2530852, 15.8478583], [100.2531695, 15.8486024], [100.2531732, 15.8494281], [100.2530509, 15.8501649], [100.2528372, 15.8507044], [100.2519213, 15.852514], [100.2510049, 15.8534058], [100.2501949, 15.8540353], [100.2487454, 15.8550782], [100.2455482, 15.8572053], [100.2444331, 15.8581468], [100.2440152, 15.8587095], [100.2437844, 15.8591946], [100.2437282, 15.8596208], [100.2437844, 15.8600145], [100.2440066, 15.8603938], [100.2442441, 15.8606642], [100.244564, 15.8608484], [100.2451132, 15.8610874], [100.245876, 15.8612339], [100.2474649, 15.8612757], [100.248503, 15.8614233], [100.2497561, 15.8617071], [100.2508687, 15.8620079], [100.2516218, 15.8623072], [100.2523799, 15.8627706], [100.2532623, 15.8634909], [100.2537633, 15.8638589], [100.2543475, 15.8641406], [100.2551898, 15.8645384], [100.2583253, 15.8656876], [100.2597968, 15.8660431], [100.2606056, 15.8660854], [100.2616239, 15.8659053], [100.2620937, 15.8656659], [100.2629804, 15.8652077], [100.2637716, 15.8649672], [100.2643194, 15.8649647], [100.2650071, 15.8651102], [100.2656056, 15.8654772], [100.2658198, 15.8657573], [100.2658771, 15.8662947], [100.2657973, 15.8666917], [100.2655131, 15.867378], [100.2648467, 15.8689745], [100.2644208, 15.8702129], [100.2643491, 15.8704393], [100.2643762, 15.8716461], [100.2644438, 15.87219], [100.2646608, 15.8727178], [100.2649512, 15.8733269], [100.2654815, 15.8739939], [100.2659249, 15.8744655], [100.2663623, 15.874902], [100.2669181, 15.8752977], [100.2676965, 15.875824], [100.2682617, 15.8760621], [100.2693927, 15.8763506], [100.2703105, 15.8764702], [100.2712528, 15.8765389], [100.2739014, 15.8765688], [100.2744203, 15.8765013], [100.2761105, 15.8760982], [100.276708, 15.8760188], [100.2772176, 15.8760126], [100.2776293, 15.8760601], [100.2780215, 15.8761643], [100.2786732, 15.8764337], [100.2793355, 15.8768348], [100.2797442, 15.8771599], [100.2802363, 15.8776549], [100.2805698, 15.8780817], [100.2813825, 15.879442], [100.2819353, 15.8803347], [100.2824866, 15.8810259], [100.2829366, 15.8814969], [100.2834296, 15.881912], [100.2839432, 15.8822631], [100.2844891, 15.8825371], [100.2849142, 15.8826919], [100.2855681, 15.8828196], [100.2862513, 15.8828683], [100.287326, 15.8828779], [100.2878593, 15.8829656], [100.2881209, 15.8830562], [100.2883616, 15.8831965], [100.2885595, 15.883407], [100.2888501, 15.8838693], [100.290189, 15.8869595], [100.2909502, 15.8878255], [100.2940771, 15.8906666], [100.2952348, 15.8920576], [100.2958685, 15.8924967], [100.2964782, 15.8925973], [100.2974031, 15.892563], [100.2999496, 15.8916619], [100.3020439, 15.8916466], [100.3043538, 15.8924135], [100.3068254, 15.894065], [100.3080492, 15.8953004], [100.308524, 15.8967586], [100.3085447, 15.8979184], [100.3083269, 15.8988409], [100.3079616, 15.8994386], [100.3072153, 15.9001501], [100.3056179, 15.9012618], [100.3052653, 15.9014993], [100.30482, 15.9019971], [100.3044649, 15.9025858], [100.3041956, 15.9032276], [100.3039934, 15.9041015], [100.3038723, 15.9052475], [100.3036806, 15.9068353], [100.3034484, 15.9075683], [100.3030186, 15.908465], [100.3022977, 15.9089113], [100.3017312, 15.9090934], [100.3010574, 15.9091285], [100.2992437, 15.9090768], [100.2985773, 15.9096849], [100.2982249, 15.9104321], [100.2982966, 15.9114703], [100.2990003, 15.9142179], [100.2994064, 15.9183021], [100.2992036, 15.9197403], [100.2986242, 15.9214951], [100.2977493, 15.9227625], [100.296563, 15.923842], [100.2929232, 15.9263804], [100.2924745, 15.9271266], [100.2924411, 15.9278886], [100.2928086, 15.929126], [100.2936896, 15.9305856], [100.2942593, 15.9327913], [100.2946514, 15.9346334], [100.2954469, 15.9362969], [100.2964914, 15.9373607], [100.2970646, 15.937646], [100.297758, 15.9376247], [100.2989993, 15.9371101], [100.2997412, 15.9362035], [100.3006134, 15.9358198], [100.301638, 15.9357826], [100.3024223, 15.9363438], [100.3030108, 15.9376195], [100.3032076, 15.9391974], [100.3029432, 15.9426487], [100.3030507, 15.946887], [100.3020153, 15.9488342], [100.298248, 15.9518742], [100.2974816, 15.953328], [100.2975815, 15.9541251], [100.2982712, 15.9548786], [100.2989065, 15.9553299], [100.299599, 15.9555582], [100.3005261, 15.955504], [100.3011038, 15.9550147], [100.3012704, 15.954049], [100.3015735, 15.9532617], [100.302099, 15.9527335], [100.3023725, 15.9526408], [100.302602, 15.9526376], [100.3029055, 15.9527076], [100.3031465, 15.9528841], [100.3041244, 15.9541509], [100.3046196, 15.9547229], [100.3056452, 15.9551159], [100.3064746, 15.9550478], [100.3071946, 15.9545248], [100.3081739, 15.9537822], [100.3090048, 15.9527364], [100.3105456, 15.9518691], [100.3119334, 15.9512125], [100.3133035, 15.9512511], [100.3141393, 15.9514332], [100.3147851, 15.9521878], [100.314849, 15.9531595], [100.3142272, 15.9545742], [100.314099, 15.9553686], [100.3143672, 15.9561144], [100.3157802, 15.9571192], [100.3197059, 15.9613882], [100.3202005, 15.961807], [100.320458, 15.9623794], [100.3203577, 15.9629597], [100.3198317, 15.9633065], [100.3186491, 15.9634337], [100.3177801, 15.9629772], [100.316632, 15.9627613], [100.3156708, 15.9631082], [100.3147529, 15.9641583], [100.3144343, 15.9652868], [100.314666, 15.9663497], [100.3155893, 15.9670475], [100.3192631, 15.9676851], [100.322222, 15.9679432], [100.3231343, 15.9683802], [100.3239812, 15.9690546], [100.3247947, 15.9703986], [100.3247678, 15.971913], [100.3243033, 15.9728489], [100.3238243, 15.9735947], [100.3234821, 15.9750233], [100.323327, 15.976244], [100.3232621, 15.9771202], [100.3234064, 15.9780041], [100.3243023, 15.9800923], [100.3245292, 15.9809979], [100.3244487, 15.9820375], [100.3239085, 15.9831148], [100.3227053, 15.9842886], [100.3216465, 15.985347], [100.3212054, 15.9860646], [100.3211319, 15.9868366], [100.321605, 15.9877706], [100.3225784, 15.9879154], [100.3233404, 15.9876139], [100.3240614, 15.9865953], [100.3248604, 15.9860151], [100.3254788, 15.9859135], [100.3261857, 15.9862248], [100.3287285, 15.9886106], [100.3318672, 15.9901984], [100.3336997, 15.9907239], [100.3351738, 15.9903645], [100.3369548, 15.9878928], [100.3381664, 15.9866833], [100.3392595, 15.9859538], [100.3401917, 15.9859074], [100.3415795, 15.9863111], [100.3425917, 15.9871806], [100.3431137, 15.9879113], [100.3433819, 15.9887287], [100.3433613, 15.9898828], [100.3421299, 15.9919812], [100.3419412, 15.9929808], [100.3420038, 15.9940545], [100.3424093, 15.9955445], [100.3436035, 15.9966429], [100.3459482, 15.9979614], [100.3478955, 15.9986957], [100.3508569, 15.9989369], [100.3541574, 15.9994553], [100.3550865, 15.9999663], [100.3573064, 16.0016866], [100.3591035, 16.0027202], [100.3622405, 16.0033604], [100.3638572, 16.0048352], [100.3648712, 16.006134], [100.366155, 16.00693], [100.3677224, 16.007535], [100.3689198, 16.0084302], [100.3696005, 16.0096394], [100.370167, 16.0109181], [100.3704195, 16.0119401], [100.3704914, 16.014289], [100.3701151, 16.016428], [100.3699548, 16.0185791], [100.3701668, 16.0197067], [100.3710556, 16.022193], [100.3714818, 16.023385], [100.3724373, 16.0254488], [100.3734394, 16.026912], [100.3754269, 16.0283629], [100.376208, 16.0291956], [100.3769429, 16.0304649], [100.3772439, 16.0315925], [100.3772455, 16.032834], [100.3769212, 16.0340832], [100.3761495, 16.0370555], [100.3757161, 16.0389023], [100.3757187, 16.0410212], [100.3761098, 16.0428787], [100.3768115, 16.0452126], [100.3769231, 16.0462963], [100.3769375, 16.0471954], [100.3756093, 16.0518007], [100.3752263, 16.0539717], [100.3753489, 16.0548371], [100.3755385, 16.0554568], [100.3763582, 16.056861], [100.377202, 16.0577224], [100.3783239, 16.0583693], [100.3827397, 16.0609155], [100.3838619, 16.0620367], [100.3851977, 16.0640708], [100.3867303, 16.0658467], [100.3895074, 16.0678143], [100.3908035, 16.0692335], [100.3922143, 16.0726753], [100.3932781, 16.0743501], [100.3945398, 16.0761006], [100.3950666, 16.0772444], [100.3975053, 16.080664], [100.3976619, 16.0816335], [100.3968925, 16.0841144], [100.3967889, 16.0850471], [100.3971209, 16.0860954], [100.3976624, 16.0868513], [100.3985027, 16.0873143], [100.4006971, 16.0886008], [100.4013649, 16.0892848], [100.4017716, 16.0899981], [100.4021363, 16.0912032], [100.4019786, 16.0922083], [100.4015371, 16.0930767], [100.4009943, 16.0936839], [100.3987299, 16.0948271], [100.3979489, 16.0958636], [100.3976871, 16.0968501], [100.3977102, 16.097684], [100.3984944, 16.0988468], [100.3990996, 16.0997101], [100.3993184, 16.1003208], [100.3993967, 16.1012279], [100.399517, 16.1041886], [100.3994184, 16.1057726], [100.3990534, 16.1066032], [100.3981865, 16.1071905], [100.3968749, 16.1081764], [100.3967939, 16.1090799], [100.3973931, 16.1098004], [100.3981721, 16.1098705], [100.3993307, 16.1101404], [100.4006169, 16.1106283], [100.4030209, 16.1115171], [100.4047215, 16.1116614], [100.4052649, 16.1120247], [100.4057434, 16.1126004], [100.4055782, 16.113208], [100.4052359, 16.1136889], [100.4044189, 16.1139965], [100.4029737, 16.1139893], [100.4021808, 16.1142853], [100.4012528, 16.1151556], [100.4007373, 16.1162559], [100.4000281, 16.117603], [100.3996419, 16.1190795], [100.3995224, 16.1207939], [100.3993806, 16.1228287], [100.3995759, 16.1236352], [100.3998, 16.1242677], [100.401138, 16.1256697], [100.4012957, 16.1266973], [100.4011783, 16.129024], [100.4009454, 16.131225], [100.4004361, 16.1329267], [100.4003405, 16.1338207], [100.4004755, 16.1349698], [100.4009964, 16.1359674], [100.4017898, 16.1369439], [100.4020806, 16.1377004], [100.4022658, 16.1383918], [100.4021507, 16.1395296], [100.4014618, 16.1410136], [100.4007399, 16.1433218], [100.4006705, 16.1460466], [100.3998012, 16.1476563], [100.3990419, 16.148516], [100.3980996, 16.1490213], [100.3975318, 16.1490977], [100.3967735, 16.1491099], [100.3959217, 16.1487575], [100.3943734, 16.1475327], [100.39282, 16.1475162], [100.3914241, 16.1477177], [100.3905771, 16.1483154], [100.3899479, 16.1492872], [100.3897596, 16.1505491], [100.3901249, 16.1510937], [100.3910594, 16.1513395], [100.3924627, 16.1513673], [100.3948161, 16.1517383], [100.3975122, 16.1521948], [100.3991087, 16.1530414], [100.3993163, 16.1536237], [100.3991907, 16.1542193], [100.3987063, 16.1546939], [100.3974052, 16.1549012], [100.3964599, 16.1551968], [100.3952189, 16.1568441], [100.3946004, 16.1582084], [100.3945285, 16.1592492], [100.395043, 16.1605116], [100.3965536, 16.1620779], [100.3973534, 16.1630419], [100.3975932, 16.1637968], [100.3971592, 16.1662719], [100.3971807, 16.1674353], [100.3975342, 16.1683153], [100.4010011, 16.1711897], [100.4015533, 16.1721816], [100.4012935, 16.1757534], [100.4016217, 16.1770436], [100.4022019, 16.1779763], [100.4028753, 16.1787318], [100.4035593, 16.1790561], [100.404357, 16.1792524], [100.4067426, 16.1795703], [100.4076472, 16.179794], [100.4085091, 16.1801901], [100.4091695, 16.1807559], [100.4097479, 16.1815015], [100.4101265, 16.182358], [100.4104067, 16.1835435], [100.4097823, 16.1898303], [100.4091514, 16.1913136], [100.4077757, 16.1936121], [100.4074218, 16.194867], [100.4076311, 16.1960799], [100.4081665, 16.1971473], [100.4111958, 16.2017598], [100.4122161, 16.2028669], [100.414059, 16.2043962], [100.4144128, 16.2052396], [100.4141767, 16.2061597], [100.4128072, 16.2079589], [100.4123829, 16.2088202], [100.4122515, 16.2098087], [100.4126518, 16.2115353], [100.4138131, 16.2136823], [100.4144831, 16.2143844], [100.4160372, 16.2155331], [100.4193996, 16.2175574], [100.4207728, 16.2185831], [100.4212643, 16.2196334], [100.4216091, 16.2211665], [100.4213863, 16.2226661], [100.4184276, 16.2265588], [100.414302, 16.2305279], [100.412604, 16.2323651], [100.4119853, 16.2334707], [100.4115748, 16.234432], [100.4114474, 16.2351835], [100.411564, 16.236125], [100.4124859, 16.237573], [100.4135535, 16.2392078], [100.4137621, 16.2401767], [100.4136516, 16.2408165], [100.4135206, 16.2413144], [100.4123439, 16.2428529], [100.4121008, 16.2435032], [100.411967, 16.2457036], [100.4120634, 16.2468815], [100.4115392, 16.2480516], [100.4111612, 16.2484685], [100.409703, 16.2500768], [100.4090565, 16.2512722], [100.4092855, 16.2531808], [100.411022, 16.2595072], [100.4108928, 16.2606305], [100.4100138, 16.2626495], [100.4097767, 16.263741], [100.4098803, 16.2647676], [100.4103928, 16.2658589], [100.4130822, 16.2691764], [100.4150544, 16.2721638], [100.415736, 16.2733635], [100.416155, 16.2743511], [100.4166755, 16.2768785], [100.416784, 16.2779612], [100.4167135, 16.2798637], [100.4171007, 16.2816775], [100.4174402, 16.2837096], [100.4173922, 16.285534], [100.4171369, 16.2870079], [100.4168654, 16.2882293], [100.4151966, 16.2916588], [100.4137549, 16.2948317], [100.4114571, 16.2971547], [100.4099055, 16.2995724], [100.4078291, 16.3011494], [100.4066318, 16.3029012], [100.4049906, 16.3051299], [100.4046391, 16.3063487], [100.4050185, 16.3071011], [100.4056931, 16.307868], [100.4060713, 16.308804], [100.4061143, 16.3095498], [100.4059406, 16.3103261], [100.4033305, 16.316244], [100.4030678, 16.318223], [100.4028498, 16.3187427], [100.4025316, 16.3193315], [100.4020101, 16.3197679], [100.4014587, 16.3199959], [100.3982548, 16.3205429], [100.3973394, 16.3208364], [100.3968797, 16.3212026], [100.3962024, 16.3220506], [100.395997, 16.322951], [100.3962547, 16.3239464], [100.3973485, 16.3260559], [100.3974802, 16.3268461], [100.397451, 16.3275833], [100.3973145, 16.3282196], [100.3963558, 16.3294235], [100.3955801, 16.3306335], [100.3953988, 16.33159], [100.3957258, 16.3322755], [100.396458, 16.3327295], [100.3972824, 16.3325773], [100.3986923, 16.3322767], [100.4005658, 16.3324024], [100.4016135, 16.3328937], [100.4021172, 16.3334965], [100.4023345, 16.3340808], [100.4021607, 16.3347568], [100.4016698, 16.3358072], [100.4011594, 16.3368643], [100.4011263, 16.3376931], [100.4002904, 16.3398294], [100.3999071, 16.3403444], [100.3995482, 16.3407086], [100.3990252, 16.3408435], [100.398386, 16.3407925], [100.3973302, 16.3401739], [100.3961206, 16.3401213], [100.3951987, 16.3404124], [100.3942581, 16.3415377], [100.3943007, 16.3423801], [100.3946341, 16.3429934], [100.3953742, 16.3434025], [100.3964698, 16.3437133], [100.3981889, 16.3439748], [100.3987591, 16.3443527], [100.3991091, 16.3448348], [100.3992478, 16.3454015], [100.3991952, 16.3459791], [100.3988023, 16.3466408], [100.3980896, 16.3474286], [100.3973892, 16.3487651], [100.3958595, 16.3501269], [100.3937667, 16.3510379], [100.392152, 16.3520346], [100.3911706, 16.3522649], [100.390201, 16.3520902], [100.3897938, 16.3515546], [100.3895927, 16.3493677], [100.3893317, 16.3483027], [100.3889154, 16.3475753], [100.3881855, 16.3470444], [100.3874745, 16.3470711], [100.3868579, 16.3472199], [100.3851946, 16.3484085], [100.3847397, 16.3491651], [100.3841941, 16.3497273], [100.3835327, 16.3499195], [100.3827101, 16.3496899], [100.3764553, 16.3457962], [100.3755657, 16.3456085], [100.3747751, 16.3458329], [100.3739554, 16.3464722], [100.3735876, 16.3471957], [100.3737191, 16.3486391], [100.3742204, 16.3495962], [100.3748365, 16.3501761], [100.3755857, 16.3505289], [100.3764375, 16.3508468], [100.3772553, 16.3509264], [100.378326, 16.3506337], [100.3799855, 16.3503834], [100.3816764, 16.3505604], [100.38279, 16.3510857], [100.3830186, 16.3515083], [100.3830043, 16.3520109], [100.3827291, 16.3525223], [100.3818706, 16.352984], [100.3803283, 16.353438], [100.3795247, 16.3541464], [100.3788743, 16.3552121], [100.3784427, 16.3566502], [100.3785441, 16.3577381], [100.3796749, 16.3595317], [100.3804533, 16.3620245], [100.3804203, 16.3637709], [100.3806722, 16.3651485], [100.3811035, 16.36612], [100.3810477, 16.366899], [100.3806456, 16.3673628], [100.3799544, 16.3675676], [100.378867, 16.3676577], [100.3769777, 16.3671991], [100.3738628, 16.3667668], [100.3723967, 16.3668164], [100.3713426, 16.3670632], [100.3705172, 16.3675297], [100.3691526, 16.36865], [100.3680081, 16.3701028], [100.3677259, 16.3711867], [100.3679185, 16.3720197], [100.3685625, 16.3730118], [100.3686991, 16.3731078], [100.3695244, 16.3736879], [100.3713601, 16.3743039], [100.3724429, 16.3748477], [100.3730949, 16.3755129], [100.3739076, 16.3767258], [100.3751429, 16.3773568], [100.3757983, 16.3774599], [100.3787892, 16.377098], [100.380217, 16.3774659], [100.3810726, 16.3778079], [100.3817821, 16.3784355], [100.3819661, 16.379127], [100.3818952, 16.379828], [100.3817633, 16.3802486], [100.3801932, 16.3812656], [100.37888, 16.3819414], [100.3785179, 16.3828122], [100.3783672, 16.3840644], [100.3786214, 16.3849161], [100.3791204, 16.38531], [100.3798245, 16.385734], [100.3831239, 16.3857821], [100.384157, 16.3862599], [100.3846677, 16.3869073], [100.3846135, 16.3877796], [100.3842197, 16.3893071], [100.3843072, 16.3906843], [100.3845695, 16.3916513], [100.3853103, 16.3929322], [100.3867114, 16.3949038], [100.387077, 16.3957875], [100.387302, 16.3969207], [100.3873333, 16.3978853], [100.3868341, 16.3989777], [100.3863221, 16.3996985], [100.3854128, 16.4005477], [100.3837058, 16.4020956], [100.3825552, 16.4027281], [100.3816586, 16.4031552], [100.3798183, 16.4035122], [100.3784315, 16.4036857], [100.3754885, 16.4035951], [100.3747783, 16.4037639], [100.3741569, 16.4042849], [100.3735182, 16.405164], [100.3731357, 16.4061218], [100.3726535, 16.4072118], [100.372476, 16.4089125], [100.3728541, 16.4100719], [100.3732774, 16.4111248], [100.3732372, 16.4117402], [100.3730306, 16.4123927], [100.3724351, 16.4131907], [100.3720404, 16.4137759], [100.3718907, 16.4145637], [100.3720672, 16.4155126], [100.3722657, 16.4163771], [100.3722898, 16.4175313], [100.3720704, 16.4182439], [100.3718682, 16.4188825], [100.3699654, 16.4212747], [100.3690481, 16.4228642], [100.3680879, 16.4248149], [100.3669184, 16.4260421], [100.3630901, 16.4285062], [100.3625522, 16.4291997], [100.3622749, 16.4298832], [100.361796, 16.4317638], [100.3616516, 16.4338327], [100.3614565, 16.435896], [100.3612931, 16.4374829], [100.3606849, 16.4386338], [100.3599109, 16.4394744], [100.3587962, 16.4402827], [100.3572643, 16.4406831], [100.3559257, 16.440649], [100.3543464, 16.4407313], [100.3531324, 16.4411532], [100.3524511, 16.4416141], [100.351551, 16.4423438], [100.3504691, 16.4436811], [100.3489064, 16.4453584], [100.3474174, 16.4458844], [100.3459498, 16.445825], [100.3446959, 16.4454857], [100.3437854, 16.4454274], [100.3429873, 16.445931], [100.3425131, 16.4466575], [100.342445, 16.4474544], [100.3426368, 16.4484148], [100.3427674, 16.4497243], [100.3424026, 16.45108], [100.341408, 16.4525108], [100.3390369, 16.4550224], [100.3382441, 16.4560766], [100.3379297, 16.4567901], [100.3379871, 16.4576838], [100.3382698, 16.4586052], [100.3390616, 16.4602494], [100.3392526, 16.4609475], [100.3391088, 16.4617336], [100.3386174, 16.4628016], [100.3385563, 16.4640105], [100.338722, 16.4652992], [100.3385187, 16.465898], [100.338044, 16.4663867], [100.3374678, 16.4666512], [100.336786, 16.4667504], [100.336071, 16.4665724], [100.3342084, 16.4653753], [100.3336103, 16.4651315], [100.3330926, 16.4652699], [100.3326487, 16.4656179], [100.3317472, 16.4674799], [100.3312199, 16.4703715], [100.3307843, 16.471527], [100.3303155, 16.4730003], [100.3298928, 16.4743676], [100.3297973, 16.4758337], [100.3296219, 16.477057], [100.3292372, 16.4778949], [100.3287947, 16.4783198], [100.3277604, 16.4786491], [100.3268136, 16.4795426], [100.3263522, 16.4803276], [100.3261731, 16.481344], [100.3264118, 16.484005], [100.326106, 16.4851413], [100.3258136, 16.4862405], [100.3252595, 16.4871891], [100.3242923, 16.488295], [100.3230088, 16.4898762], [100.3227176, 16.4904471], [100.3227661, 16.491151], [100.3243787, 16.4928688], [100.3251919, 16.4942314], [100.3254156, 16.4951809], [100.3251463, 16.4963254], [100.3247236, 16.4982357], [100.3250117, 16.4990695], [100.3255798, 16.4998533], [100.32628, 16.5005827], [100.3267896, 16.5014252], [100.3267977, 16.501936], [100.3266571, 16.5022448], [100.3262967, 16.502808], [100.325308, 16.5044261], [100.3247268, 16.505703], [100.3245015, 16.5063736], [100.3246072, 16.5073792], [100.3255996, 16.5094658], [100.3255095, 16.511107], [100.3256479, 16.512417], [100.3259462, 16.5133438], [100.3263834, 16.5140258], [100.3273913, 16.5153733], [100.3275898, 16.516174], [100.3271945, 16.5174022], [100.3264853, 16.5182991], [100.3263362, 16.5183903], [100.3253142, 16.5190156], [100.3241131, 16.519533], [100.3226159, 16.5197268], [100.3210743, 16.519547], [100.3195775, 16.5190763], [100.3182445, 16.518457], [100.3171469, 16.5179489], [100.3157779, 16.5180533], [100.3141031, 16.5189425], [100.3132966, 16.5194592], [100.3125772, 16.5195103], [100.3118782, 16.5192672], [100.3100444, 16.518295], [100.3084201, 16.5165196], [100.307117, 16.5156818], [100.3057916, 16.5151913], [100.3044345, 16.5142414], [100.3016546, 16.5120018], [100.2941974, 16.509579], [100.2920799, 16.5094718], [100.2910034, 16.509274], [100.2905324, 16.5085714], [100.2905056, 16.5068227], [100.2901236, 16.5061473], [100.2896516, 16.5058033], [100.2891645, 16.5056376], [100.2886597, 16.5057153], [100.2878743, 16.5062842], [100.2872478, 16.5069759], [100.2864892, 16.5075546], [100.2856427, 16.5075895], [100.2850516, 16.5073586], [100.2847431, 16.5070438], [100.2844089, 16.5061648], [100.2832459, 16.5022609], [100.2824178, 16.500233], [100.2812658, 16.4981925], [100.2801425, 16.4972517], [100.278429, 16.4964684], [100.2769563, 16.496295], [100.2757369, 16.4965564], [100.2747518, 16.4971796], [100.2737209, 16.4984397], [100.2733239, 16.4993261], [100.2730588, 16.5002676], [100.2730309, 16.5024958], [100.2736855, 16.5046784], [100.2744003, 16.5083565], [100.2747722, 16.5120139], [100.2748962, 16.5148654], [100.2748342, 16.5178409], [100.2747119, 16.5187392], [100.2744514, 16.5196067], [100.2742913, 16.5202473], [100.2739903, 16.5208291], [100.2735342, 16.521328], [100.2729125, 16.5217463], [100.2689556, 16.5222312], [100.2679718, 16.5224543], [100.2673009, 16.5227877], [100.2667223, 16.5231755], [100.2661905, 16.5235135], [100.2657697, 16.5239247], [100.2654418, 16.5244168], [100.2652182, 16.5249588], [100.2650296, 16.5255055], [100.264972, 16.5260887], [100.2650212, 16.5269006], [100.2651879, 16.5277008], [100.2668097, 16.5324405], [100.2669755, 16.5329922], [100.2670389, 16.5335451], [100.2669888, 16.5348046], [100.266884, 16.5353405], [100.2667126, 16.5358489], [100.2664102, 16.5364862], [100.265973, 16.5370556], [100.2654411, 16.5373739], [100.2651606, 16.5374894], [100.2648612, 16.5376127], [100.2642029, 16.5377403], [100.2635138, 16.5377737], [100.2628785, 16.5377455], [100.2622525, 16.5376294], [100.261581, 16.5373584], [100.2609506, 16.5370125], [100.2598889, 16.5360645], [100.2570287, 16.5312686], [100.2560657, 16.5307007], [100.2548095, 16.5302822], [100.2541656, 16.53026], [100.253532, 16.5303296], [100.2525011, 16.530628], [100.2513776, 16.5317694], [100.2511025, 16.533154], [100.2511421, 16.5341371], [100.2527615, 16.5391941], [100.2531857, 16.5411664], [100.2536077, 16.5484369], [100.2534857, 16.5490251], [100.2531875, 16.5497256], [100.2526556, 16.5503089], [100.2517354, 16.5509736], [100.2498244, 16.5514461], [100.2482455, 16.5523942], [100.2464159, 16.5540603], [100.245446, 16.5552346], [100.2450182, 16.5564192], [100.2447479, 16.5580413], [100.2447413, 16.5598817], [100.2449202, 16.5613257], [100.2450471, 16.5621512], [100.2454875, 16.5638952], [100.2459703, 16.5691243], [100.2475549, 16.5720328], [100.2478564, 16.5733642], [100.2480442, 16.5745308], [100.2478012, 16.5754542], [100.2471194, 16.576265], [100.2465078, 16.576719], [100.2454349, 16.5770553], [100.2444323, 16.576956], [100.2422224, 16.5760157], [100.2416125, 16.5758406], [100.240964, 16.5758738], [100.2403423, 16.5759835], [100.2396978, 16.5762403], [100.2391276, 16.5766351], [100.2386925, 16.5772954], [100.238575, 16.578099], [100.2385413, 16.5788795], [100.2385952, 16.5798018], [100.2387478, 16.580728], [100.239057, 16.5821181], [100.2394838, 16.5834803], [100.2397531, 16.5841851], [100.2403967, 16.584689], [100.2412575, 16.5847379], [100.2421575, 16.5845705], [100.2459559, 16.5828003], [100.2472952, 16.5824301], [100.250498, 16.5820588], [100.2520102, 16.582101], [100.2535128, 16.5820156], [100.2541238, 16.5823621], [100.2542139, 16.5828308], [100.2541937, 16.5833597], [100.2540539, 16.5837756], [100.2536121, 16.5840775], [100.2498675, 16.5842557], [100.2478663, 16.5846108], [100.2461112, 16.5855503], [100.2455275, 16.586053], [100.2451492, 16.5867298], [100.2447661, 16.5877731], [100.2450635, 16.5889519], [100.245319, 16.5896323], [100.2460442, 16.5902118], [100.2468692, 16.5904837], [100.2476352, 16.5904376], [100.2485513, 16.5899706], [100.249287, 16.5894257], [100.2503358, 16.5886659], [100.2518453, 16.5882243], [100.2528082, 16.5882314], [100.2537128, 16.5884525], [100.2546505, 16.5890422], [100.255125, 16.5895413], [100.2552463, 16.5901265], [100.2550911, 16.590614], [100.2546346, 16.5911049], [100.2537631, 16.5916688], [100.2497473, 16.5928445], [100.2489464, 16.5931093], [100.2483118, 16.5937288], [100.2475672, 16.5952097], [100.2472862, 16.5960003], [100.2471686, 16.5968454], [100.2474026, 16.597828], [100.2478709, 16.5986702], [100.2484402, 16.5993503], [100.2517387, 16.6022694], [100.252377, 16.6036173], [100.2522199, 16.6066457], [100.2516217, 16.6104045], [100.2496832, 16.6152889], [100.2495985, 16.6172854], [100.2504694, 16.6194488], [100.2516353, 16.6206076], [100.2537046, 16.621524], [100.2563599, 16.6218059], [100.2568588, 16.6219956], [100.2572587, 16.6224212], [100.2573627, 16.6231013], [100.2572088, 16.6237068], [100.2567641, 16.624411], [100.2556493, 16.6252884], [100.2528196, 16.6265236], [100.2498682, 16.6280086], [100.2462236, 16.6305285], [100.2448003, 16.6314555], [100.2422093, 16.6322676], [100.2417335, 16.6329646], [100.2416568, 16.6335436], [100.2418603, 16.6341874], [100.2443688, 16.6361744], [100.2453438, 16.6369743], [100.2485181, 16.639412], [100.2491807, 16.6399275], [100.24956, 16.6406271], [100.2497428, 16.6414735], [100.2497474, 16.6422626], [100.2494877, 16.6433312], [100.2487638, 16.6443049], [100.248055, 16.6447362], [100.2471502, 16.6449997], [100.2460658, 16.64498], [100.2450108, 16.6445915], [100.243945, 16.6440322], [100.2426021, 16.642981], [100.2416793, 16.6417069], [100.2411616, 16.6409524], [100.2407148, 16.640587], [100.2402277, 16.6406852], [100.2399429, 16.6409108], [100.2397622, 16.6411348], [100.2395798, 16.6414256], [100.2394579, 16.6419665], [100.23929, 16.6442865], [100.2397229, 16.6475646], [100.2398425, 16.6495264], [100.2395437, 16.6509372], [100.2385781, 16.6526121], [100.2341943, 16.6566784], [100.2341142, 16.6570575], [100.2342897, 16.6575898], [100.2351502, 16.6583041], [100.2363544, 16.6588343], [100.238768, 16.6595181], [100.2399792, 16.6599321], [100.2410964, 16.6605618], [100.2426091, 16.6624537], [100.2437541, 16.663615], [100.2455139, 16.663703], [100.2473988, 16.6635969], [100.2489226, 16.6628323], [100.2499692, 16.6624977], [100.2506731, 16.66248], [100.2509796, 16.6628751], [100.2510551, 16.6634132], [100.2509717, 16.6637608], [100.2481861, 16.6663875], [100.2478897, 16.6674427], [100.248025, 16.6682157], [100.2481977, 16.6692026], [100.2492976, 16.6705665], [100.2502981, 16.6715863], [100.2513426, 16.6721412], [100.2546791, 16.6736078], [100.2551103, 16.6740899], [100.2550774, 16.6746999], [100.2546049, 16.6754645], [100.2538802, 16.6759648], [100.2513678, 16.6772017], [100.2508273, 16.6779083], [100.2508653, 16.6787457], [100.2510575, 16.6794283], [100.2520254, 16.6800779], [100.2532943, 16.6804554], [100.2553599, 16.6804125], [100.2577264, 16.6800516], [100.2593937, 16.67949], [100.2597967, 16.679218], [100.2599541, 16.6788188], [100.2600097, 16.6783929], [100.2598012, 16.6778617], [100.2581525, 16.6762107], [100.2573188, 16.6752031], [100.2566288, 16.6741427], [100.2553622, 16.6717352], [100.2548504, 16.6700914], [100.2547416, 16.6679544], [100.2549014, 16.6676589], [100.2554993, 16.6670985], [100.2562677, 16.6667843], [100.2575901, 16.6666445], [100.2648724, 16.6656388], [100.2674242, 16.6648029], [100.270504, 16.6628231], [100.2718647, 16.6624091], [100.2731818, 16.6623876], [100.2737511, 16.6628609], [100.2744772, 16.6635878], [100.2747825, 16.6646485], [100.2746827, 16.6659115], [100.2736381, 16.6677316], [100.2728098, 16.6684298], [100.2719092, 16.668831], [100.2710057, 16.6690375], [100.2653385, 16.6691434], [100.2643606, 16.6692991], [100.2636707, 16.6697287], [100.2635313, 16.6704374], [100.2639149, 16.6712031], [100.2653532, 16.6721136], [100.2690897, 16.6735871], [100.2725423, 16.6739831], [100.2736495, 16.6735935], [100.2745267, 16.6734519], [100.2750374, 16.673908], [100.2752404, 16.6743812], [100.2752973, 16.6750132], [100.2751466, 16.6758823], [100.2742724, 16.6780778], [100.2723375, 16.6809568], [100.2705981, 16.6862732], [100.2692186, 16.6945612], [100.2653439, 16.7013339], [100.2639504, 16.7030096], [100.2617509, 16.7045382], [100.2581442, 16.7059537], [100.2539173, 16.7084915], [100.2496649, 16.7111967], [100.2482682, 16.711484], [100.2456816, 16.7114281], [100.2450939, 16.7119791], [100.24415, 16.714607], [100.2431821, 16.7175988], [100.242484, 16.7190606], [100.2408945, 16.7216931], [100.237178, 16.7280345], [100.2357039, 16.730829], [100.2348849, 16.7335322], [100.2336567, 16.7361772], [100.2324857, 16.7372649], [100.2300091, 16.7386706], [100.2256065, 16.7421108], [100.2234904, 16.7451236], [100.2230632, 16.7464116], [100.2233485, 16.7475914], [100.223898, 16.7489093], [100.2240475, 16.7500165], [100.2239274, 16.7510675], [100.2233714, 16.751501], [100.2221841, 16.7516543], [100.2192434, 16.7510326], [100.2178301, 16.7508496], [100.2164519, 16.7510516], [100.214903, 16.7514244], [100.2135143, 16.7520925], [100.2113727, 16.7534289], [100.2082643, 16.7567515], [100.2062206, 16.7595982], [100.2053527, 16.7607754], [100.2049944, 16.7615592], [100.2048609, 16.7624778], [100.2049356, 16.7631565], [100.2050786, 16.7635614], [100.2056553, 16.7644064], [100.2062727, 16.765089], [100.2071696, 16.7657423], [100.2081626, 16.7661722], [100.2093009, 16.766541], [100.2118837, 16.7670478], [100.2126397, 16.7672658], [100.2131869, 16.7677506], [100.2133741, 16.7682807], [100.2131503, 16.7689039], [100.21274, 16.7693249], [100.2116575, 16.7696958], [100.2074115, 16.7702147], [100.2065393, 16.7704303], [100.2055952, 16.7707929], [100.2046281, 16.7715065], [100.2035613, 16.7722881], [100.2027416, 16.7732902], [100.2023334, 16.7742945], [100.2023508, 16.7752808], [100.2027568, 16.7762935], [100.2031935, 16.776597], [100.2036482, 16.7768569], [100.2041438, 16.7769904], [100.2051936, 16.7769796], [100.2066198, 16.776757], [100.2088176, 16.7762172], [100.2097086, 16.776086], [100.2104508, 16.7760975], [100.2112114, 16.7763286], [100.2116857, 16.7766638], [100.2120478, 16.7770459], [100.212325, 16.7775873], [100.2125426, 16.778091], [100.2127053, 16.7787895], [100.2128147, 16.7795411], [100.2128147, 16.7806091], [100.2127021, 16.7814877], [100.2102695, 16.7894942], [100.2101607, 16.7901146], [100.2101022, 16.7908406], [100.2105589, 16.7914311], [100.2112354, 16.7918328], [100.2131346, 16.7919608], [100.2181577, 16.7915247], [100.2190828, 16.791559], [100.220156, 16.7919349], [100.2209251, 16.7923949], [100.2214149, 16.7930027], [100.2216559, 16.7937954], [100.221687, 16.794635], [100.2216779, 16.7955032], [100.2208302, 16.7985001], [100.2207655, 16.7995934], [100.2209433, 16.8006519], [100.2214986, 16.8022123], [100.2221785, 16.803232], [100.2229476, 16.804064], [100.2249879, 16.8055315], [100.2262856, 16.8063534], [100.2274899, 16.8063888], [100.2282804, 16.8060087], [100.2290142, 16.8055376], [100.2295319, 16.8049756], [100.2299251, 16.8042643], [100.2315695, 16.8011492], [100.2329683, 16.7981237], [100.2335225, 16.7974481], [100.2340155, 16.7970238], [100.2348194, 16.7967101], [100.2354303, 16.7965886], [100.2361888, 16.7966493], [100.2369235, 16.7970574], [100.2374963, 16.7975326], [100.2381561, 16.7985989], [100.2389316, 16.8007781], [100.2403726, 16.8044565], [100.2423645, 16.805636], [100.2489439, 16.8064147], [100.2501579, 16.806636], [100.2528087, 16.8076963], [100.255558, 16.8096086], [100.2575187, 16.8113267], [100.2602356, 16.8137547], [100.260512, 16.8141854], [100.2606337, 16.8147253], [100.2606288, 16.8150928], [100.2605038, 16.8155408], [100.2602562, 16.8160411], [100.2598169, 16.816684], [100.2589826, 16.8176901], [100.2586586, 16.8182033], [100.2584488, 16.8187395], [100.2584076, 16.8193946], [100.2585766, 16.8203257], [100.2589506, 16.8211992], [100.2624249, 16.8264235], [100.2631331, 16.8277865], [100.2636114, 16.8291895], [100.2639441, 16.830399], [100.2640757, 16.8319813], [100.2640757, 16.832641], [100.2639643, 16.8335153], [100.2633212, 16.8356272], [100.2625312, 16.8369089], [100.2615265, 16.837906], [100.2602884, 16.8383466], [100.2588864, 16.8383157], [100.255925, 16.8369414], [100.2546798, 16.8361033], [100.2532463, 16.8356513], [100.252525, 16.835655], [100.2520496, 16.8357696], [100.2516036, 16.8362869], [100.2515082, 16.8369257], [100.2516438, 16.8375923], [100.2518178, 16.8381037], [100.2532434, 16.8406242], [100.2539979, 16.8424744], [100.2540393, 16.8435977], [100.2537265, 16.8472457], [100.2530692, 16.8486894], [100.2525459, 16.8494201], [100.2507296, 16.8513963], [100.2497069, 16.8522527], [100.2484982, 16.8528696], [100.2473186, 16.8531505], [100.2460241, 16.8531335], [100.2446878, 16.8528145], [100.2419252, 16.8516671], [100.2404156, 16.8512656], [100.2385705, 16.8510462], [100.2360289, 16.8509143], [100.2343065, 16.8511545], [100.2333048, 16.8516071], [100.2318072, 16.8527199], [100.2311576, 16.8537584], [100.230901, 16.8548471], [100.2308529, 16.8557999], [100.2311243, 16.8566761], [100.2317385, 16.8575494], [100.2328822, 16.8586835], [100.2344441, 16.8595721], [100.2363888, 16.860105], [100.2400448, 16.8604462], [100.2415548, 16.8606901], [100.242614, 16.8611804], [100.243483, 16.8618988], [100.2442481, 16.863212], [100.2445745, 16.8642116], [100.2448116, 16.8653851], [100.2447585, 16.8662219], [100.2444758, 16.8669298], [100.2401285, 16.8724163], [100.2397207, 16.8730848], [100.2395129, 16.8740011], [100.2393002, 16.8814971], [100.2383337, 16.888559], [100.2382064, 16.8890343], [100.2378177, 16.8892893], [100.2374718, 16.889529], [100.2369186, 16.8896505], [100.2339975, 16.8899813], [100.2328827, 16.8905356], [100.2321459, 16.8912317], [100.2317128, 16.8920369], [100.2314628, 16.8928441], [100.2313439, 16.8960019], [100.2298859, 16.8991056], [100.2283761, 16.8996559], [100.2274955, 16.8997255], [100.2266174, 16.8996318], [100.2250555, 16.8988726], [100.2216649, 16.896472], [100.2203976, 16.8958095], [100.2192262, 16.8955451], [100.2184441, 16.8955225], [100.2177596, 16.8956365], [100.2170708, 16.8961405], [100.2159597, 16.8971204], [100.2149334, 16.8986295], [100.2142135, 16.9002115], [100.2121411, 16.9025936], [100.208945, 16.9069112], [100.2086902, 16.9073487], [100.2087084, 16.9079822], [100.2105559, 16.914825], [100.2109224, 16.9154904], [100.2114927, 16.9160736], [100.2123724, 16.9165769], [100.2176875, 16.9184503], [100.2184126, 16.9188849], [100.2198999, 16.9211495], [100.2202787, 16.9221175], [100.220698, 16.9244033], [100.2205947, 16.9271501], [100.2203443, 16.9285463], [100.2201539, 16.9293879], [100.2183795, 16.9322509], [100.2182341, 16.9335118], [100.2178924, 16.9342502], [100.217106, 16.9341502], [100.2164091, 16.9337745], [100.2137691, 16.9314203], [100.2111904, 16.9300137], [100.2091689, 16.9293492], [100.208273, 16.929184], [100.2074491, 16.9293287], [100.2067584, 16.9300169], [100.2059513, 16.931327], [100.2049567, 16.9373789], [100.2042573, 16.9399901], [100.2039016, 16.9408012], [100.1984802, 16.9468842], [100.1977707, 16.9480801], [100.1975621, 16.9490951], [100.1975077, 16.9507695], [100.1976485, 16.9514684], [100.1982758, 16.952203], [100.1992194, 16.9521533], [100.2031408, 16.9507391], [100.2068433, 16.9507124], [100.2112526, 16.9526756], [100.2119494, 16.9532067], [100.2124646, 16.9541467], [100.212508, 16.9551126], [100.2121595, 16.9564927], [100.2080123, 16.9656388], [100.2061828, 16.9669805], [100.204274, 16.9678049], [100.2029182, 16.9682003], [100.2003089, 16.9684466], [100.1993541, 16.9692403], [100.1990634, 16.9697477], [100.1990279, 16.9704701], [100.2004422, 16.9748905], [100.2008501, 16.9754814], [100.2016572, 16.9760453], [100.2061152, 16.978124], [100.2065819, 16.9785174], [100.2078357, 16.9826615], [100.20777, 16.9847192], [100.2061424, 16.9901374], [100.2057112, 16.9911551], [100.2050385, 16.9918783], [100.2044415, 16.9922653], [100.2026821, 16.9924647], [100.201494, 16.9923693], [100.2003296, 16.992059], [100.1974069, 16.9908118], [100.1951183, 16.9894369], [100.1945475, 16.9891101], [100.1938979, 16.9890603], [100.1934693, 16.9892809], [100.1932107, 16.9897883], [100.1929275, 16.9906348], [100.1920632, 16.9959798], [100.1922457, 16.9998696], [100.1922151, 17.000302], [100.1919941, 17.0007468], [100.1916722, 17.0011644], [100.1902123, 17.0023733], [100.1893832, 17.0029421], [100.183809, 17.0064005], [100.1829518, 17.0072105], [100.1799284, 17.0105392], [100.1770902, 17.0141415], [100.1769177, 17.0146495], [100.1769733, 17.0151817], [100.1773777, 17.0160442], [100.1781883, 17.0166628], [100.1795518, 17.0175231], [100.1802491, 17.0177582], [100.1845195, 17.0178558], [100.188219, 17.016598], [100.1885948, 17.0165564], [100.1911083, 17.0164322], [100.1919802, 17.0166184], [100.1932787, 17.0170353], [100.1941579, 17.0175535], [100.1949853, 17.0185518], [100.1979121, 17.0234952], [100.1988993, 17.0258951], [100.1995114, 17.0277308], [100.1996974, 17.0295879], [100.1996408, 17.0308372], [100.1995021, 17.0313846], [100.1993782, 17.0318631], [100.1989672, 17.0325812], [100.1983418, 17.0331741], [100.1976878, 17.0337332], [100.1971541, 17.0339822], [100.1963834, 17.0338932], [100.195697, 17.0336272], [100.1951387, 17.0332376], [100.1883842, 17.02585], [100.1875768, 17.0253511], [100.1867189, 17.0249008], [100.1857821, 17.0245194], [100.1846784, 17.024209], [100.1838158, 17.024209], [100.1828141, 17.0242977], [100.1820805, 17.0244403], [100.1812374, 17.0247234], [100.1803934, 17.025158], [100.1798554, 17.0261246], [100.1795888, 17.0266022], [100.179605, 17.0271622], [100.1819105, 17.0336081], [100.1822667, 17.0349442], [100.1828387, 17.0406785], [100.1827028, 17.0419541], [100.1826193, 17.0422556], [100.1823892, 17.0424845], [100.1816826, 17.0426724], [100.180616, 17.0425571], [100.1800228, 17.042307], [100.1773526, 17.040205], [100.1735266, 17.0371381], [100.1724911, 17.0364738], [100.1713503, 17.0360659], [100.1701695, 17.0360003], [100.169013, 17.0365802], [100.1680391, 17.0374227], [100.1662803, 17.0391546], [100.165201, 17.0409077], [100.1636965, 17.0446711], [100.1634202, 17.0459977], [100.1633275, 17.0473456], [100.1634757, 17.0487036], [100.1637727, 17.0497132], [100.164255, 17.0506443], [100.1649907, 17.0516072], [100.1654561, 17.052182], [100.1662318, 17.0527601], [100.1673528, 17.0529941], [100.1682988, 17.0530029], [100.1690687, 17.0528345], [100.1706083, 17.0522847], [100.1718787, 17.0514088], [100.1721673, 17.0511652], [100.1740403, 17.0503504], [100.1750149, 17.0501224], [100.1758868, 17.0500249], [100.1767864, 17.0500515], [100.1777696, 17.050149], [100.1784677, 17.0503656], [100.1793646, 17.0507605], [100.1805802, 17.0516478], [100.1812239, 17.0522263], [100.1815426, 17.0529084], [100.1816906, 17.0536725], [100.1817797, 17.0549095], [100.1816449, 17.0563438], [100.1814559, 17.0569827], [100.1809921, 17.0579847], [100.1802038, 17.0589689], [100.1792635, 17.0598525], [100.1763311, 17.0616236], [100.1749637, 17.06271], [100.1738597, 17.0638013], [100.1730376, 17.0650848], [100.172385, 17.0665411], [100.1720762, 17.0676494], [100.1718563, 17.0684385], [100.1717804, 17.0695774], [100.1720998, 17.0705153], [100.1761659, 17.0778012], [100.1764845, 17.0786169], [100.1765752, 17.079476], [100.1765865, 17.0802039], [100.1764381, 17.080922], [100.1759234, 17.081525], [100.1750933, 17.0816402], [100.1742864, 17.0814362], [100.1729322, 17.0807536], [100.1700663, 17.0784928], [100.1665261, 17.0765323], [100.1658091, 17.0762585], [100.1648723, 17.0760901], [100.1641767, 17.0763117], [100.1635738, 17.0767196], [100.1626719, 17.0776228], [100.1614684, 17.0783952], [100.1540465, 17.0814604], [100.1534679, 17.0817575], [100.1532746, 17.0824157], [100.1533621, 17.0828282], [100.1544751, 17.0837591], [100.155755, 17.0845747], [100.1576842, 17.0861794], [100.1608633, 17.0893972], [100.1640097, 17.0938568], [100.1642509, 17.0944065], [100.1642789, 17.0967597], [100.1638984, 17.0977575], [100.1633234, 17.0987169], [100.1624515, 17.0995305], [100.1588992, 17.1029435], [100.1557921, 17.1051242], [100.1534657, 17.1063301], [100.1528983, 17.1064362], [100.1523315, 17.1061826], [100.1514468, 17.1054762], [100.1508579, 17.1046987], [100.1494852, 17.1018176], [100.1480495, 17.0999279], [100.1471386, 17.0992468], [100.1465265, 17.0989099], [100.1460998, 17.0988833], [100.1454877, 17.0991316], [100.1451149, 17.0995484], [100.1435028, 17.1019151], [100.1417962, 17.1040781], [100.1412825, 17.1045632], [100.1340517, 17.1113914], [100.1320794, 17.1130154], [100.1289313, 17.1152803], [100.1262176, 17.1172525], [100.1255776, 17.1174298], [100.1242328, 17.1177223], [100.1233238, 17.1182896], [100.1213121, 17.120279], [100.1201703, 17.1225], [100.1194469, 17.1241221], [100.1189368, 17.125558], [100.1184916, 17.1269053], [100.1180389, 17.1276374], [100.1168963, 17.1287046], [100.1154612, 17.129317], [100.1132141, 17.1295732], [100.110849, 17.1291921], [100.1069205, 17.1283933], [100.1058907, 17.1278571], [100.1052738, 17.1273734], [100.1042638, 17.1270914], [100.1031972, 17.1272776], [100.1027427, 17.1279689], [100.1027705, 17.1293959], [100.1031044, 17.1311066], [100.1036702, 17.1327109], [100.104069, 17.1334731], [100.1046734, 17.1341949], [100.1079108, 17.1374303], [100.1083367, 17.1380337], [100.1083458, 17.1386545], [100.107575, 17.1397837], [100.1055901, 17.1410511], [100.1022107, 17.1430183], [100.0976044, 17.1450749], [100.0921804, 17.1483076], [100.0909299, 17.1490637], [100.0902444, 17.1496158], [100.0894483, 17.1505466], [100.0887901, 17.1515759], [100.0885186, 17.1521126], [100.0885353, 17.1526518], [100.0887187, 17.1530024], [100.0891956, 17.1533207], [100.0906971, 17.1542439], [100.0912325, 17.154758], [100.0915522, 17.1552434], [100.0916128, 17.1558162], [100.0916406, 17.15641], [100.0915108, 17.1571101], [100.0913413, 17.1574017], [100.0908908, 17.1578057], [100.0902061, 17.1582135], [100.0894671, 17.1586909], [100.0887573, 17.1592947], [100.0884199, 17.1596515], [100.0881962, 17.1599324], [100.0880707, 17.1602609], [100.0879323, 17.1610026], [100.087943, 17.1617868], [100.0880836, 17.1631528], [100.0880361, 17.164693], [100.0878754, 17.1658252], [100.0876067, 17.1666284], [100.0871893, 17.1675458], [100.0866261, 17.1684018], [100.0858665, 17.169166], [100.0851921, 17.1697143], [100.0843789, 17.1702894], [100.0828418, 17.171072], [100.0819456, 17.1712955], [100.0810122, 17.1713791], [100.0803363, 17.1713611], [100.0785247, 17.1712714], [100.076593, 17.1712638], [100.0753087, 17.1713811], [100.0735262, 17.1717368], [100.0720458, 17.1720468], [100.0706524, 17.1725671], [100.0692888, 17.1733989], [100.0681054, 17.1743671], [100.0670433, 17.1754536], [100.0664044, 17.1762204], [100.0658764, 17.1772108], [100.0647548, 17.1796875], [100.0642436, 17.1815976], [100.0641921, 17.1821348], [100.0641851, 17.182638], [100.0642538, 17.1830157], [100.0644838, 17.1833525], [100.0647435, 17.1835615], [100.0677642, 17.1849611], [100.0686349, 17.1854697], [100.0691935, 17.1858564], [100.0696343, 17.186331], [100.0699125, 17.186836], [100.0701455, 17.1878473], [100.0702279, 17.1891221], [100.070098, 17.1903537], [100.0680105, 17.1958334], [100.0676031, 17.1973358], [100.0669875, 17.1997362], [100.0663963, 17.2018983], [100.0652118, 17.2086504], [100.0650407, 17.2095889], [100.0647464, 17.2103688], [100.0642221, 17.2115312], [100.0637336, 17.2120995], [100.0632329, 17.2125156], [100.0626608, 17.2129037], [100.0619168, 17.213284], [100.0614607, 17.2134517], [100.0605617, 17.2136508], [100.0595027, 17.2137302], [100.0588188, 17.2136939], [100.0581309, 17.2134638], [100.0576325, 17.2132127], [100.0532936, 17.2098501], [100.0520304, 17.2094474], [100.0509349, 17.2093208], [100.0503553, 17.2094925], [100.0497024, 17.2097397], [100.0491655, 17.2102463], [100.048812, 17.2107675], [100.0485348, 17.2112477], [100.0482648, 17.2120964], [100.0481001, 17.2129775], [100.0481628, 17.2140101], [100.0486232, 17.2151896], [100.04932, 17.2163645], [100.0503757, 17.2173545], [100.0523089, 17.2186439], [100.0535879, 17.2193262], [100.0549784, 17.220145], [100.0571735, 17.221796], [100.058439, 17.222976], [100.0594818, 17.2241391], [100.060449, 17.225501], [100.06142, 17.2270996], [100.0618786, 17.2283867], [100.0621747, 17.2297266], [100.0622203, 17.2308154], [100.0621817, 17.2318099], [100.0620992, 17.232892], [100.0610904, 17.2376288], [100.0611129, 17.2407918], [100.0618427, 17.2440808], [100.0628052, 17.2460036], [100.0641161, 17.2475618], [100.0675275, 17.2505714], [100.0683248, 17.2508623], [100.0749659, 17.2509542], [100.0796216, 17.2519485], [100.0818079, 17.253177], [100.0828534, 17.2542748], [100.0851553, 17.256927], [100.0861461, 17.2585971], [100.0866056, 17.2597277], [100.0871254, 17.2613081], [100.0868309, 17.2626762], [100.0859555, 17.26486], [100.0847724, 17.266555], [100.0738702, 17.2757654], [100.0732335, 17.2766301], [100.0730441, 17.2772478], [100.0732345, 17.2778707], [100.0739367, 17.2785461], [100.078129, 17.2816512], [100.0807847, 17.2846295], [100.082633, 17.2891501], [100.0829074, 17.2908349], [100.0829962, 17.2937463], [100.0825032, 17.2950526], [100.0819107, 17.2962446], [100.0807847, 17.2969909], [100.0741726, 17.2983213], [100.0680663, 17.3011481], [100.0656992, 17.3028935], [100.0633084, 17.3049206], [100.0619935, 17.3076181], [100.0608551, 17.3107293], [100.0606856, 17.3119812], [100.0610187, 17.3140736], [100.0616758, 17.3151325], [100.0645776, 17.3188593], [100.0660583, 17.3202391], [100.068582, 17.3221001], [100.0689105, 17.3226712], [100.0690447, 17.3232257], [100.0691071, 17.3245603], [100.0677634, 17.3264526], [100.0672307, 17.327716], [100.0667924, 17.3292113], [100.0666991, 17.330701], [100.0668369, 17.3321404], [100.0681721, 17.334749], [100.068524, 17.335937], [100.0685562, 17.3373693], [100.0684538, 17.3389331], [100.0677521, 17.3414335], [100.0666374, 17.3443927], [100.0665344, 17.3461731], [100.0664673, 17.3559887], [100.0665231, 17.3589855], [100.0667924, 17.3622828], [100.0672178, 17.3643318], [100.0688336, 17.3676664], [100.0691517, 17.369017], [100.0690449, 17.3701587], [100.0682012, 17.3726018], [100.0677805, 17.3740211], [100.0679071, 17.3744747], [100.0683958, 17.3748141], [100.0692271, 17.3748154], [100.0700634, 17.374709], [100.073636, 17.3729546], [100.0770638, 17.3719436], [100.0792057, 17.3724217], [100.0821432, 17.3745228], [100.0843594, 17.3747516], [100.0863666, 17.3746345], [100.0883404, 17.3742301], [100.0919407, 17.3727391], [100.0963917, 17.371346], [100.1000089, 17.3709349], [100.1024471, 17.3705629], [100.1036202, 17.3709492], [100.1049163, 17.3719138], [100.1055428, 17.3736299], [100.1056801, 17.3748504], [100.1054484, 17.3764293], [100.1046609, 17.3778116], [100.1023781, 17.3797437], [100.0997015, 17.3815097], [100.0962618, 17.3853592], [100.0949653, 17.387367], [100.0946193, 17.3889197], [100.0949374, 17.3900608], [100.0955183, 17.3907698], [100.0964314, 17.3911229], [100.0978677, 17.3913272], [100.1050933, 17.3912249], [100.107069, 17.3915889], [100.1096322, 17.3924823], [100.1113745, 17.3934594], [100.1126056, 17.3948687], [100.1133019, 17.3964868], [100.1137515, 17.397778], [100.1139329, 17.3986383], [100.1140058, 17.3998743], [100.1129531, 17.4014321], [100.1112668, 17.4026079], [100.109358, 17.4036794], [100.1009202, 17.4057977], [100.0998404, 17.4062624], [100.0994021, 17.4068546], [100.0990219, 17.4078614], [100.0989739, 17.4091785], [100.0993129, 17.4106171], [100.1000713, 17.412087], [100.100883, 17.4131793], [100.1018732, 17.4139199], [100.1030151, 17.4144391], [100.1047811, 17.4150639], [100.1070831, 17.4153329], [100.1094026, 17.4150435], [100.1159318, 17.4118412], [100.1171816, 17.4114519], [100.1194589, 17.4117006], [100.1212045, 17.4121258], [100.1236705, 17.4131829], [100.1270906, 17.4149926], [100.1294765, 17.4165634], [100.1307662, 17.4179557], [100.1311346, 17.4188185], [100.1312684, 17.4198745], [100.1293482, 17.425105], [100.1293913, 17.4270488], [100.12994, 17.4284786], [100.1308033, 17.4299215], [100.1336129, 17.4326201], [100.1356759, 17.4352969], [100.1366401, 17.4385321], [100.1371884, 17.4424727], [100.1376104, 17.4457412], [100.1381696, 17.4479611], [100.1396073, 17.4535895], [100.139745, 17.4546675], [100.1396611, 17.4551689], [100.138618, 17.4558516], [100.1372876, 17.4562016], [100.1334639, 17.4562446], [100.131893, 17.4563222], [100.1305887, 17.4567832], [100.1272282, 17.4572264], [100.1248229, 17.4574359], [100.1231856, 17.4577788], [100.1216501, 17.4584523], [100.1201402, 17.4592795], [100.1185123, 17.4611155], [100.1180122, 17.46333], [100.114197, 17.4729079], [100.1110025, 17.4819069], [100.1106839, 17.4827921], [100.1106227, 17.4833334], [100.1107633, 17.4837428], [100.1110106, 17.4840825], [100.1114193, 17.4842682], [100.112128, 17.4844212], [100.1129401, 17.48441], [100.120854, 17.4827439], [100.1215656, 17.4829533], [100.1220527, 17.4836635], [100.1222158, 17.4847134], [100.1219411, 17.4863691], [100.1193962, 17.4933397], [100.1189263, 17.4963563], [100.1185959, 17.4995344], [100.1181876, 17.5048882], [100.1181913, 17.5057195], [100.1183324, 17.5065683], [100.1189639, 17.5074933], [100.1225166, 17.5095513], [100.1229737, 17.5099836], [100.1234871, 17.511988], [100.1238989, 17.5129969], [100.1240428, 17.5143694], [100.1237268, 17.515919], [100.1228492, 17.5186548], [100.1222234, 17.5197093], [100.1214513, 17.5202887], [100.1175495, 17.5219444], [100.1162872, 17.5226994], [100.115898, 17.5232498], [100.1156834, 17.5239013], [100.1154203, 17.5251843], [100.1143853, 17.5280299], [100.1134167, 17.5295996], [100.112608, 17.530495], [100.1055609, 17.5350039], [100.1024803, 17.5381038], [100.1019133, 17.5389645], [100.1013599, 17.5396711], [100.1011443, 17.5402979], [100.1014054, 17.5411468], [100.1016261, 17.5415363], [100.1021439, 17.5419974], [100.1026912, 17.5423655], [100.1039783, 17.5425658], [100.1059291, 17.5430646], [100.1091979, 17.542795], [100.110779, 17.5424951], [100.1121791, 17.5424401], [100.1136106, 17.5424587], [100.1147522, 17.5425476], [100.1152935, 17.54272], [100.1157973, 17.5430025], [100.1161598, 17.5433107], [100.1163379, 17.5437951], [100.116376, 17.5444324], [100.1162371, 17.545006], [100.1158626, 17.5455475], [100.1152408, 17.5460224], [100.1135527, 17.5468133], [100.1126032, 17.5475705], [100.1119788, 17.5481081], [100.1116507, 17.5486738], [100.1111371, 17.5502604], [100.1110309, 17.551814], [100.1111725, 17.5526671], [100.1115748, 17.5535044], [100.1120177, 17.5540752], [100.1125595, 17.554324], [100.1135855, 17.5543471], [100.1193425, 17.5538967], [100.1211091, 17.5539516], [100.1220778, 17.554436], [100.1233068, 17.5556799], [100.1242, 17.5568874], [100.1252589, 17.5621727], [100.1256028, 17.5651405], [100.125923, 17.5663951], [100.1262685, 17.5672578], [100.126931, 17.5683416], [100.1306657, 17.5715809], [100.1323595, 17.5734265], [100.1324184, 17.5734817], [100.1339123, 17.574881], [100.1350468, 17.5758424], [100.1353607, 17.5771158], [100.1352528, 17.5779274], [100.134924, 17.5784444], [100.134196, 17.5790269], [100.1332503, 17.5795019], [100.1285213, 17.5807502], [100.1278693, 17.5809343], [100.1273478, 17.5812903], [100.1243044, 17.5861531], [100.1235413, 17.5871789], [100.1203224, 17.5894205], [100.1180825, 17.5904013], [100.1158065, 17.5908153], [100.1134574, 17.590886], [100.1113533, 17.5911683], [100.1088626, 17.5920117], [100.1076321, 17.5928087], [100.1068293, 17.5936164], [100.1064176, 17.594534], [100.1060646, 17.5976578], [100.1056789, 17.5996732], [100.1049509, 17.6010167], [100.1020607, 17.6042721], [100.1012474, 17.6056383], [100.1003553, 17.6074842], [100.0997113, 17.6090853], [100.0990544, 17.6116549], [100.0988474, 17.613043], [100.0987717, 17.6147768], [100.0988072, 17.6156594], [100.0989649, 17.6163578], [100.099283, 17.6170562], [100.0995694, 17.6175648], [100.1004568, 17.6188258], [100.1009895, 17.6198744], [100.1013398, 17.620906], [100.101445, 17.6217047], [100.1017001, 17.6254691], [100.1019611, 17.6260141], [100.1024294, 17.626315], [100.1029854, 17.6264264], [100.1043643, 17.6264129], [100.1053916, 17.6260661], [100.1065989, 17.6251098], [100.1074983, 17.6239032], [100.1089274, 17.621689], [100.109777, 17.6208799], [100.1109033, 17.6202422], [100.1136565, 17.618941], [100.1149958, 17.618563], [100.1163542, 17.6186363], [100.1177867, 17.6190276], [100.1186503, 17.6199229], [100.1191809, 17.6209766], [100.1193885, 17.6221249], [100.119242, 17.6235386], [100.1187641, 17.6249067], [100.1168835, 17.6267014], [100.1153716, 17.6280632], [100.1140573, 17.6299134], [100.1132033, 17.631866], [100.112838, 17.6343796], [100.1128852, 17.6361725], [100.1132189, 17.6384112], [100.1137027, 17.640202], [100.1151962, 17.6420449], [100.1168237, 17.6433838], [100.1188502, 17.6441737], [100.1230012, 17.6445369], [100.1247266, 17.6450043], [100.1262109, 17.645421], [100.1290296, 17.6471248], [100.1308181, 17.6496281], [100.1317204, 17.6503185], [100.1326667, 17.6505383], [100.1336162, 17.650549], [100.1348219, 17.6509909], [100.1353752, 17.651684], [100.1357027, 17.6527903], [100.1356718, 17.6566648], [100.1360015, 17.6577117], [100.1364148, 17.6586254], [100.1371454, 17.6598821], [100.1377039, 17.6602925], [100.1387339, 17.6606046], [100.1415673, 17.661219], [100.1420652, 17.661327], [100.1446794, 17.6610217], [100.1477901, 17.6591068], [100.1485698, 17.6588103], [100.149398, 17.6587302], [100.1502759, 17.6593275], [100.150939, 17.6599225], [100.1514673, 17.6610905], [100.1523363, 17.6622264], [100.1531908, 17.6635313], [100.154175, 17.6644148], [100.1552728, 17.6651891], [100.1564567, 17.6656871], [100.1582357, 17.6661387], [100.1604644, 17.6668114], [100.1621901, 17.6672289], [100.1642743, 17.6673171], [100.1658917, 17.6668608], [100.1686043, 17.664031], [100.1702006, 17.6630238], [100.1720209, 17.6626906], [100.1745259, 17.6612648], [100.1760156, 17.6599776], [100.1775195, 17.6596302], [100.1792535, 17.6599451], [100.1800714, 17.660535], [100.1809441, 17.6615636], [100.1825744, 17.6642335], [100.1835514, 17.66515], [100.184419, 17.6656519], [100.1862239, 17.665892], [100.1883439, 17.6660242], [100.1896882, 17.6660358], [100.1914763, 17.6654032], [100.1940786, 17.664002], [100.1956211, 17.6634863], [100.198316, 17.6637476], [100.2021907, 17.6638268], [100.2036054, 17.6636687], [100.2049783, 17.6632044], [100.2063672, 17.6629566], [100.2077234, 17.6632652], [100.2088463, 17.6642159], [100.2097216, 17.6652955], [100.2099732, 17.6656058], [100.2111966, 17.6667055], [100.2129032, 17.6677403], [100.2131128, 17.6678674], [100.2151202, 17.6684424], [100.2178181, 17.6681013], [100.219957, 17.667172], [100.2210659, 17.6661833], [100.2223268, 17.6641551], [100.2221179, 17.6631724], [100.2198525, 17.6543696], [100.2194749, 17.6521588], [100.2194266, 17.6502296], [100.2193992, 17.649084], [100.2194947, 17.6480401], [100.2201851, 17.6462008], [100.2209393, 17.6449346], [100.2220889, 17.6435099], [100.2237228, 17.6420565], [100.2258419, 17.6402902], [100.2268488, 17.6395326], [100.2279995, 17.6390454], [100.2357162, 17.6365501], [100.2380856, 17.6361037], [100.239114, 17.6360348], [100.2399916, 17.6361693], [100.2409143, 17.636568], [100.2447665, 17.6392054], [100.2456977, 17.6400152], [100.2468366, 17.6415877], [100.2483816, 17.6434434], [100.2490328, 17.6439924], [100.2498639, 17.6443815], [100.250706, 17.6446672], [100.2515782, 17.6447884], [100.252451, 17.6446979], [100.2533512, 17.6442961], [100.2546413, 17.643563], [100.2557013, 17.6431699], [100.2574662, 17.6427042], [100.2590262, 17.6425836], [100.2609928, 17.6426638], [100.2630881, 17.6430416], [100.2646261, 17.6435298], [100.2655005, 17.6440732], [100.2659575, 17.6446846], [100.2663399, 17.6463717], [100.266921, 17.6489352], [100.2673885, 17.6506291], [100.2674606, 17.6509253], [100.2678442, 17.6518827], [100.2683753, 17.6525698], [100.2694745, 17.6533903], [100.2698017, 17.6536346], [100.2712211, 17.6546794], [100.2732188, 17.6557467], [100.2755137, 17.6567098], [100.2771992, 17.6569327], [100.2801722, 17.6569991], [100.2819371, 17.6567231], [100.2842743, 17.6567926], [100.2855285, 17.6571821], [100.2865059, 17.657774], [100.2872747, 17.6582719], [100.2878106, 17.6589584], [100.2880509, 17.6596551], [100.2881147, 17.6605558], [100.2881179, 17.6614125], [100.2881947, 17.6621159], [100.2885981, 17.6633048], [100.289267, 17.6643368], [100.2900985, 17.6651352], [100.2909986, 17.6657404], [100.2920361, 17.6661759], [100.2928826, 17.6664018], [100.2940311, 17.66648], [100.2952912, 17.6663839], [100.2960991, 17.6662071], [100.297672, 17.6654906], [100.2986821, 17.6647409], [100.3009431, 17.6630626], [100.3015902, 17.6628209], [100.3052918, 17.6621817], [100.3092679, 17.6619234], [100.3108244, 17.6622078], [100.3124505, 17.6628136], [100.3142173, 17.6636734], [100.3170223, 17.6653256], [100.3179247, 17.6654733], [100.3200484, 17.6655427], [100.3231473, 17.6664112], [100.3261621, 17.6664063], [100.3280692, 17.6667499], [100.3296622, 17.6677626], [100.3320508, 17.6688578], [100.3350335, 17.6715266], [100.3362208, 17.6727638], [100.3370892, 17.6730834], [100.3389628, 17.6733443], [100.3442927, 17.6774237], [100.3467742, 17.6797019], [100.3500425, 17.6849152], [100.350611, 17.6855098], [100.3510926, 17.6857445], [100.3555461, 17.6858848], [100.3585074, 17.6864992], [100.3615973, 17.6882982], [100.3646912, 17.6918898], [100.3652367, 17.6934853], [100.3654428, 17.6951], [100.3646487, 17.6970478], [100.3644804, 17.6981589], [100.3643423, 17.6994394], [100.3655217, 17.7009117], [100.3665353, 17.701785], [100.3677, 17.702343], [100.3686978, 17.7025096], [100.3701704, 17.7019445], [100.3712045, 17.7013102], [100.373678, 17.7010524], [100.3747623, 17.7012293], [100.3757708, 17.7016994], [100.3763387, 17.7025224], [100.3766695, 17.7035388], [100.3770684, 17.7040212], [100.3772499, 17.7047563], [100.3771928, 17.7054823], [100.3745275, 17.7103677], [100.3740043, 17.7118994], [100.3733413, 17.7146097], [100.3734685, 17.7158685], [100.3740449, 17.7168508], [100.3748137, 17.7176953], [100.3756022, 17.7182671], [100.3768887, 17.718816], [100.3797373, 17.7191501], [100.38349, 17.7189505], [100.3849821, 17.7180871], [100.3852977, 17.7175185], [100.3853453, 17.7167482], [100.3853913, 17.7128453], [100.3847518, 17.708983], [100.3848192, 17.7069746], [100.385117, 17.7057634], [100.3858595, 17.7045866], [100.3868676, 17.7039688], [100.3875431, 17.7037875], [100.3882814, 17.703743], [100.3896458, 17.7039235], [100.3908765, 17.7041799], [100.3970646, 17.7088488], [100.3989356, 17.7096266], [100.3996974, 17.7097934], [100.4021787, 17.7097999], [100.4028855, 17.7100416], [100.4050112, 17.7106993], [100.4068785, 17.7116338], [100.40745, 17.7123036], [100.4076564, 17.7127605], [100.4077689, 17.7132271], [100.4077487, 17.7138268], [100.4065146, 17.7159778], [100.4065254, 17.7175807], [100.4067281, 17.7188005], [100.4072661, 17.7198995], [100.4081847, 17.7208326], [100.4093201, 17.7214919], [100.4109007, 17.7219594], [100.4117475, 17.721905], [100.4127751, 17.7215697], [100.4138787, 17.7204731], [100.4141188, 17.7158484], [100.4151275, 17.7113696], [100.414847, 17.7081259], [100.4149998, 17.70535], [100.4156008, 17.7043495], [100.4161908, 17.7029588], [100.4161347, 17.7025622], [100.415938, 17.7022147], [100.4152711, 17.7016473], [100.4142428, 17.7009365], [100.4138238, 17.6990187], [100.4137225, 17.6980869], [100.4140016, 17.697211], [100.4141022, 17.6967251], [100.4145162, 17.6963098], [100.4152467, 17.6960519], [100.4161198, 17.6957959], [100.4169646, 17.6959609], [100.4183935, 17.6967799], [100.419683, 17.6979443], [100.4213814, 17.6996863], [100.4216128, 17.7001754], [100.4216208, 17.7007291], [100.4218561, 17.701674], [100.4226293, 17.7027656], [100.423427, 17.7036528], [100.4241045, 17.7041847], [100.4247966, 17.7044043], [100.4359275, 17.7029162], [100.4378167, 17.702863], [100.4394174, 17.7034801], [100.4418707, 17.705072], [100.4447295, 17.7081878], [100.446465, 17.7100674], [100.448307, 17.7108304], [100.448958, 17.7110746], [100.4507065, 17.7117524], [100.4525086, 17.7117467], [100.454267, 17.7113699], [100.4568049, 17.7104309], [100.4581488, 17.709552], [100.4597457, 17.7095515], [100.4611887, 17.7092486], [100.4623923, 17.708217], [100.4651574, 17.7042026], [100.4671852, 17.703917], [100.4699834, 17.705177], [100.4730442, 17.7069239], [100.4739779, 17.7077378], [100.474647, 17.7085773], [100.4784042, 17.7137092], [100.4790097, 17.7143248], [100.4794872, 17.7146978], [100.4801452, 17.7148915], [100.481151, 17.7153325], [100.4841097, 17.7162627], [100.4855919, 17.7167827], [100.4866684, 17.7169417], [100.4887944, 17.7170688], [100.490441, 17.7169987], [100.4943312, 17.7157347], [100.4958749, 17.7148612], [100.4962977, 17.7129454], [100.4974395, 17.7121876], [100.5000849, 17.7128347], [100.5051037, 17.715347], [100.5086506, 17.7174574], [100.5103951, 17.7185514], [100.5129772, 17.7184996], [100.515163, 17.7189878], [100.5165905, 17.7197742], [100.5173683, 17.7209403], [100.5182915, 17.7234334], [100.5182105, 17.7251396], [100.5168523, 17.7284042], [100.5170003, 17.7307459], [100.5176713, 17.7323232], [100.5190097, 17.7336532], [100.521458, 17.734809], [100.5232485, 17.735207], [100.5253223, 17.7354834], [100.5274904, 17.7357798], [100.5350875, 17.736887], [100.5441602, 17.7391828], [100.5454808, 17.7393801], [100.5468307, 17.7394206], [100.5479426, 17.7393235], [100.5491557, 17.7391082], [100.5517156, 17.7383831], [100.5521536, 17.7384937], [100.5524779, 17.7386881], [100.5536395, 17.7399473], [100.5537978, 17.7400776], [100.5541223, 17.7402054], [100.5547824, 17.7404431], [100.554986, 17.7406652], [100.5551603, 17.7410024], [100.555501, 17.7418301], [100.556326, 17.7442108], [100.5566651, 17.7451792], [100.5571356, 17.7461619], [100.5584888, 17.7482528], [100.5622329, 17.7517929], [100.5626464, 17.7522783], [100.5628288, 17.7527994], [100.5628717, 17.7534942], [100.5628182, 17.7542149], [100.5634593, 17.7589952], [100.5635432, 17.7594751], [100.5637273, 17.7599084], [100.5637541, 17.7601], [100.563732, 17.760183], [100.5636961, 17.7602653], [100.5636355, 17.7603107], [100.5635476, 17.7603452], [100.5634376, 17.7603535], [100.5632383, 17.7603715], [100.5632497, 17.7622624], [100.5627921, 17.7644432], [100.5599416, 17.7661859], [100.5557381, 17.7671117], [100.5476254, 17.7704228], [100.5421872, 17.7770446], [100.5302162, 17.817456], [100.5273055, 17.8246121], [100.5229569, 17.832293], [100.5188941, 17.8357244], [100.5115546, 17.8388316], [100.4920692, 17.8426218], [100.4894972, 17.8438334], [100.4876089, 17.8452428], [100.4851619, 17.8483282], [100.481472, 17.8537395], [100.4799914, 17.8563844], [100.4786396, 17.8590906], [100.4770195, 17.8629608], [100.4756355, 17.866974], [100.4737058, 17.8752201], [100.4718589, 17.8925007], [100.4722022, 17.9015668], [100.4755146, 17.9108457], [100.5280643, 17.9940602], [100.5412587, 18.010814], [100.5441548, 18.0155163], [100.547107, 18.0203094], [100.5508493, 18.0353118], [100.5538768, 18.0339487], [100.5555098, 18.0333205], [100.5568132, 18.0329529], [100.558014, 18.0327051], [100.5591335, 18.0326564], [100.5603376, 18.0327856], [100.5612937, 18.033016], [100.5621684, 18.0334256], [100.5629372, 18.0339782], [100.5643029, 18.0351841], [100.5644284, 18.0353281], [100.5651518, 18.0358249], [100.5658173, 18.0360311], [100.5665646, 18.0361044], [100.5672552, 18.0360194], [100.5689051, 18.0354454], [100.5702298, 18.0350045], [100.5711968, 18.0348534], [100.5730633, 18.0350057], [100.5735126, 18.035202], [100.5738788, 18.0355369], [100.5741443, 18.0358919], [100.5743356, 18.0362652], [100.5763317, 18.040396], [100.5778652, 18.043664], [100.5781785, 18.0440635], [100.5786235, 18.044335], [100.5791332, 18.0444367], [100.57973, 18.0443683], [100.5803692, 18.0441091], [100.5827229, 18.0425872], [100.584549, 18.0414506], [100.5851875, 18.0411067], [100.5857381, 18.0408271], [100.5865095, 18.0405033], [100.587149, 18.0402652], [100.5879435, 18.040047], [100.588606, 18.0399146], [100.5891588, 18.0398889], [100.589624, 18.0399486], [100.5902453, 18.0401551], [100.591223, 18.0406338], [100.5925557, 18.0412155], [100.5949309, 18.0421059], [100.5969938, 18.0427027], [100.5984137, 18.0431354], [100.5995463, 18.0436128], [100.6006362, 18.0442598], [100.6015493, 18.0449295], [100.6033989, 18.0463957], [100.6040334, 18.0469371], [100.6048482, 18.0476323], [100.6058957, 18.0484702], [100.6072105, 18.0495174], [100.6078561, 18.0499565], [100.6084998, 18.050184], [100.6090535, 18.0502429], [100.6096281, 18.0501746], [100.6101575, 18.0500008], [100.6156008, 18.0476486], [100.6179796, 18.0464858], [100.6202467, 18.0452182], [100.6213478, 18.0446587], [100.6220307, 18.0443355], [100.622692, 18.044076], [100.6234866, 18.0438788], [100.6242823, 18.0437875], [100.6249357, 18.0438132], [100.6251675, 18.0438224], [100.6282252, 18.0443257], [100.6297978, 18.0445241], [100.6309043, 18.0445571], [100.6323851, 18.0443965], [100.6347034, 18.0438901], [100.6384113, 18.0429275], [100.6416557, 18.0420958], [100.643908, 18.0416322], [100.6453003, 18.0414722], [100.6466487, 18.0413549], [100.6478197, 18.0411968], [100.6485041, 18.0410428], [100.6492096, 18.0407828], [100.6509507, 18.0400696], [100.6523834, 18.0395071], [100.6533104, 18.0392664], [100.6542817, 18.0390464], [100.6556516, 18.0388654], [100.6566909, 18.0388142], [100.6576204, 18.0388485], [100.6590377, 18.0390057], [100.6607889, 18.0393716], [100.662764, 18.0400318], [100.6653836, 18.041004], [100.6671805, 18.0419743], [100.6680952, 18.0427841], [100.6691256, 18.0436338], [100.6704217, 18.0446682], [100.6724301, 18.0480534], [100.6767664, 18.0504837], [100.6858955, 18.0515687], [100.6916468, 18.0500064], [100.6948876, 18.0512649], [100.7001824, 18.05695], [100.7115481, 18.0591633], [100.7161088, 18.0660574], [100.7174756, 18.0681515], [100.7220921, 18.0693178], [100.7301257, 18.0710102], [100.7363335, 18.0807301], [100.7445953, 18.0846787], [100.759576, 18.095847], [100.7626799, 18.1012964], [100.7677192, 18.1045937], [100.7693989, 18.1134094], [100.7772134, 18.1180253], [100.7833846, 18.126285], [100.7916738, 18.1328093], [100.794449, 18.1394374], [100.8002551, 18.1452671], [100.8065724, 18.1496393], [100.8093476, 18.1530398], [100.8098223, 18.1563708], [100.8073392, 18.1597018], [100.8071932, 18.1648023], [100.8105527, 18.1695903], [100.8105527, 18.1719843], [100.8086173, 18.1777088], [100.8089825, 18.1809006], [100.8118307, 18.1831904], [100.8133279, 18.1882207], [100.813474, 18.1909614], [100.8118307, 18.1939448], [100.8109909, 18.1982811], [100.810078, 18.2061901], [100.8116847, 18.2095548], [100.8121229, 18.2141335], [100.8144234, 18.2171859], [100.8155554, 18.2200302], [100.8201564, 18.2245045], [100.8264372, 18.2258572], [100.8285552, 18.2272099], [100.8303083, 18.2302571], [100.8326508, 18.2322491], [100.8342184, 18.2335821], [100.8368914, 18.2384369], [100.8370952, 18.2393878], [100.8364803, 18.2419001], [100.836458, 18.2428765], [100.8375366, 18.2475564], [100.8389762, 18.2500685], [100.8393127, 18.2532207], [100.8403416, 18.2548903], [100.8429694, 18.2569498], [100.8439492, 18.2609261], [100.84608, 18.2644767], [100.8477165, 18.2682497], [100.8465287, 18.27117], [100.8431921, 18.2757844], [100.8435848, 18.2808726], [100.8440052, 18.281564], [100.8444913, 18.2844582], [100.8454356, 18.2856475], [100.8465653, 18.2878736], [100.8499009, 18.2907272], [100.8505634, 18.292613], [100.8530163, 18.2958622], [100.8561678, 18.2962528], [100.8588374, 18.2949562], [100.8617279, 18.2951881], [100.8633823, 18.295287], [100.8647755, 18.296297], [100.869166, 18.2969704], [100.8701665, 18.2974331], [100.8711911, 18.2979781], [100.8720484, 18.2978038], [100.8744795, 18.2991877], [100.8766776, 18.3009213], [100.8792488, 18.3030297], [100.881278, 18.3053074], [100.8839059, 18.3067348], [100.886524, 18.3105081], [100.8887351, 18.3122701], [100.8896057, 18.3125718], [100.8902155, 18.3130043], [100.890559, 18.3132085], [100.8906729, 18.3134562], [100.8906771, 18.3137025], [100.8905912, 18.313947], [100.8905215, 18.3144511], [100.8908304, 18.315041], [100.8913047, 18.315322], [100.8918658, 18.315769], [100.8922826, 18.3205239], [100.8919377, 18.3238265], [100.8920993, 18.3245261], [100.8924284, 18.3252637], [100.8932211, 18.3258241], [100.8935041, 18.3260926], [100.8936369, 18.3265182], [100.8937255, 18.3277009], [100.8936544, 18.3285906], [100.8923752, 18.3303601], [100.8867941, 18.335749], [100.8864553, 18.3361319], [100.8862744, 18.3365298], [100.88609, 18.338642], [100.8857778, 18.3394814], [100.8833127, 18.3431758], [100.8825234, 18.3469119], [100.8819985, 18.3495991], [100.8810663, 18.3531], [100.8803306, 18.3554243], [100.87834, 18.3591168], [100.8779343, 18.360671], [100.8777309, 18.3636391], [100.8779044, 18.3668456], [100.8776234, 18.3673602], [100.8760654, 18.3682593], [100.8750672, 18.3682556], [100.8730444, 18.3678182], [100.8713427, 18.3681313], [100.8675974, 18.3704462], [100.8666806, 18.3714938], [100.8660211, 18.371783], [100.8650324, 18.3717769], [100.8643747, 18.3713981], [100.8621312, 18.3713603], [100.861846, 18.3712841], [100.8614383, 18.3712332], [100.8611969, 18.371391], [100.8611218, 18.3717932], [100.8606218, 18.3726785], [100.8589224, 18.3750056], [100.8577261, 18.3765175], [100.8569103, 18.3781855], [100.856841, 18.3784088], [100.856818, 18.3786381], [100.8568329, 18.3788466], [100.8569268, 18.3790477], [100.8571531, 18.3794402], [100.8576008, 18.3825385], [100.8580651, 18.3831233], [100.8579906, 18.3835744], [100.8576389, 18.3838889], [100.8565192, 18.3845953], [100.8556327, 18.3847167], [100.853124, 18.3865692], [100.8515323, 18.3890205], [100.8500072, 18.3903184], [100.8492471, 18.3905337], [100.8489659, 18.3907895], [100.8482237, 18.3926674], [100.8477303, 18.3946805], [100.8480684, 18.3969653], [100.8479769, 18.3989235], [100.8473772, 18.4001132], [100.8474835, 18.4004415], [100.8484036, 18.4022775], [100.8485867, 18.4037777], [100.8483761, 18.4075333], [100.8483766, 18.4130495], [100.8487989, 18.4138264], [100.8494981, 18.4142768], [100.849743, 18.4154674], [100.849633, 18.4165457], [100.8464306, 18.4229907], [100.8461303, 18.423806], [100.8460123, 18.4245756], [100.846386, 18.4272097], [100.8463496, 18.4284161], [100.8461752, 18.429619], [100.8458323, 18.4307773], [100.8453496, 18.4318975], [100.8446944, 18.4328902], [100.8418182, 18.4361894], [100.841278, 18.4370907], [100.841301, 18.4395253], [100.8414847, 18.4404389], [100.8413771, 18.4410308], [100.8386508, 18.4430947], [100.8373914, 18.443564], [100.8352917, 18.4451586], [100.8333133, 18.4464583], [100.832159, 18.4464634], [100.8309571, 18.4481241], [100.8308071, 18.4496133], [100.8319863, 18.4527839], [100.8330607, 18.4552281], [100.833082, 18.4567262], [100.8310849, 18.461419], [100.8310101, 18.4624969], [100.8324599, 18.4667923], [100.8330379, 18.4690587], [100.8330449, 18.4705617], [100.8326611, 18.4711824], [100.8274645, 18.4726904], [100.8247232, 18.4745929], [100.8244375, 18.4762878], [100.8204126, 18.4803437], [100.8204126, 18.4832584], [100.8212597, 18.4851216], [100.8215728, 18.4875707], [100.8273141, 18.4925915], [100.8269817, 18.4937279], [100.8261563, 18.494014], [100.8209104, 18.4943879], [100.816242, 18.4972888], [100.8133582, 18.4985235], [100.8126433, 18.4983327], [100.8090719, 18.4961466], [100.8082066, 18.4960504], [100.8075242, 18.4979768], [100.8069755, 18.4988138], [100.7988589, 18.5024676], [100.7980641, 18.5024572], [100.7955186, 18.5003958], [100.7938802, 18.5004452], [100.7912818, 18.5027103], [100.7903798, 18.504806], [100.7899457, 18.505929], [100.7900192, 18.5069709], [100.7904312, 18.507976], [100.7904338, 18.5086094], [100.7898784, 18.5095942], [100.7899173, 18.5106467], [100.7894176, 18.5117638], [100.78892, 18.5129314], [100.7879746, 18.5140373], [100.7830707, 18.5184808], [100.7817189, 18.5188866], [100.7809045, 18.5197634], [100.7804512, 18.519888], [100.7798375, 18.5197879], [100.7790747, 18.5195273], [100.7777237, 18.5184015], [100.7772755, 18.5176565], [100.7768785, 18.5169067], [100.7761048, 18.5166244], [100.7753034, 18.5169226], [100.7745232, 18.5181915], [100.7742537, 18.5197103], [100.7743663, 18.5212688], [100.774619, 18.5221478], [100.7753078, 18.5240242], [100.7755631, 18.5249962], [100.7753738, 18.5270709], [100.774968, 18.5278745], [100.7729248, 18.5299674], [100.771994, 18.530374], [100.7708746, 18.5306339], [100.7694767, 18.5311938], [100.7683258, 18.5315079], [100.7668314, 18.5327607], [100.765652, 18.5349547], [100.7650382, 18.5366748], [100.7648917, 18.53753], [100.7650618, 18.5390373], [100.7657952, 18.5415154], [100.7659063, 18.5431259], [100.7654435, 18.5445031], [100.7640712, 18.5456976], [100.7619158, 18.5470041], [100.76126, 18.5479661], [100.7611424, 18.5486934], [100.7612401, 18.5495977], [100.7612615, 18.5497959], [100.7639574, 18.5516935], [100.764384, 18.5522912], [100.7645811, 18.5529338], [100.7646626, 18.5546777], [100.763794, 18.5569648], [100.7635941, 18.5582157], [100.7635254, 18.5595028], [100.7639706, 18.560407], [100.7647951, 18.5611998], [100.7661479, 18.5614375], [100.7670615, 18.56183], [100.7681651, 18.5630173], [100.7692819, 18.5647962], [100.769989, 18.5669966], [100.7700156, 18.5684648], [100.7696766, 18.5695896], [100.7691475, 18.5710236], [100.7685589, 18.5716384], [100.7675774, 18.5719503], [100.7668352, 18.5721071], [100.7658825, 18.5720374], [100.7651599, 18.571713], [100.7644642, 18.5710515], [100.7641884, 18.5704529], [100.7638355, 18.56777], [100.7634332, 18.5665876], [100.7628863, 18.5659174], [100.7623241, 18.5653822], [100.7617225, 18.5649619], [100.7611319, 18.5647061], [100.7604377, 18.5645854], [100.7597229, 18.5646366], [100.7589978, 18.5648907], [100.7581809, 18.5652576], [100.7575936, 18.5657553], [100.7570509, 18.5669454], [100.7570633, 18.568944], [100.7572891, 18.5716989], [100.7570133, 18.5727831], [100.7565188, 18.5740231], [100.7528432, 18.5778567], [100.7525975, 18.5786967], [100.7529087, 18.5801728], [100.7537294, 18.5811725], [100.7547374, 18.5817934], [100.7560385, 18.5817247], [100.7581814, 18.5817685], [100.7599929, 18.5819708], [100.7615942, 18.582553], [100.7653005, 18.5851081], [100.7656111, 18.5859476], [100.765499, 18.5869503], [100.7650478, 18.587805], [100.763167, 18.5898561], [100.7626699, 18.5905534], [100.7618024, 18.5930516], [100.7609846, 18.5939433], [100.7599447, 18.594599], [100.7591673, 18.5954627], [100.7590258, 18.5976286], [100.7590984, 18.5989802], [100.7593556, 18.6001682], [100.7600653, 18.6014784], [100.7615696, 18.6032026], [100.7633575, 18.604957], [100.7647592, 18.6075651], [100.7650373, 18.6091435], [100.7656207, 18.6105443], [100.7656599, 18.6136495], [100.7654754, 18.6143811], [100.7659496, 18.6153999], [100.7661754, 18.6162473], [100.7661749, 18.6169372], [100.7659828, 18.6174811], [100.7656406, 18.6179372], [100.7649765, 18.6182061], [100.7626566, 18.6188181], [100.7599691, 18.6190374], [100.7580532, 18.6201944], [100.7555919, 18.6207613], [100.7529215, 18.6209675], [100.751787, 18.6217489], [100.7506938, 18.6228178], [100.7496766, 18.6246566], [100.749494, 18.6259338], [100.7498177, 18.6268039], [100.7505295, 18.6274103], [100.7521834, 18.6283233], [100.7530935, 18.6285702], [100.7536602, 18.6291219], [100.7538228, 18.6298641], [100.7538222, 18.6306479], [100.7537718, 18.6315233], [100.7535733, 18.6324703], [100.7531468, 18.6335988], [100.7527016, 18.6345249], [100.7520101, 18.635479], [100.7503747, 18.6368548], [100.7490893, 18.6389986], [100.7476658, 18.6403956], [100.7466293, 18.6413437], [100.7457217, 18.6422394], [100.7453334, 18.6428575], [100.7450697, 18.6434672], [100.7449149, 18.6439656], [100.744863, 18.6444538], [100.7448976, 18.6448668], [100.7450209, 18.6460698], [100.7450598, 18.6466138], [100.7450812, 18.6471525], [100.7451349, 18.6474118], [100.7453094, 18.6476487], [100.7457142, 18.6479912], [100.7462453, 18.6480975], [100.7471137, 18.6483413], [100.7493067, 18.6483584], [100.7529113, 18.646742], [100.7537959, 18.6466781], [100.7556593, 18.6471223], [100.7570193, 18.6469906], [100.7599699, 18.6464365], [100.7607901, 18.6466362], [100.7612439, 18.6472136], [100.7613335, 18.647786], [100.7611404, 18.648279], [100.7607584, 18.6487517], [100.7572349, 18.6510173], [100.7568415, 18.6515331], [100.7563534, 18.6522189], [100.7558047, 18.6534746], [100.7553672, 18.6559654], [100.7546664, 18.6581395], [100.7541482, 18.6587242], [100.7532485, 18.6615349], [100.7528741, 18.6624437], [100.7526, 18.6636156], [100.7526042, 18.6645422], [100.7530267, 18.6652551], [100.7548179, 18.666418], [100.7561284, 18.667068], [100.7567544, 18.6672906], [100.7580284, 18.6672786], [100.7600643, 18.6676326], [100.7620228, 18.6690978], [100.7636298, 18.669343], [100.7652461, 18.6689693], [100.7670051, 18.6676922], [100.7685351, 18.6675912], [100.769246, 18.6680514], [100.7701628, 18.6692945], [100.7721567, 18.6710051], [100.7725709, 18.67199], [100.7727291, 18.672697], [100.7724349, 18.6735496], [100.7722082, 18.6739311], [100.7720961, 18.67434], [100.7710172, 18.6752285], [100.7702145, 18.6754152], [100.7695714, 18.6759039], [100.7692149, 18.6759885], [100.768974, 18.6762281], [100.7684578, 18.676376], [100.7672971, 18.6762909], [100.7659197, 18.675941], [100.7640955, 18.6753576], [100.7617948, 18.6750448], [100.7603926, 18.6751429], [100.7593674, 18.6757238], [100.7585795, 18.6767643], [100.7581556, 18.6792783], [100.7579354, 18.6800716], [100.7580668, 18.6808512], [100.7584126, 18.6815237], [100.7592103, 18.6821778], [100.759928, 18.6835183], [100.7601066, 18.6846023], [100.7602869, 18.6866309], [100.7599977, 18.6877885], [100.7593791, 18.688909], [100.7563855, 18.6914493], [100.7556293, 18.6916708], [100.7519929, 18.6944825], [100.7512716, 18.6952818], [100.7486821, 18.6981529], [100.7487252, 18.6989624], [100.748924, 18.6997582], [100.7493332, 18.7009662], [100.7498353, 18.7017919], [100.7502854, 18.7019628], [100.7514236, 18.7019066], [100.7520301, 18.701547], [100.7540734, 18.7012537], [100.7570545, 18.7023822], [100.75931, 18.7051446], [100.7594941, 18.706143], [100.7551335, 18.7108935], [100.7541943, 18.7122927], [100.7533471, 18.7150301], [100.7532577, 18.7182987], [100.7538016, 18.7197153], [100.7540671, 18.7202036], [100.754959, 18.7220081], [100.7553452, 18.7225974], [100.7558577, 18.7231837], [100.7567669, 18.7239069], [100.7578242, 18.7238483], [100.7587194, 18.7234076], [100.7594022, 18.7223419], [100.7594802, 18.7213526], [100.7591518, 18.7205585], [100.7582925, 18.7193576], [100.7578739, 18.7187363], [100.7576906, 18.7176942], [100.7578855, 18.7167757], [100.7584901, 18.7157412], [100.7595312, 18.7148354], [100.760394, 18.7143842], [100.7617253, 18.7141538], [100.7629163, 18.7143875], [100.7639627, 18.7149733], [100.7648511, 18.7158764], [100.765654, 18.7168768], [100.7659667, 18.7176169], [100.7659428, 18.7183919], [100.7654548, 18.7189392], [100.7647963, 18.7208488], [100.762065, 18.7246295], [100.7613096, 18.7261845], [100.7613211, 18.7264652], [100.7615097, 18.7271574], [100.7620014, 18.7278849], [100.7622535, 18.728477], [100.7624212, 18.7291365], [100.7624841, 18.7305979], [100.762578, 18.7316725], [100.7624447, 18.7329197], [100.7617067, 18.7341103], [100.7611259, 18.734456], [100.7603304, 18.7347068], [100.7584842, 18.7350026], [100.7570744, 18.7359163], [100.756337, 18.7368353], [100.7560922, 18.738019], [100.756141, 18.7392738], [100.7563652, 18.7399588], [100.756709, 18.7406706], [100.7567776, 18.7407852], [100.7576804, 18.7411116], [100.7587343, 18.7411339], [100.7594232, 18.7410082], [100.7607847, 18.7401738], [100.7615822, 18.7398647], [100.762471, 18.739909], [100.7638274, 18.740411], [100.7656034, 18.7424276], [100.7657997, 18.7436076], [100.7655736, 18.7447739], [100.7660613, 18.7465914], [100.7663032, 18.7472486], [100.767043, 18.7483667], [100.7676065, 18.7487149], [100.769469, 18.7489549], [100.7702729, 18.7494549], [100.7705707, 18.7505172], [100.770543, 18.7516048], [100.767812, 18.7574137], [100.7678755, 18.7582041], [100.7678968, 18.7589103], [100.7674967, 18.7598151], [100.7666922, 18.7603588], [100.7664025, 18.7612033], [100.7661946, 18.7620711], [100.766013, 18.7642918], [100.7661785, 18.7648783], [100.7664896, 18.7652885], [100.7668386, 18.7656672], [100.7674782, 18.7658516], [100.7697852, 18.7664601], [100.7719348, 18.7669381], [100.7731734, 18.7674783], [100.7739953, 18.7684324], [100.774823, 18.7707749], [100.7754085, 18.7719238], [100.7776747, 18.7740163], [100.7806037, 18.7755248], [100.7823718, 18.7770125], [100.7832502, 18.7792189], [100.7856181, 18.782204], [100.7882336, 18.7848077], [100.7887888, 18.7852496], [100.7890972, 18.7855873], [100.789336, 18.7859327], [100.7898969, 18.7867915], [100.7910153, 18.7882792], [100.791192, 18.7886929], [100.7912028, 18.7889163], [100.7912242, 18.7893074], [100.791015, 18.7932305], [100.7910258, 18.7936089], [100.7910955, 18.7939999], [100.7910848, 18.7947058], [100.7909855, 18.7954853], [100.7909949, 18.7959535], [100.7910526, 18.7963106], [100.791209, 18.7967322], [100.7915824, 18.7978022], [100.7920804, 18.7986716], [100.7938739, 18.8003523], [100.7947627, 18.8015976], [100.7951689, 18.802277], [100.7955649, 18.80306], [100.7956724, 18.8033119], [100.7958269, 18.803674], [100.7959771, 18.8042326], [100.7960378, 18.8048109], [100.7959655, 18.8054622], [100.795628, 18.8071164], [100.795595, 18.8077655], [100.7954017, 18.8089858], [100.795239, 18.8103425], [100.7948498, 18.8122801], [100.7943769, 18.8142338], [100.7938437, 18.8155707], [100.7928937, 18.817354], [100.7925074, 18.8185432], [100.7918594, 18.8194405], [100.7890832, 18.8233358], [100.7889577, 18.8238811], [100.7890754, 18.8244711], [100.7893881, 18.8250486], [100.7899368, 18.8254477], [100.7903971, 18.8254264], [100.7929425, 18.8242057], [100.7934167, 18.8241661], [100.7938352, 18.8243179], [100.7970811, 18.8295574], [100.7972438, 18.8300469], [100.7987811, 18.8336765], [100.7991684, 18.8343528], [100.8009575, 18.8358028], [100.8012886, 18.8362297], [100.8012897, 18.8367196], [100.8009189, 18.8371686], [100.8005403, 18.8374213], [100.7999756, 18.8374924], [100.7960878, 18.837406], [100.7954501, 18.8375219], [100.794847, 18.8377751], [100.7910603, 18.8411971], [100.7906107, 18.8419342], [100.7903409, 18.8424054], [100.789834, 18.8427633], [100.7891405, 18.8429599], [100.7888291, 18.8432382], [100.7883972, 18.8439738], [100.7884181, 18.8445597], [100.7885564, 18.8449299], [100.7888419, 18.8452938], [100.7893473, 18.8455989], [100.7904716, 18.845673], [100.7915655, 18.8455943], [100.7921142, 18.8452552], [100.7937335, 18.8421284], [100.7943619, 18.8410683], [100.795394, 18.8404367], [100.7961333, 18.8403382], [100.79673, 18.8405479], [100.7973408, 18.8411023], [100.7983446, 18.8425216], [100.7992216, 18.844244], [100.800678, 18.8477268], [100.8007032, 18.8485791], [100.8012064, 18.8502159], [100.8023937, 18.8510558], [100.8048325, 18.8512436], [100.8054572, 18.8514571], [100.8057888, 18.8518844], [100.8065446, 18.8533104], [100.8069115, 18.8550514], [100.8069887, 18.8555844], [100.8073176, 18.8558596], [100.8113596, 18.8582531], [100.8121487, 18.8585826], [100.8161392, 18.8591998], [100.8169075, 18.8594928], [100.8174369, 18.8599701], [100.8185853, 18.8609775], [100.8205392, 18.8626914], [100.8222011, 18.8639559], [100.8235363, 18.8646011], [100.8249313, 18.8656038], [100.8254875, 18.8662146], [100.8264377, 18.8676553], [100.8282994, 18.8697666], [100.8292171, 18.8710853], [100.8300882, 18.8717012], [100.8309794, 18.8720649], [100.8315865, 18.8726236], [100.832099, 18.8731348], [100.8321371, 18.8731976], [100.8325557, 18.8736197], [100.8333633, 18.874795], [100.8335973, 18.8753431], [100.833937, 18.8760388], [100.8340039, 18.8764551], [100.8339092, 18.8767397], [100.8337421, 18.8769769], [100.8335471, 18.8771666], [100.8329066, 18.8775566], [100.8324276, 18.8777095], [100.8318372, 18.8779888], [100.8314027, 18.878442], [100.8304948, 18.8800073], [100.8302219, 18.8807135], [100.8299267, 18.8812405], [100.8279327, 18.8836226], [100.8270805, 18.884371], [100.8262729, 18.8850244], [100.8252981, 18.8854091], [100.8241189, 18.8859876], [100.8226866, 18.8863251], [100.8210998, 18.8863027], [100.8170727, 18.8856237], [100.8118911, 18.8855421], [100.8108672, 18.8854496], [100.8071566, 18.8844477], [100.805904, 18.8843649], [100.803107, 18.884472], [100.8011919, 18.8848887], [100.7999853, 18.8853867], [100.7991719, 18.88556], [100.7984338, 18.8856059], [100.7960742, 18.8855447], [100.7956055, 18.8856415], [100.7951983, 18.8858785], [100.7944957, 18.8862532], [100.7942749, 18.8865081], [100.7942102, 18.8868343], [100.7942432, 18.8870111], [100.794458, 18.8882819], [100.7946789, 18.8891943], [100.7948998, 18.8896581], [100.7953361, 18.8901678], [100.7957186, 18.8904736], [100.7960957, 18.8906418], [100.7963489, 18.8906775], [100.7969631, 18.8907387], [100.7971756, 18.8906825], [100.7982129, 18.8906724], [100.7989564, 18.8907132], [100.7994466, 18.8908712], [100.8004325, 18.891437], [100.8008527, 18.8917989], [100.8010143, 18.8920996], [100.8011208, 18.8926696], [100.8010036, 18.8930776], [100.8006887, 18.8933491], [100.799979, 18.8935395], [100.798757, 18.893593], [100.7981752, 18.8935726], [100.7977658, 18.8936338], [100.7967745, 18.8943066], [100.7962035, 18.8949794], [100.7945111, 18.8980352], [100.794194, 18.8987409], [100.7939786, 18.8991843], [100.793887, 18.8994697], [100.7938924, 18.8997705], [100.7941671, 18.900275], [100.7945658, 18.9008561], [100.7947382, 18.9013861], [100.794792, 18.9016257], [100.7947916, 18.9019815], [100.7947004, 18.9021914], [100.7944311, 18.9024157], [100.7912846, 18.9038184], [100.7898156, 18.9041183], [100.7886901, 18.9049262], [100.7859167, 18.9073998], [100.784272, 18.9085315], [100.7834295, 18.9090225], [100.7826796, 18.9098317], [100.7825863, 18.9101778], [100.7826711, 18.9105766], [100.7821177, 18.9109543], [100.7816883, 18.9112189], [100.7814383, 18.9116168], [100.7814809, 18.9130644], [100.7810437, 18.9135412], [100.7809289, 18.9139862], [100.7806242, 18.9142656], [100.7802927, 18.9142983], [100.7798397, 18.9140806], [100.7795186, 18.9135369], [100.7792603, 18.9134534], [100.7783234, 18.913832], [100.7763831, 18.9151948], [100.7748022, 18.9160286], [100.7743379, 18.9165066], [100.7739895, 18.9171242], [100.7734432, 18.9182315], [100.7728128, 18.9191203], [100.7718019, 18.9205181], [100.7710817, 18.9205583], [100.7693737, 18.9199619], [100.7685819, 18.9195587], [100.7672912, 18.9203326], [100.7671475, 18.9205361], [100.7672177, 18.9220075], [100.7675216, 18.922214], [100.7680608, 18.9223003], [100.7701599, 18.9220784], [100.7709865, 18.922076], [100.7713738, 18.9224342], [100.7714972, 18.9229133], [100.7712901, 18.923576], [100.7697266, 18.9252001], [100.7687023, 18.9262172], [100.7684639, 18.9266158], [100.7679921, 18.9283236], [100.7675704, 18.9288777], [100.7663932, 18.9293937], [100.7660266, 18.9303396], [100.7662312, 18.9314726], [100.7665636, 18.9323884], [100.7671653, 18.9335917], [100.7681646, 18.9340466], [100.7693579, 18.9346043], [100.7705498, 18.9359187], [100.7706599, 18.9363618], [100.7703426, 18.938943], [100.77006, 18.9395461], [100.769905, 18.9401129], [100.7696711, 18.9405635], [100.7693965, 18.9408953], [100.7688472, 18.9409643], [100.7677968, 18.9410303], [100.7669831, 18.9412746], [100.7664292, 18.9427331], [100.7665492, 18.9431983], [100.7688492, 18.9457116], [100.7693084, 18.9464623], [100.7698698, 18.9491438], [100.7704845, 18.9511488], [100.7707024, 18.9518935], [100.7712687, 18.9538625], [100.7725974, 18.9566945], [100.7729507, 18.9576193], [100.7725254, 18.9597824], [100.7726281, 18.9604387], [100.773976, 18.9628306], [100.7746181, 18.9644341], [100.7748932, 18.9653032], [100.7754941, 18.9663569], [100.7759349, 18.9679496], [100.776028, 18.9690459], [100.7759776, 18.9697761], [100.7755424, 18.9704687], [100.775242, 18.9713873], [100.7752266, 18.9720177], [100.7756266, 18.9731525], [100.7766932, 18.9758949], [100.7774701, 18.9770971], [100.7776371, 18.9802552], [100.7765369, 18.9815376], [100.7765186, 18.9823775], [100.7767866, 18.9832087], [100.7784605, 18.9854455], [100.7787538, 18.9862052], [100.7788228, 18.986845], [100.7788202, 18.9880271], [100.7785256, 18.9885543], [100.7773327, 18.989462], [100.776884, 18.9904727], [100.7767908, 18.9911239], [100.7772686, 18.991858], [100.7780971, 18.9919527], [100.7796444, 18.9911097], [100.7804141, 18.9905568], [100.7817925, 18.9903317], [100.7824885, 18.9897323], [100.7829119, 18.9895993], [100.7836279, 18.9894731], [100.7846466, 18.989819], [100.7854201, 18.9901358], [100.7854786, 18.9906761], [100.7851414, 18.9918113], [100.7844662, 18.993228], [100.7840118, 18.9951304], [100.7840023, 18.9958304], [100.7840764, 18.9962342], [100.78434, 18.9973664], [100.7846793, 18.9998441], [100.7842485, 19.0007091], [100.7836648, 19.0014495], [100.7838375, 19.0023324], [100.7844334, 19.0030384], [100.7858846, 19.0038108], [100.7872756, 19.0035767], [100.7880626, 19.0038851], [100.7885823, 19.0049754], [100.7884325, 19.0059639], [100.7883612, 19.0072164], [100.7883015, 19.0080069], [100.7881993, 19.0086345], [100.7877592, 19.0090411], [100.7851521, 19.0098766], [100.7834148, 19.010789], [100.7813914, 19.0119217], [100.7803791, 19.0151341], [100.7797185, 19.0172306], [100.7792616, 19.0179647], [100.7791347, 19.0187625], [100.7793438, 19.0196376], [100.7808964, 19.0220653], [100.7810184, 19.0234539], [100.7813742, 19.0243236], [100.7822102, 19.0254527], [100.7829813, 19.0260524], [100.7830914, 19.0265791], [100.7824365, 19.0276283], [100.7819532, 19.0288476], [100.7815867, 19.0318307], [100.7813143, 19.0330255], [100.7816104, 19.0337089], [100.7822872, 19.0342328], [100.7835522, 19.0341397], [100.7846592, 19.0340039], [100.7856888, 19.0341749], [100.786555, 19.0343438], [100.7869748, 19.0348607], [100.786984, 19.0357964], [100.7871975, 19.0368945], [100.7862412, 19.0378422], [100.7845837, 19.0384904], [100.7834607, 19.038062], [100.7823632, 19.0383767], [100.7811954, 19.0394577], [100.7805619, 19.0401732], [100.7802811, 19.0410235], [100.7783049, 19.0474053], [100.7781143, 19.0493883], [100.7779968, 19.051729], [100.7776301, 19.0540586], [100.7778879, 19.0556318], [100.777549, 19.0574793], [100.7770875, 19.0586135], [100.7770754, 19.0595274], [100.7772387, 19.0602677], [100.7775248, 19.0616934], [100.778015, 19.0637254], [100.7796776, 19.0655844], [100.7821327, 19.0659649], [100.7837087, 19.0649523], [100.7845716, 19.0647557], [100.785002, 19.0650789], [100.7853961, 19.0654104], [100.7852377, 19.0662827], [100.7850525, 19.0667517], [100.7846255, 19.0683237], [100.7846784, 19.069703], [100.7865053, 19.0702824], [100.7873836, 19.0709159], [100.7877688, 19.0716513], [100.7877834, 19.0721553], [100.7877981, 19.0726604], [100.7861509, 19.0749133], [100.7860187, 19.0761978], [100.7860471, 19.0774686], [100.7859547, 19.0819545], [100.7861482, 19.0842484], [100.7870873, 19.0865829], [100.788006, 19.0876023], [100.7896237, 19.0885247], [100.7919037, 19.0888374], [100.7948259, 19.0892712], [100.7970972, 19.0898291], [100.7988167, 19.0909603], [100.8005985, 19.0923498], [100.8036895, 19.098348], [100.8043366, 19.0996166], [100.8047697, 19.1015014], [100.8047258, 19.1029508], [100.8054277, 19.1044978], [100.8072682, 19.1064888], [100.8079154, 19.1073187], [100.8080984, 19.1079449], [100.8078075, 19.1088329], [100.8072326, 19.1093194], [100.8056842, 19.1098621], [100.804413, 19.110441], [100.8036399, 19.111294], [100.8024904, 19.1135891], [100.8021783, 19.1145032], [100.8025092, 19.1151013], [100.8032242, 19.1165096], [100.8034081, 19.1167769], [100.8046173, 19.1182632], [100.8049824, 19.1183581], [100.8059657, 19.118914], [100.8071438, 19.1196274], [100.807988, 19.1203436], [100.8088085, 19.1212957], [100.809933, 19.1236938], [100.810906, 19.1252344], [100.8120538, 19.1263536], [100.8123219, 19.1274404], [100.8123732, 19.1280665], [100.8123249, 19.1286981], [100.8112692, 19.1302925], [100.8108951, 19.1311473], [100.8106537, 19.1321702], [100.8105559, 19.1337117], [100.8106777, 19.1344925], [100.8109791, 19.1352347], [100.8118485, 19.1364948], [100.8116659, 19.1383138], [100.8097227, 19.1422871], [100.8086929, 19.1428493], [100.807498, 19.1438485], [100.8063982, 19.1456622], [100.8056625, 19.146656], [100.8053118, 19.1473691], [100.8050039, 19.1487636], [100.8054306, 19.1493342], [100.806812, 19.1496821], [100.8071665, 19.1507837], [100.8071856, 19.1520206], [100.8068414, 19.152975], [100.8064372, 19.1539262], [100.8062838, 19.1551449], [100.8063872, 19.1560453], [100.8067714, 19.1575261], [100.8068318, 19.1584455], [100.8069662, 19.1590133], [100.8073251, 19.1595084], [100.808965, 19.1600387], [100.8101011, 19.1603823], [100.8108428, 19.1603184], [100.8112625, 19.1604561], [100.8118019, 19.1612204], [100.8120755, 19.1616263], [100.8125043, 19.1622714], [100.8126612, 19.1626664], [100.8128295, 19.163584], [100.8128599, 19.1642295], [100.8127414, 19.1650881], [100.8118785, 19.166033], [100.8115121, 19.1663823], [100.8109282, 19.1671781], [100.8109373, 19.1683038], [100.8115796, 19.1697025], [100.8121199, 19.1703704], [100.8123066, 19.171264], [100.8122708, 19.1726045], [100.8124747, 19.1735261], [100.8128886, 19.1741963], [100.8129642, 19.1745873], [100.8135277, 19.1757487], [100.8154313, 19.1769889], [100.8163714, 19.1778793], [100.817294, 19.1789158], [100.8173123, 19.180038], [100.8179149, 19.1812894], [100.8182179, 19.1819257], [100.818948, 19.1827938], [100.8196364, 19.1835386], [100.8219516, 19.1834669], [100.8229708, 19.1835947], [100.8252052, 19.1845673], [100.8262526, 19.1849196], [100.8275483, 19.1847616], [100.8294754, 19.183663], [100.8308502, 19.1831606], [100.8321118, 19.1832294], [100.8333826, 19.1837617], [100.8337182, 19.184054], [100.8341321, 19.1846962], [100.834342, 19.1855619], [100.834345, 19.1865504], [100.8336686, 19.1881428], [100.8329871, 19.1887487], [100.8323271, 19.1894105], [100.83181, 19.1897905], [100.8309123, 19.1909947], [100.8303496, 19.1915948], [100.8298064, 19.1920851], [100.8281597, 19.1938831], [100.8280628, 19.1948481], [100.8281597, 19.1958656], [100.8282225, 19.197615], [100.8280808, 19.2011301], [100.8281301, 19.2027902], [100.8284017, 19.2034084], [100.8293417, 19.2037322], [100.829763, 19.2042199], [100.8296971, 19.2048006], [100.8295117, 19.2056189], [100.8284948, 19.2091203], [100.8279001, 19.209344], [100.826674, 19.2094084], [100.8258535, 19.2090538], [100.8251558, 19.2085129], [100.8245646, 19.2072038], [100.823843, 19.2052194], [100.822893, 19.2044188], [100.8217937, 19.2039308], [100.8212299, 19.2035622], [100.8205235, 19.2037467], [100.8200871, 19.2041433], [100.8198487, 19.20456], [100.8197332, 19.2050348], [100.8197645, 19.2055002], [100.8206919, 19.207108], [100.8217438, 19.2082069], [100.8218199, 19.2087187], [100.8220282, 19.2091626], [100.822031, 19.2099918], [100.8215423, 19.2105635], [100.8208419, 19.2108943], [100.8201632, 19.2109415], [100.8196262, 19.2106966], [100.8189143, 19.210109], [100.8183015, 19.2093868], [100.8179436, 19.2090699], [100.817492, 19.2091107], [100.8169078, 19.209443], [100.8161106, 19.2102108], [100.8157166, 19.211166], [100.8158844, 19.2121624], [100.8160175, 19.2126919], [100.8165686, 19.2129165], [100.8167932, 19.2136586], [100.8167762, 19.2148263], [100.8161938, 19.2162605], [100.8155495, 19.2172211], [100.8138846, 19.2186514], [100.8122785, 19.2218318], [100.812239, 19.2229761], [100.813231, 19.2248736], [100.813607, 19.2251983], [100.8139648, 19.2253554], [100.8151548, 19.2252961], [100.815948, 19.2252553], [100.8167263, 19.2255351], [100.8171681, 19.225659], [100.8175805, 19.2257972], [100.8194424, 19.2263085], [100.8219561, 19.226556], [100.8227955, 19.2263559], [100.8235446, 19.2257595], [100.8243326, 19.2251694], [100.8247504, 19.2251236], [100.8251439, 19.225405], [100.8254658, 19.225823], [100.8256602, 19.2261953], [100.8259126, 19.2265775], [100.8259228, 19.2270337], [100.8258775, 19.2274508], [100.8255021, 19.228262], [100.8255192, 19.2287441], [100.8258453, 19.2291102], [100.8264558, 19.2292498], [100.8277015, 19.229441], [100.8281385, 19.2295811], [100.8299709, 19.2302932], [100.831187, 19.2314666], [100.8318691, 19.2317537], [100.8321143, 19.2321205], [100.8319949, 19.2332716], [100.8316975, 19.2339329], [100.8312401, 19.2348768], [100.8311459, 19.2358458], [100.8310754, 19.2367729], [100.8314545, 19.2394319], [100.8320616, 19.2405777], [100.8325544, 19.2421037], [100.8330721, 19.2427575], [100.8339843, 19.2427966], [100.8350044, 19.2421022], [100.8360107, 19.24237], [100.8366652, 19.2430285], [100.8370331, 19.2440025], [100.8375093, 19.2451209], [100.8382337, 19.2468606], [100.8386196, 19.2474691], [100.839357, 19.2483596], [100.8398083, 19.2492138], [100.8404076, 19.2504233], [100.8406733, 19.2507957], [100.841908, 19.2517569], [100.8424637, 19.2525303], [100.8427359, 19.2529851], [100.8430971, 19.2541522], [100.8431557, 19.2547403], [100.8430713, 19.2550146], [100.8407426, 19.2573566], [100.8403706, 19.2579535], [100.839779, 19.2592971], [100.8392355, 19.2597077], [100.8382934, 19.2596051], [100.8370516, 19.2589889], [100.8366043, 19.2590434], [100.8362255, 19.2594269], [100.8361496, 19.2602144], [100.8367948, 19.2612295], [100.8379305, 19.2616557], [100.8393251, 19.2618628], [100.8402391, 19.2623364], [100.840808, 19.2632545], [100.8409784, 19.263897], [100.8415129, 19.2650076], [100.84228, 19.2655292], [100.8432588, 19.2655821], [100.844155, 19.2661883], [100.8447175, 19.2668932], [100.8446202, 19.2676981], [100.8437865, 19.2682551], [100.8424776, 19.2684663], [100.8416607, 19.268846], [100.8412613, 19.269594], [100.8413199, 19.2699008], [100.8414744, 19.2701891], [100.8420047, 19.2706728], [100.8429244, 19.2710888], [100.8432814, 19.2713408], [100.8440289, 19.2714476], [100.8446459, 19.2712145], [100.8461738, 19.2706055], [100.8475343, 19.2703358], [100.8481904, 19.2700902], [100.8489501, 19.2702144], [100.8496391, 19.2705841], [100.8504609, 19.2712096], [100.8519757, 19.2720737], [100.8525978, 19.2723608], [100.8534958, 19.2730017], [100.8537058, 19.273382], [100.8536932, 19.2743332], [100.8537428, 19.2757207], [100.85386, 19.2764438], [100.8540286, 19.2768436], [100.8544107, 19.2770926], [100.8550321, 19.2778118], [100.8552277, 19.2788024], [100.8552176, 19.2792506], [100.855115, 19.280439], [100.8549497, 19.2814], [100.8548138, 19.2819281], [100.8545976, 19.2829582], [100.8547293, 19.2833276], [100.8559345, 19.2838959], [100.8563908, 19.2842525], [100.8568548, 19.285023], [100.8570952, 19.2858474], [100.857205, 19.2866977], [100.8571647, 19.2867797], [100.8568182, 19.2872512], [100.8560862, 19.2882475], [100.8553635, 19.289424], [100.8549127, 19.29022], [100.8547637, 19.2905382], [100.8545625, 19.2911654], [100.8544591, 19.2919347], [100.8543781, 19.2925812], [100.8537511, 19.293451], [100.853374, 19.2938417], [100.8525259, 19.2944029], [100.8519945, 19.2950023], [100.8514096, 19.295501], [100.8511619, 19.2954829], [100.8499577, 19.2949347], [100.8496332, 19.2947378], [100.8494488, 19.2943102], [100.8488736, 19.294045], [100.8478184, 19.2940173], [100.8471222, 19.2940311], [100.8465652, 19.2938651], [100.8461109, 19.2942386], [100.8458251, 19.2945775], [100.8458911, 19.2950548], [100.8463307, 19.2956219], [100.8465579, 19.2967424], [100.8468308, 19.2973173], [100.8471117, 19.2981139], [100.8472605, 19.2984275], [100.8473182, 19.2991605], [100.8474283, 19.2996503], [100.8476639, 19.3012361], [100.8480536, 19.3027377], [100.8486782, 19.3042322], [100.8492987, 19.3054151], [100.8494242, 19.3056543], [100.8506597, 19.3075176], [100.8508513, 19.3083772], [100.8509258, 19.3089128], [100.850802, 19.3098374], [100.8505478, 19.3106613], [100.850161, 19.3112178], [100.8492539, 19.3117319], [100.8485263, 19.3122684], [100.8477695, 19.3140123], [100.8479326, 19.3147486], [100.8474447, 19.3158725], [100.8467186, 19.3163237], [100.8463473, 19.3165544], [100.8448265, 19.3174389], [100.8439606, 19.3181522], [100.8434367, 19.3190167], [100.8432656, 19.3198896], [100.8434159, 19.3210503], [100.8432163, 19.3222461], [100.8427162, 19.3233146], [100.8418325, 19.3242563], [100.8414024, 19.3252187], [100.8413817, 19.3259985], [100.8413776, 19.3272094], [100.8413759, 19.3281928], [100.8409657, 19.3292389], [100.8396622, 19.3319131], [100.8389886, 19.3332822], [100.8383732, 19.3341699], [100.8380349, 19.334526], [100.8380349, 19.3350003], [100.8377953, 19.3355031], [100.8373018, 19.3360224], [100.8370296, 19.336172], [100.8364678, 19.3376506], [100.8366748, 19.3382365], [100.8373253, 19.3384039], [100.8379462, 19.3390456], [100.8408732, 19.3397709], [100.8411985, 19.3397151], [100.843682, 19.3400778], [100.844096, 19.3416122], [100.8429133, 19.3455178], [100.8424402, 19.3469684], [100.8432977, 19.3478332], [100.8430907, 19.348977], [100.8407845, 19.3501765], [100.838981, 19.3504834], [100.8388036, 19.350846], [100.8371774, 19.3510971], [100.836527, 19.3515434], [100.836113, 19.3521571], [100.8352556, 19.3522129], [100.8349599, 19.3518503], [100.8340138, 19.3529103], [100.8338364, 19.3534404], [100.8339843, 19.3539146], [100.8342504, 19.3558952], [100.8340138, 19.3572062], [100.8349599, 19.3580431], [100.8367635, 19.358852], [100.8369113, 19.3597446], [100.8387444, 19.3616694], [100.8391879, 19.3623109], [100.838774, 19.3633988], [100.840548, 19.3648214], [100.8405776, 19.3658534], [100.8401341, 19.3666345], [100.8400158, 19.3673597], [100.8404002, 19.3676944], [100.8406071, 19.3687822], [100.8401341, 19.3698143], [100.8381235, 19.3702885], [100.837887, 19.3709858], [100.8386557, 19.3714878], [100.840755, 19.3736913], [100.8409324, 19.3743608], [100.841435, 19.3748349], [100.8413167, 19.3759785], [100.8420559, 19.3764526], [100.8426472, 19.3789629], [100.8427441, 19.3809083], [100.8420154, 19.3819967], [100.8469946, 19.3856626], [100.8461445, 19.3871518], [100.8443229, 19.3885265], [100.8408617, 19.3897866], [100.8382507, 19.3916768], [100.8372792, 19.395457], [100.8385543, 19.3971752], [100.8375828, 19.3994089], [100.8366719, 19.3999817], [100.8366719, 19.4009553], [100.8400116, 19.4011272], [100.840801, 19.4019863], [100.8408617, 19.403819], [100.8395259, 19.4049644], [100.8400116, 19.4056517], [100.8392223, 19.4067399], [100.8397687, 19.4088016], [100.8401456, 19.4091936], [100.84151, 19.4091148], [100.8412872, 19.4087208], [100.8415378, 19.4081693], [100.8411202, 19.4066987], [100.8411758, 19.4058057], [100.841677, 19.4051755], [100.8415935, 19.4045977], [100.8425124, 19.4042563], [100.8448513, 19.4090885], [100.8457144, 19.4087734], [100.8464384, 19.408038], [100.8459929, 19.4070401], [100.8465498, 19.405832], [100.8479141, 19.4055694], [100.8486659, 19.4062785], [100.8492507, 19.4059371], [100.849724, 19.4027593], [100.849195, 19.4000805], [100.850086, 19.3994501], [100.8507264, 19.400632], [100.8523135, 19.4016825], [100.8533437, 19.4033108], [100.8538171, 19.4039149], [100.8546803, 19.40423], [100.8552093, 19.4035209], [100.856518, 19.4035472], [100.8598314, 19.4049916], [100.8616413, 19.4048078], [100.8636739, 19.4064886], [100.8638935, 19.4070575], [100.8639648, 19.4077403], [100.8644093, 19.4082438], [100.8645216, 19.40868], [100.8643236, 19.4095875], [100.8646206, 19.4102702], [100.8657499, 19.4108742], [100.8672967, 19.4112623], [100.8677976, 19.4113841], [100.8682682, 19.4121611], [100.8686912, 19.4131328], [100.8687345, 19.4134682], [100.8688277, 19.4137967], [100.8692039, 19.414274], [100.8701891, 19.4145848], [100.8711018, 19.4147013], [100.8714551, 19.4145993], [100.871822, 19.4144934], [100.8727341, 19.4151377], [100.8736661, 19.4156257], [100.8742208, 19.4156574], [100.8747719, 19.4154711], [100.8756837, 19.4154464], [100.8769625, 19.4153484], [100.8775111, 19.4154309], [100.8777631, 19.4157798], [100.8779263, 19.4162684], [100.8779788, 19.4172865], [100.8781079, 19.4184089], [100.878714, 19.4225102], [100.8787231, 19.422825], [100.8785844, 19.4231044], [100.8782652, 19.4235777], [100.878179, 19.4244085], [100.8781894, 19.4249576], [100.8783339, 19.4255013], [100.8785606, 19.425799], [100.8802122, 19.4264899], [100.8811477, 19.4274165], [100.8813043, 19.4278331], [100.8815755, 19.4290163], [100.8814538, 19.4301752], [100.8811859, 19.4312972], [100.8805362, 19.4322285], [100.8801267, 19.4328815], [100.8794509, 19.4334672], [100.878512, 19.4338251], [100.8774807, 19.4339317], [100.8772528, 19.4338901], [100.877011, 19.4337042], [100.8758638, 19.4328361], [100.8748501, 19.4321161], [100.873448, 19.4314283], [100.8716903, 19.43093], [100.8707655, 19.4304677], [100.8704677, 19.4303631], [100.8701508, 19.4303538], [100.8691968, 19.4306106], [100.8680868, 19.4312651], [100.8670543, 19.432044], [100.8663817, 19.4327113], [100.8658875, 19.4334576], [100.8656072, 19.4342702], [100.8656083, 19.4350891], [100.8655916, 19.4357164], [100.8659169, 19.4361922], [100.8663783, 19.436632], [100.8667786, 19.4371599], [100.8672297, 19.4377939], [100.8678413, 19.438334], [100.8683935, 19.4389717], [100.8684859, 19.4396925], [100.8678879, 19.4407379], [100.8671927, 19.4414077], [100.866672, 19.4416144], [100.8661938, 19.4424113], [100.866179, 19.442893], [100.8663814, 19.4432997], [100.8681466, 19.4451023], [100.8680512, 19.4469248], [100.8677489, 19.4471381], [100.8672289, 19.4472917], [100.8665325, 19.4471135], [100.8658842, 19.446782], [100.8650094, 19.4466822], [100.8648298, 19.4469998], [100.8643298, 19.4487893], [100.8647664, 19.4501759], [100.8655237, 19.4512787], [100.8665264, 19.4517534], [100.868066, 19.4517022], [100.8686535, 19.4514614], [100.8690157, 19.4509861], [100.8692461, 19.4507115], [100.8696048, 19.4506771], [100.8700645, 19.4508337], [100.8705186, 19.4513183], [100.8706411, 19.4516634], [100.8705353, 19.4520349], [100.8703232, 19.4524136], [100.8697035, 19.4533633], [100.869162, 19.4542535], [100.8680159, 19.4552574], [100.867517, 19.4557076], [100.8670181, 19.4558441], [100.8668679, 19.456178], [100.8668733, 19.456446], [100.8669054, 19.4567192], [100.86712, 19.4569316], [100.8675438, 19.4573009], [100.8681983, 19.4576094], [100.8685094, 19.4577055], [100.8690888, 19.4578168], [100.8694428, 19.4582366], [100.8695501, 19.4584642], [100.8694857, 19.4586918], [100.8692872, 19.4588587], [100.8690083, 19.4588941], [100.8688205, 19.4589245], [100.8683217, 19.4588587], [100.8676672, 19.4587323], [100.867281, 19.4586463], [100.8668143, 19.4586311], [100.8666158, 19.4586665], [100.8663958, 19.4587475], [100.8661705, 19.4588992], [100.8659345, 19.459142], [100.8655697, 19.459668], [100.8651888, 19.4602446], [100.8650869, 19.4607403], [100.8651406, 19.461322], [100.8652264, 19.4615647], [100.8654463, 19.4619137], [100.8659774, 19.4630771], [100.8663583, 19.4634159], [100.8665675, 19.4635879], [100.8669108, 19.46377], [100.8673078, 19.4638307], [100.8677208, 19.4637245], [100.8679354, 19.4636081], [100.8680963, 19.4633856], [100.8681124, 19.4631074], [100.8681017, 19.4625055], [100.8680588, 19.4622476], [100.8680749, 19.46202], [100.8681446, 19.4618379], [100.8683431, 19.4616608], [100.8684826, 19.4616153], [100.8687293, 19.4615647], [100.8689225, 19.4615395], [100.8691102, 19.4615293], [100.8693033, 19.4616811], [100.8694106, 19.4617974], [100.8698237, 19.4620503], [100.8702421, 19.4621161], [100.8717441, 19.4623538], [100.8737826, 19.4630113], [100.8755636, 19.4636739], [100.8758855, 19.4639571], [100.8761752, 19.4643061], [100.876379, 19.4646854], [100.8761805, 19.4651356], [100.8751452, 19.465434], [100.8740026, 19.465343], [100.8732194, 19.465343], [100.8726561, 19.4652873], [100.8723503, 19.4653278], [100.8720714, 19.4656818], [100.8718675, 19.4659246], [100.8717871, 19.4663191], [100.8718729, 19.4669665], [100.8722055, 19.4670879], [100.8725488, 19.4671688], [100.873332, 19.4668755], [100.8738631, 19.4667996], [100.8742171, 19.4668805], [100.8745927, 19.4670323], [100.8751774, 19.4673408], [100.87551, 19.4676392], [100.8756816, 19.4678516], [100.8757031, 19.468145], [100.8756494, 19.4683675], [100.8752793, 19.4688834], [100.8748341, 19.4696572], [100.8746248, 19.4702388], [100.8743405, 19.4708508], [100.8737129, 19.4717612], [100.8732462, 19.4721355], [100.8727419, 19.472535], [100.8718836, 19.4725552], [100.8715832, 19.4726412], [100.8709502, 19.4729598], [100.8706284, 19.4732936], [100.8705532, 19.4734504], [100.8705654, 19.4738372], [100.8712506, 19.4749171], [100.87161, 19.4751396], [100.872302, 19.4755088], [100.8732569, 19.4761107], [100.8736861, 19.4765658], [100.8737118, 19.4767773], [100.8736968, 19.4772739], [100.8733588, 19.4783461], [100.8732106, 19.4789561], [100.8730745, 19.4798329], [100.8733106, 19.4802325], [100.8736968, 19.4804954], [100.8740401, 19.4804702], [100.8748609, 19.480015], [100.8756334, 19.4794587], [100.876025, 19.4793424], [100.87632, 19.4792362], [100.8768028, 19.4792463], [100.87713, 19.4793272], [100.877409, 19.4795093], [100.8775821, 19.4796648], [100.8774841, 19.4801111], [100.8772159, 19.4806269], [100.8770335, 19.4811074], [100.8767746, 19.4820274], [100.8762824, 19.4843289], [100.8757675, 19.4868423], [100.8757192, 19.4875806], [100.8759123, 19.4887741], [100.8761483, 19.4891432], [100.8765519, 19.4902434], [100.8764273, 19.4907868], [100.8764273, 19.491247], [100.8764648, 19.4917072], [100.8767009, 19.4925011], [100.8771644, 19.4930782], [100.8773178, 19.4932799], [100.8778435, 19.4932698], [100.8782512, 19.4932849], [100.8784926, 19.4935074], [100.8786321, 19.4937856], [100.8786535, 19.4941901], [100.8786267, 19.4946857], [100.8784282, 19.4948981], [100.8779454, 19.4952167], [100.876953, 19.4957325], [100.8765185, 19.496046], [100.8764863, 19.4963292], [100.8764595, 19.4967539], [100.8768511, 19.4969764], [100.8774787, 19.4970472], [100.8782995, 19.496936], [100.8786374, 19.4968551], [100.879029, 19.4967742], [100.8794689, 19.4966882], [100.8797532, 19.4966781], [100.8803219, 19.4967388], [100.8810212, 19.496377], [100.8814913, 19.4958842], [100.8817005, 19.4954897], [100.8817381, 19.4952521], [100.881781, 19.4949588], [100.8819956, 19.4946604], [100.8822423, 19.4945138], [100.8824408, 19.4944632], [100.882988, 19.4944379], [100.8834386, 19.4945441], [100.8837336, 19.4947565], [100.8840018, 19.495247], [100.8840582, 19.4955226], [100.8840823, 19.4955858], [100.8841869, 19.495687], [100.8843425, 19.4957805], [100.8845115, 19.495955], [100.8845168, 19.4960308], [100.8844149, 19.4962811], [100.8840448, 19.4968045], [100.8838248, 19.4972242], [100.8839375, 19.4975378], [100.8841735, 19.4978614], [100.8846724, 19.4983114], [100.8850962, 19.4986553], [100.8867431, 19.500324], [100.8876657, 19.5010623], [100.8880895, 19.5013303], [100.8884489, 19.501745], [100.8887279, 19.5021748], [100.8887172, 19.5023518], [100.8886367, 19.5026602], [100.8884168, 19.5030293], [100.88817, 19.5033631], [100.8879125, 19.503712], [100.8876496, 19.5042834], [100.8872098, 19.5048143], [100.8870649, 19.5050469], [100.8869684, 19.5053402], [100.8869791, 19.505679], [100.8870059, 19.5060481], [100.887081, 19.506488], [100.8873868, 19.5070392], [100.8876604, 19.5073375], [100.8881485, 19.5075145], [100.8892322, 19.5073932], [100.8895379, 19.5073527], [100.8899617, 19.5076005], [100.8902299, 19.5077977], [100.8905733, 19.5080606], [100.8907556, 19.5082983], [100.8907771, 19.5086724], [100.8906752, 19.5088545], [100.8907298, 19.5096082], [100.8909005, 19.5099416], [100.8912331, 19.5102147], [100.8916515, 19.5102905], [100.8921182, 19.5102854], [100.8926117, 19.5102147], [100.8928478, 19.5100882], [100.8930838, 19.5097394], [100.8929604, 19.5093652], [100.8926386, 19.5090668], [100.8925688, 19.508632], [100.8927083, 19.5079393], [100.8926547, 19.5074488], [100.8925474, 19.5069381], [100.8923811, 19.5067055], [100.892263, 19.5065791], [100.8920056, 19.506392], [100.8917481, 19.5062504], [100.8915925, 19.5061139], [100.8915979, 19.5059167], [100.8916837, 19.5057093], [100.8918017, 19.505497], [100.8919036, 19.5052694], [100.891968, 19.5050975], [100.8921128, 19.504961], [100.892483, 19.5049053], [100.8931535, 19.5056537], [100.8933359, 19.5062757], [100.8936524, 19.506928], [100.8939743, 19.5077471], [100.8947682, 19.5089809], [100.8960465, 19.5102865], [100.8963668, 19.5103714], [100.8966807, 19.5105367], [100.896948, 19.5105084], [100.8973041, 19.5101727], [100.8975404, 19.5099455], [100.8984415, 19.5100587], [100.8987272, 19.5107405], [100.8986735, 19.5115192], [100.8992207, 19.5126619], [100.8994567, 19.5131473], [100.9000897, 19.513471], [100.9004694, 19.513398], [100.900753, 19.5131997], [100.90166, 19.5134829], [100.9022033, 19.5138249], [100.903244, 19.5138957], [100.9039199, 19.5138856], [100.9045207, 19.5137642], [100.9050786, 19.5139665], [100.9053469, 19.5143305], [100.9056687, 19.5150586], [100.9063017, 19.515544], [100.906924, 19.5156553], [100.9084368, 19.5159081], [100.9091893, 19.5160963], [100.9095096, 19.5165654], [100.9096706, 19.5173137], [100.910325, 19.5179407], [100.911237, 19.5186586], [100.9120631, 19.5193159], [100.9122133, 19.5200743], [100.9120095, 19.5207316], [100.9116232, 19.5216417], [100.911591, 19.522481], [100.9120953, 19.52329], [100.9127712, 19.5236844], [100.913533, 19.5239169], [100.9143484, 19.5240585], [100.9148159, 19.5239322], [100.9154534, 19.5233203], [100.9158075, 19.5229967], [100.9167194, 19.5223091], [100.9179397, 19.5177326], [100.9178802, 19.5173275], [100.9178245, 19.5169699], [100.918082, 19.5165148], [100.9188056, 19.5163495], [100.9192924, 19.5165878], [100.9200668, 19.5171519], [100.9211397, 19.5180721], [100.9214938, 19.5184362], [100.9217083, 19.5185727], [100.9220034, 19.5186839], [100.9225881, 19.5188053], [100.9231782, 19.5189165], [100.9235215, 19.5190884], [100.9240794, 19.5193867], [100.9244978, 19.5195384], [100.9251898, 19.5196345], [100.9254903, 19.5196597], [100.9258849, 19.5195968], [100.9268582, 19.5190833], [100.9276953, 19.5184305], [100.929267, 19.517007], [100.9295243, 19.5167373], [100.929639, 19.5164264], [100.9295755, 19.5160915], [100.9295672, 19.5159687], [100.9296917, 19.5158291], [100.9299052, 19.515812], [100.9303462, 19.5159123], [100.9306776, 19.516085], [100.9308761, 19.5164744], [100.9311122, 19.5165907], [100.9312838, 19.5166665], [100.931536, 19.5167221], [100.9327805, 19.5165603], [100.9336013, 19.5163631], [100.9338641, 19.5162822], [100.934304, 19.516348], [100.9355539, 19.516535], [100.9358865, 19.5166008], [100.9367287, 19.5162317], [100.9374636, 19.5158423], [100.937984, 19.5156047], [100.9403642, 19.5153674], [100.9410535, 19.5152617], [100.9418034, 19.515453], [100.9422648, 19.5154378], [100.9428281, 19.5152659], [100.9434879, 19.5150434], [100.9441155, 19.5149272], [100.9447646, 19.5148867], [100.9458217, 19.5149471], [100.946776, 19.5153948], [100.9477062, 19.5160328], [100.948417, 19.5162647], [100.9493382, 19.5162559], [100.9504137, 19.515978], [100.9521995, 19.5154185], [100.9523904, 19.5147724], [100.9524127, 19.5139974], [100.9530092, 19.513653], [100.9537636, 19.5136121], [100.9543204, 19.5138409], [100.9547006, 19.5138669], [100.9550315, 19.5137743], [100.9557088, 19.5133799], [100.9577248, 19.5132846], [100.9586517, 19.5124905], [100.9590056, 19.5128701], [100.9590411, 19.5133078], [100.9591842, 19.5139074], [100.9594256, 19.5143305], [100.9597957, 19.5143861], [100.9600532, 19.5144165], [100.9604448, 19.5143204], [100.9611261, 19.5142395], [100.9621507, 19.5143406], [100.9629204, 19.5141674], [100.9629339, 19.5140019], [100.9633094, 19.5139361], [100.9643488, 19.5143306], [100.9646201, 19.5144436], [100.9648734, 19.5147685], [100.9651923, 19.5152204], [100.965364, 19.5153013], [100.965659, 19.5152204], [100.9660774, 19.5148968], [100.9662598, 19.5144822], [100.9664422, 19.5139715], [100.9666783, 19.513658], [100.9669411, 19.5136125], [100.9671074, 19.5138502], [100.9672613, 19.5141478], [100.9673166, 19.5151648], [100.9674883, 19.5153418], [100.9678584, 19.5156097], [100.9681857, 19.5157766], [100.9688562, 19.5157867], [100.9692039, 19.5159006], [100.9694746, 19.5163576], [100.9697145, 19.5172884], [100.9698245, 19.5178016], [100.9700873, 19.5181075], [100.9702456, 19.5184589], [100.9703259, 19.5187939], [100.9702697, 19.5196648], [100.9702483, 19.5199024], [100.9703341, 19.5201906], [100.9704709, 19.5204965], [100.97031, 19.5209667], [100.9702134, 19.5212777], [100.9702617, 19.5216013], [100.9704468, 19.5218035], [100.9706184, 19.5219046], [100.9708657, 19.521896], [100.9718584, 19.5216567], [100.9723833, 19.5213535], [100.9726676, 19.5211184], [100.9728339, 19.5208277], [100.9729493, 19.5206988], [100.9730887, 19.5207089], [100.9732363, 19.5207822], [100.9734187, 19.5209364], [100.9735903, 19.521078], [100.9742004, 19.5225144], [100.9746525, 19.5233759], [100.974859, 19.5235832], [100.9761867, 19.5243897], [100.9764335, 19.5244706], [100.9765542, 19.5244124], [100.9766158, 19.5242835], [100.9766668, 19.5240408], [100.9766266, 19.5237147], [100.9764576, 19.5234063], [100.976294, 19.5232268], [100.9763825, 19.5230296], [100.9765971, 19.5229057], [100.9772918, 19.5222687], [100.9778067, 19.5218162], [100.9782279, 19.5214572], [100.9783995, 19.5213232], [100.9785792, 19.5213358], [100.9787455, 19.521399], [100.9788367, 19.5215507], [100.9788662, 19.5217706], [100.9787965, 19.522385], [100.9788474, 19.5228501], [100.9790567, 19.5229917], [100.9792498, 19.52307], [100.9795073, 19.5230802], [100.9809127, 19.522754], [100.9815297, 19.5227692], [100.9816691, 19.5228299], [100.9817335, 19.5228526], [100.9818435, 19.52284], [100.981991, 19.5226908], [100.9823638, 19.5221751], [100.9834796, 19.5209819], [100.9837612, 19.5207038], [100.9843084, 19.5201274], [100.9843701, 19.5199555], [100.9843621, 19.5196395], [100.9845042, 19.5194373], [100.9846035, 19.5193791], [100.9847349, 19.5193437], [100.9849709, 19.5193463], [100.9851694, 19.5193943], [100.9852901, 19.5195207], [100.9853062, 19.5197128], [100.9853658, 19.5200736], [100.985342, 19.5209918], [100.985671, 19.5220538], [100.9857756, 19.5222257], [100.9858748, 19.5222864], [100.9860679, 19.5223066], [100.9862396, 19.5222004], [100.9866956, 19.5220336], [100.9879616, 19.5217656], [100.9896997, 19.5216822], [100.9902227, 19.5216316], [100.9904695, 19.5215735], [100.9905365, 19.5215355], [100.9906197, 19.5214521], [100.9906653, 19.5213105], [100.9906384, 19.5210527], [100.9906245, 19.5210469], [100.9906036, 19.5200971], [100.9905016, 19.5195738], [100.990558, 19.5192654], [100.9917247, 19.5166286], [100.9920439, 19.5163176], [100.992237, 19.5162039], [100.9924999, 19.5160876], [100.9928647, 19.5160041], [100.9934898, 19.5158098], [100.9939483, 19.5157968], [100.9948549, 19.515769], [100.9952384, 19.5156881], [100.9959224, 19.5153873], [100.9966359, 19.5149297], [100.9970918, 19.5142749], [100.9974459, 19.5138881], [100.9979984, 19.5134912], [100.9984195, 19.5134052], [100.9988031, 19.5134659], [100.9990203, 19.5135695], [100.9992403, 19.5137162], [100.9997955, 19.5139159], [101.0010856, 19.5138021], [101.0013136, 19.5137162], [101.0017481, 19.5135771], [101.0018635, 19.5134254], [101.0020164, 19.5131701], [101.0021237, 19.5129577], [101.002129, 19.5128035], [101.0021773, 19.5126493], [101.0022765, 19.5126038], [101.0026091, 19.5125077], [101.0031402, 19.5123383], [101.0034916, 19.5123257], [101.0038644, 19.5126316], [101.0042828, 19.5131726], [101.0045645, 19.5134886], [101.0047173, 19.5136403], [101.0048246, 19.5137794], [101.0048911, 19.5139877], [101.0048273, 19.5141055], [101.0046825, 19.514242], [101.0044608, 19.514327], [101.0032099, 19.514482], [101.0024812, 19.5144092], [101.0021934, 19.5145328], [101.0014611, 19.5154581], [101.001201, 19.5155668], [101.0009274, 19.5157008], [101.000627, 19.5159485], [101.0004178, 19.5161811], [100.9998009, 19.5170786], [100.9996748, 19.517253], [100.9997016, 19.5173845], [100.9997445, 19.5175614], [100.9997204, 19.5176878], [100.9996024, 19.5178294], [100.9995165, 19.5179381], [100.9995117, 19.5180343], [100.9998947, 19.5184867], [101.0002676, 19.5187092], [101.000635, 19.5187193], [101.0025322, 19.5186744], [101.0026735, 19.5186258], [101.002773, 19.5185416], [101.0028693, 19.5180949], [101.0029256, 19.5179887], [101.0031268, 19.517976], [101.003446, 19.5181353], [101.0035479, 19.5183022], [101.0035989, 19.5184614], [101.0035952, 19.5187187], [101.0038188, 19.5187876], [101.003957, 19.5187232], [101.0041004, 19.5185929], [101.0042185, 19.5182946], [101.0041782, 19.5171848], [101.0041729, 19.5168232], [101.0042565, 19.516507], [101.004307, 19.516396], [101.0045001, 19.516262], [101.0046637, 19.5162569], [101.0048354, 19.5163252], [101.0049614, 19.5164213], [101.0052117, 19.51679], [101.0054389, 19.5171721], [101.0054898, 19.5176929], [101.005235, 19.5183502], [101.0052028, 19.518651], [101.0052565, 19.5189038], [101.0052377, 19.5190606], [101.0051385, 19.5191845], [101.0044845, 19.5197398], [101.0041139, 19.5199252], [101.0038108, 19.520226], [101.0037625, 19.5206103], [101.0037491, 19.5208681], [101.0038295, 19.5209895], [101.0042667, 19.5210754], [101.0046852, 19.5209794], [101.0048242, 19.5209277], [101.0051009, 19.5206078], [101.0051197, 19.520312], [101.0052028, 19.5201906], [101.005758, 19.520226], [101.0061228, 19.520092], [101.0064447, 19.5199227], [101.0066566, 19.5199479], [101.0070428, 19.5201957], [101.0072789, 19.5202741], [101.0074478, 19.520221], [101.0082418, 19.5197735], [101.0088142, 19.5193216], [101.0088962, 19.5188609], [101.008841, 19.5182658], [101.0089767, 19.517794], [101.0091269, 19.5174957], [101.0094036, 19.5171402], [101.0095453, 19.5170963], [101.0098457, 19.5170558], [101.0100657, 19.517076], [101.0102105, 19.5171873], [101.0104036, 19.51743], [101.0104435, 19.5177535], [101.0100788, 19.5186634], [101.0095385, 19.5195269], [101.0083898, 19.5212495], [101.0082042, 19.5219451], [101.0081568, 19.5222976], [101.0084939, 19.5233709], [101.0087003, 19.523755], [101.0089713, 19.524559], [101.0092235, 19.5249938], [101.0094166, 19.5252113], [101.0097381, 19.5253665], [101.0099155, 19.5252568], [101.0102427, 19.5250141], [101.0106289, 19.5246349], [101.0108319, 19.5242544], [101.0106123, 19.5235748], [101.0103489, 19.5233129], [101.0103553, 19.523108], [101.0105377, 19.5229664], [101.0108113, 19.5229411], [101.011101, 19.5230524], [101.0112496, 19.5232745], [101.0117716, 19.5237956], [101.0122007, 19.523922], [101.0124475, 19.5239119], [101.0128176, 19.5236237], [101.013, 19.5231636], [101.0130537, 19.522754], [101.0128605, 19.5218743], [101.0124287, 19.5213823], [101.0122758, 19.5211563], [101.0122383, 19.5209693], [101.0122865, 19.5208277], [101.0124314, 19.5207316], [101.0127854, 19.5206962], [101.0136759, 19.5208277], [101.0140461, 19.520944], [101.0150471, 19.5218959], [101.0159112, 19.523098], [101.0161865, 19.5234063], [101.0169858, 19.5236945], [101.0178711, 19.5241114], [101.0179943, 19.5241849], [101.0180694, 19.5243416], [101.0178977, 19.5251961], [101.0179621, 19.5255753], [101.0182518, 19.5259444], [101.0185361, 19.525914], [101.0189331, 19.5256916], [101.0191369, 19.5255449], [101.0193437, 19.5252567], [101.019491, 19.5246197], [101.0196943, 19.5240253], [101.0199362, 19.5239422], [101.0203868, 19.5240079], [101.0214594, 19.5252988], [101.0218584, 19.5253558], [101.0222245, 19.5250962], [101.0228911, 19.5231188], [101.0231083, 19.5226826], [101.0235615, 19.5224425], [101.0261632, 19.5252267], [101.0274294, 19.527807], [101.0282507, 19.5278614], [101.0289437, 19.5277009], [101.0295427, 19.5276511], [101.0302144, 19.5281305], [101.0301697, 19.5289429], [101.0299167, 19.5293405], [101.0301784, 19.5303024], [101.0310069, 19.5308129], [101.0315931, 19.5318941], [101.0325047, 19.5321478], [101.0331444, 19.5318862], [101.0334883, 19.5310532], [101.0336243, 19.5306787], [101.034098, 19.5306628], [101.0345675, 19.5313836], [101.0351596, 19.53209], [101.0362318, 19.5325163], [101.0369424, 19.5330587], [101.0370011, 19.5336211], [101.0370776, 19.5339664], [101.0374918, 19.5347172], [101.0378327, 19.5350912], [101.0381001, 19.5353143], [101.0385186, 19.5351356], [101.0388254, 19.5349352], [101.0392423, 19.534628], [101.0398658, 19.53464], [101.0408515, 19.5352009], [101.0417053, 19.5361414], [101.0425553, 19.5373963], [101.0430588, 19.5377246], [101.0441951, 19.537448], [101.0447566, 19.5373584], [101.0451239, 19.5373705], [101.0454954, 19.5376939], [101.0453492, 19.5381452], [101.0448685, 19.5387059], [101.0441962, 19.5394341], [101.0429804, 19.5403121], [101.0427418, 19.5408927], [101.0435562, 19.5411287], [101.0439112, 19.5411478], [101.0442794, 19.5413843], [101.044942, 19.5419375], [101.045108, 19.5431561], [101.0450861, 19.5437588], [101.044468, 19.5454764], [101.0445025, 19.5467297], [101.0448415, 19.5466863], [101.0452924, 19.5464141], [101.0456264, 19.5460562], [101.046215, 19.546034], [101.0472708, 19.5465454], [101.0484221, 19.5474805], [101.048883, 19.5481137], [101.0490594, 19.5492522], [101.0498561, 19.5518348], [101.0501969, 19.5519701], [101.0505617, 19.5519448], [101.0512376, 19.5518033], [101.052804, 19.551414], [101.0532546, 19.5513079], [101.0535604, 19.5510905], [101.0539627, 19.5504485], [101.0542863, 19.5500282], [101.0547405, 19.5498571], [101.054998, 19.5498217], [101.0551804, 19.5500188], [101.0554433, 19.5504283], [101.0557276, 19.550772], [101.0559745, 19.5509224], [101.0562801, 19.5510703], [101.0567519, 19.5511079], [101.0569829, 19.5511006], [101.0573155, 19.5509793], [101.0575569, 19.550767], [101.057751, 19.5503648], [101.0577124, 19.5500643], [101.0579163, 19.5495841], [101.0587799, 19.5479816], [101.0601908, 19.5465156], [101.0606414, 19.54601], [101.0608241, 19.5455743], [101.0609794, 19.5453023], [101.0610062, 19.5449585], [101.0606897, 19.5446552], [101.0604751, 19.5443519], [101.0602552, 19.5438918], [101.0602283, 19.5434369], [101.0604751, 19.5427696], [101.0623687, 19.5407524], [101.0636669, 19.5388314], [101.0642892, 19.5378809], [101.06489, 19.5373248], [101.0663545, 19.5366373], [101.0669982, 19.5363592], [101.0688039, 19.5363072], [101.0691118, 19.5363036], [101.0692996, 19.5362075], [101.06935, 19.5359666], [101.0696053, 19.5350296], [101.0699165, 19.5347717], [101.0704154, 19.5346302], [101.0706621, 19.5347262], [101.0708123, 19.5349487], [101.0714346, 19.5369861], [101.0715848, 19.5373804], [101.0717779, 19.5376484], [101.0721351, 19.5377747], [101.0722607, 19.5378152], [101.0725343, 19.5377293], [101.0727221, 19.5374613], [101.0730815, 19.5356666], [101.0734141, 19.5349891], [101.0736877, 19.5347616], [101.0738836, 19.5347172], [101.0741597, 19.5348931], [101.0747437, 19.5355407], [101.0755008, 19.5367306], [101.0758275, 19.53733], [101.075989, 19.5374411], [101.0762304, 19.5375119], [101.0765684, 19.537527], [101.0770136, 19.5372894], [101.0770351, 19.5368496], [101.0769814, 19.5362935], [101.0768312, 19.535252], [101.076799, 19.5339932], [101.0767412, 19.5339361], [101.0769439, 19.5337101], [101.0770673, 19.533523], [101.0773462, 19.5334623], [101.0780436, 19.53325], [101.0783118, 19.5331742], [101.0786819, 19.5327849], [101.0788912, 19.5313945], [101.0789502, 19.5304896], [101.079036, 19.5299385], [101.0791165, 19.5297059], [101.079272, 19.5294986], [101.0797065, 19.5293621], [101.0832432, 19.5292511], [101.0836655, 19.5295694], [101.0842931, 19.52962], [101.0846633, 19.5295441], [101.085189, 19.5291296], [101.0854948, 19.5285987], [101.0857522, 19.5283611], [101.0862029, 19.5282802], [101.0873133, 19.5282953], [101.0880589, 19.5278656], [101.089105, 19.5269252], [101.0895932, 19.5266219], [101.0908699, 19.5262123], [101.0912991, 19.5261517], [101.0916102, 19.525909], [101.0917926, 19.5252669], [101.0919052, 19.5248472], [101.0920393, 19.5245338], [101.0921627, 19.5243163], [101.092388, 19.5243012], [101.0929399, 19.5249263], [101.0933, 19.5252921], [101.0938847, 19.5256056], [101.0944372, 19.5257623], [101.094625, 19.5257977], [101.0947752, 19.5257118], [101.0954573, 19.5234547], [101.0956963, 19.5225536], [101.0970029, 19.5215024], [101.0982138, 19.51946], [101.0955689, 19.5195201], [101.0950271, 19.5192197], [101.0954095, 19.5171773], [101.0951227, 19.5163063], [101.0957601, 19.5158257], [101.097927, 19.5155854], [101.0988511, 19.5148045], [101.0970029, 19.512762], [101.0970985, 19.5115305], [101.0983731, 19.5118008], [101.0992438, 19.5099972], [101.0992706, 19.5095573], [101.0986698, 19.5085157], [101.0982943, 19.507823], [101.0982674, 19.5075095], [101.0983103, 19.5073274], [101.0984687, 19.5072352], [101.0993349, 19.5071049], [101.1013091, 19.5067661], [101.1017811, 19.5066397], [101.102162, 19.5065184], [101.1024141, 19.5064173], [101.1024463, 19.5062099], [101.102398, 19.5059925], [101.1021298, 19.5056487], [101.101411, 19.5048194], [101.1013734, 19.5044806], [101.1013895, 19.5040002], [101.1015397, 19.5037524], [101.102162, 19.5034389], [101.1025965, 19.5033277], [101.1044633, 19.5030091], [101.1052036, 19.5029838], [101.1060888, 19.5027563], [101.1066949, 19.5024428], [101.1070973, 19.5019725], [101.1073816, 19.5014062], [101.1074392, 19.5010173], [101.1070168, 19.5008954], [101.1065179, 19.5009106], [101.1066198, 19.5005667], [101.1066896, 19.5000762], [101.106292, 19.4996055], [101.1062175, 19.4987008], [101.1065286, 19.4981749], [101.1069632, 19.4976288], [101.1076283, 19.4971231], [101.108374, 19.496673], [101.1087441, 19.4964303], [101.108948, 19.4960966], [101.108948, 19.4957729], [101.1087602, 19.4955656], [101.1085403, 19.4955049], [101.108138, 19.4955403], [101.1077732, 19.4958842], [101.1075103, 19.4962129], [101.1071724, 19.4963039], [101.1069846, 19.4962533], [101.1067647, 19.4960814], [101.1066574, 19.4957527], [101.1066949, 19.4952672], [101.1067647, 19.4948273], [101.106872, 19.4942306], [101.1071187, 19.4933254], [101.1074299, 19.4928197], [101.1077142, 19.4925213], [101.1078483, 19.4917881], [101.1080629, 19.4913987], [101.1082774, 19.4912267], [101.1088782, 19.4911104], [101.1096883, 19.4907817], [101.1104071, 19.490276], [101.1108845, 19.4898613], [101.1110455, 19.4895782], [101.1110079, 19.4893708], [101.1108684, 19.4891584], [101.1103696, 19.4883695], [101.1100048, 19.4875402], [101.1100745, 19.4868777], [101.1101603, 19.4862455], [101.110214, 19.48576], [101.1103213, 19.4854313], [101.1107665, 19.4852847], [101.1110777, 19.4852391], [101.1113781, 19.4852847], [101.1116297, 19.4853664], [101.1121395, 19.4860574], [101.1123812, 19.4860938], [101.1126226, 19.486023], [101.1127353, 19.4857449], [101.1127675, 19.4855072], [101.1128747, 19.4852543], [101.1134005, 19.4847891], [101.1133956, 19.4843452], [101.1128747, 19.4839951], [101.1112964, 19.4830259], [101.1112564, 19.4827055], [101.1112815, 19.4825335], [101.1114532, 19.4823666], [101.1117375, 19.48222], [101.1119896, 19.4821087], [101.1123812, 19.4820683], [101.1128694, 19.4816586], [101.113143, 19.4810669], [101.1131376, 19.480809], [101.1128758, 19.4804249], [101.1125797, 19.4804398], [101.1124134, 19.4805106], [101.1121291, 19.4806977], [101.1115819, 19.4806118], [101.111024, 19.4801364], [101.1106646, 19.4796509], [101.1106968, 19.4794789], [101.1109972, 19.4791552], [101.1113512, 19.4789277], [101.1117911, 19.4787962], [101.1122686, 19.4787759], [101.1125958, 19.4788821], [101.1129391, 19.4789883], [101.1132288, 19.4792918], [101.1135453, 19.4799492], [101.1138886, 19.4800352], [101.1140817, 19.4799644], [101.1143178, 19.4795244], [101.1146074, 19.4786242], [101.1148488, 19.4778403], [101.1151975, 19.4769755], [101.1155462, 19.4763231], [101.1159754, 19.4753773], [101.1163294, 19.4748311], [101.1161578, 19.4740826], [101.1161631, 19.4734201], [101.1165762, 19.4729598], [101.1169571, 19.4728283], [101.1173272, 19.4728182], [101.1179066, 19.4727474], [101.1182445, 19.4724035], [101.1182738, 19.4719808], [101.1182123, 19.4718269], [101.1178261, 19.4716398], [101.1171234, 19.4712251], [101.1170375, 19.4709317], [101.1169517, 19.4706536], [101.117118, 19.470431], [101.1175686, 19.4702945], [101.1179441, 19.4702439], [101.1186898, 19.4701883], [101.1187971, 19.4703653], [101.119135, 19.470603], [101.1193711, 19.4706182], [101.1195427, 19.4705069], [101.1198056, 19.4702692], [101.1197627, 19.4699556], [101.1194086, 19.4696673], [101.1187595, 19.4693892], [101.1183737, 19.4691911], [101.1181694, 19.4691262], [101.1181211, 19.4687721], [101.1184001, 19.46859], [101.1186844, 19.4685091], [101.1192369, 19.4683726], [101.1193925, 19.4684687], [101.1197627, 19.4689289], [101.1198807, 19.4693285], [101.1200041, 19.4695156], [101.1202669, 19.4696774], [101.1205673, 19.469723], [101.1207014, 19.4695712], [101.121034, 19.469116], [101.1210984, 19.4683068], [101.1212325, 19.4677151], [101.121195, 19.4672346], [101.1215222, 19.4665012], [101.1216456, 19.4661623], [101.1219728, 19.4658133], [101.122874, 19.4657881], [101.1248213, 19.4650496], [101.1259693, 19.4645034], [101.1265325, 19.4640482], [101.1271119, 19.4632237], [101.1278146, 19.4621059], [101.1279917, 19.4614636], [101.128217, 19.4609072], [101.1287588, 19.4603357], [101.1292416, 19.459845], [101.1299068, 19.4595112], [101.130588, 19.4593139], [101.1311942, 19.4592634], [101.131677, 19.459496], [101.13231, 19.4602952], [101.1327767, 19.4606796], [101.1330482, 19.4609538], [101.1333185, 19.4609527], [101.1339569, 19.460973], [101.1342359, 19.4607049], [101.1346489, 19.4603104], [101.1348742, 19.4602648], [101.1351854, 19.4603711], [101.1356521, 19.4606493], [101.136108, 19.460801], [101.1362421, 19.4607352], [101.1362582, 19.4606189], [101.1361831, 19.4603458], [101.1361134, 19.4600575], [101.1360276, 19.4595871], [101.1361456, 19.459147], [101.136328, 19.4588941], [101.1365586, 19.4587576], [101.1369985, 19.4586261], [101.1372989, 19.4587222], [101.1376905, 19.4590004], [101.137948, 19.459405], [101.1381626, 19.4596124], [101.1383825, 19.4596174], [101.1386347, 19.4594859], [101.1392355, 19.4588486], [101.1398256, 19.4578674], [101.1405015, 19.4569569], [101.1411613, 19.4561881], [101.1416817, 19.4557278], [101.1420894, 19.4553737], [101.1425829, 19.4548426], [101.1427385, 19.4544076], [101.1426526, 19.4542002], [101.1425239, 19.4541142], [101.1422986, 19.4541446], [101.1422235, 19.4542205], [101.1418801, 19.4541547], [101.1418104, 19.4539423], [101.1419016, 19.4536691], [101.1421215, 19.4534972], [101.1426526, 19.4533606], [101.143645, 19.4533606], [101.1443102, 19.4535427], [101.1446965, 19.4535831], [101.1448681, 19.4534972], [101.1451095, 19.453224], [101.1453831, 19.4530166], [101.1457962, 19.4526828], [101.14622, 19.4523287], [101.1464399, 19.4520505], [101.1463863, 19.4517672], [101.1462843, 19.4511754], [101.146229, 19.450331], [101.1472448, 19.4493538], [101.1484423, 19.4488515], [101.1491536, 19.4493888], [101.1495465, 19.4492753], [101.1497616, 19.4490261], [101.1491748, 19.4484583], [101.1493042, 19.4482472], [101.1495668, 19.4481003], [101.1503116, 19.4477645], [101.150334, 19.4470549], [101.150661, 19.4464139], [101.1532405, 19.4451754], [101.1536803, 19.4445344], [101.1535604, 19.4436295], [101.1530206, 19.4427812], [101.1534602, 19.4391902], [101.1533626, 19.4384015], [101.1532944, 19.4381516], [101.1529757, 19.4380001], [101.1515332, 19.4380186], [101.1510684, 19.4377232], [101.1508943, 19.4371163], [101.1510211, 19.4361922], [101.151123, 19.4355498], [101.1511606, 19.4344419], [101.1512679, 19.43385], [101.1514342, 19.4334959], [101.151858, 19.43299], [101.1523032, 19.4325499], [101.1527002, 19.4321401], [101.1528557, 19.4317557], [101.1534619, 19.4304454], [101.1533804, 19.4293389], [101.1512706, 19.4259986], [101.1512196, 19.4258215], [101.1509809, 19.4254699], [101.1501789, 19.4248628], [101.1494815, 19.4243974], [101.1492804, 19.4241116], [101.1491489, 19.4237169], [101.1491811, 19.4230896], [101.1491704, 19.4226545], [101.1493742, 19.4220171], [101.1498356, 19.421835], [101.1505437, 19.4218957], [101.1512196, 19.4219665], [101.1517775, 19.4220474], [101.1520618, 19.4219614], [101.1523944, 19.4218248], [101.1525929, 19.4213695], [101.1525822, 19.4208636], [101.1525124, 19.4205853], [101.1522818, 19.4201857], [101.1518097, 19.4197506], [101.1508226, 19.4192143], [101.150254, 19.4187488], [101.1502111, 19.4181316], [101.1505866, 19.4164114], [101.1513269, 19.4158347], [101.1521315, 19.4150353], [101.1522281, 19.4143877], [101.1522809, 19.4131426], [101.1522066, 19.4125157], [101.1523408, 19.4120112], [101.1525929, 19.4115139], [101.1528611, 19.4112508], [101.1532205, 19.411125], [101.154052, 19.410836], [101.154331, 19.4102187], [101.1546206, 19.4092574], [101.1544061, 19.4087211], [101.1539662, 19.4084681], [101.1536336, 19.4085086], [101.1528611, 19.4084074], [101.1524856, 19.4081544], [101.1519277, 19.4072032], [101.1512947, 19.406505], [101.1509299, 19.4058067], [101.1510265, 19.4045115], [101.151402, 19.4038739], [101.1517346, 19.4034894], [101.1525929, 19.4017994], [101.1529309, 19.4006306], [101.1530542, 19.3999678], [101.1533171, 19.3993808], [101.153934, 19.3988698], [101.1542344, 19.3984701], [101.15417, 19.397959], [101.1541486, 19.3976908], [101.1540252, 19.3965726], [101.1536604, 19.3960666], [101.1534619, 19.395935], [101.1531347, 19.3957478], [101.1526143, 19.39551], [101.1524695, 19.3951457], [101.1526143, 19.3948977], [101.1526841, 19.3943513], [101.152727, 19.3936732], [101.1525495, 19.392331], [101.1525607, 19.3919528], [101.1526787, 19.3917302], [101.1528718, 19.3914265], [101.1531079, 19.391214], [101.1532474, 19.3911432], [101.1534887, 19.3910015], [101.1539608, 19.3908851], [101.1543095, 19.3908143], [101.1544436, 19.3905916], [101.1544061, 19.3902728], [101.1543739, 19.3900148], [101.1544865, 19.3894379], [101.1548889, 19.3882791], [101.1549801, 19.3877276], [101.1550337, 19.3869685], [101.155259, 19.3852632], [101.1549157, 19.3831682], [101.1547548, 19.3815135], [101.1546797, 19.3812149], [101.1544114, 19.3808455], [101.1541003, 19.3804407], [101.1538804, 19.3802281], [101.1537838, 19.3800915], [101.1536336, 19.3797373], [101.1537087, 19.3794235], [101.1539555, 19.3791553], [101.1541003, 19.3788972], [101.1542129, 19.3787353], [101.1542505, 19.3784165], [101.1541593, 19.3781179], [101.153993, 19.3778851], [101.1537033, 19.3775258], [101.1533225, 19.3771665], [101.1532098, 19.3769034], [101.1532581, 19.3766655], [101.1534834, 19.3763973], [101.1537784, 19.3763113], [101.1545134, 19.3763315], [101.1551088, 19.3763113], [101.155436, 19.3761899], [101.1554629, 19.3759571], [101.1553985, 19.3757597], [101.1549962, 19.375532], [101.1548889, 19.3754712], [101.1547548, 19.3753397], [101.1546743, 19.3751221], [101.1547923, 19.3748387], [101.1553234, 19.37453], [101.1556828, 19.3743124], [101.1559081, 19.3739075], [101.1558652, 19.3736342], [101.1557043, 19.373366], [101.1555594, 19.3730624], [101.1554629, 19.3727334], [101.1555487, 19.3724096], [101.1556774, 19.372197], [101.1559188, 19.3720705], [101.1562353, 19.37203], [101.1566001, 19.3720351], [101.1569595, 19.3721363], [101.1573404, 19.3723083], [101.1577588, 19.372445], [101.1579895, 19.3722679], [101.1579412, 19.371949], [101.1576676, 19.3717517], [101.1574799, 19.3715745], [101.1575174, 19.3713772], [101.1577213, 19.3712102], [101.1581397, 19.3711191], [101.1584133, 19.371028], [101.1586332, 19.3708053], [101.1587459, 19.3703144], [101.1587191, 19.3698944], [101.1587191, 19.3693579], [101.1586118, 19.3688215], [101.158306, 19.3683255], [101.1581558, 19.367784], [101.1583489, 19.3673893], [101.1586708, 19.3668984], [101.1587352, 19.3665795], [101.1586118, 19.3661291], [101.1584455, 19.3657951], [101.1582684, 19.365456], [101.1581987, 19.3649702], [101.158247, 19.364626], [101.1583596, 19.3641756], [101.1585474, 19.3638011], [101.1588585, 19.3636239], [101.1593199, 19.3634772], [101.1597222, 19.3634468], [101.1602104, 19.3633456], [101.160661, 19.3632191], [101.1612135, 19.3631786], [101.1614281, 19.3631229], [101.1614656, 19.362885], [101.1613905, 19.3625662], [101.1610901, 19.3622271], [101.1608863, 19.3620652], [101.1605966, 19.3618931], [101.1604249, 19.3616248], [101.1605108, 19.3611036], [101.1608326, 19.3605671], [101.1609453, 19.3602432], [101.1609399, 19.3600154], [101.160838, 19.359818], [101.1606181, 19.3596662], [101.1603016, 19.3596359], [101.1600655, 19.3596359], [101.1599207, 19.3595144], [101.1598456, 19.3592411], [101.1598885, 19.3590032], [101.1599958, 19.3587906], [101.1600226, 19.358568], [101.1598939, 19.3584414], [101.1594647, 19.3583402], [101.1592931, 19.358158], [101.1591375, 19.3578392], [101.1590409, 19.3572976], [101.1588156, 19.3563157], [101.158762, 19.3560728], [101.1587781, 19.3558855], [101.1589497, 19.3556578], [101.1591643, 19.3554958], [101.1592555, 19.3553339], [101.1592233, 19.3550099], [101.1590946, 19.3547215], [101.1588263, 19.3545848], [101.1584723, 19.3544178], [101.158188, 19.3542811], [101.1580217, 19.3541293], [101.1578876, 19.353861], [101.1578312, 19.3535143], [101.1578554, 19.3534131], [101.1579922, 19.3533094], [101.1582577, 19.3531854], [101.1583999, 19.3530993], [101.1585823, 19.3526969], [101.1585984, 19.3524793], [101.1585367, 19.3522946], [101.1584052, 19.3521301], [101.1582899, 19.3519276], [101.158255, 19.3517555], [101.1582792, 19.3515809], [101.1583945, 19.3514468], [101.1585367, 19.3513886], [101.1586869, 19.3514088], [101.1588532, 19.351424], [101.1590275, 19.3514392], [101.1591616, 19.351424], [101.159285, 19.3513557], [101.1594245, 19.3511887], [101.1595935, 19.3509609], [101.1595693, 19.350804], [101.1594781, 19.3504851], [101.1593762, 19.3501916], [101.1593333, 19.3499258], [101.1593306, 19.3496475], [101.1594245, 19.3494551], [101.159623, 19.3492982], [101.1599341, 19.3491337], [101.1607254, 19.348949], [101.1610365, 19.3487972], [101.161235, 19.3485264], [101.1612886, 19.3481164], [101.161235, 19.3477697], [101.1610338, 19.3475951], [101.1606958, 19.347342], [101.1603364, 19.3471724], [101.1601648, 19.347051], [101.1601111, 19.3468485], [101.1602855, 19.3466789], [101.1606368, 19.3464891], [101.1608461, 19.346355], [101.1610767, 19.346112], [101.1611196, 19.3459045], [101.1611491, 19.345654], [101.1612189, 19.3454768], [101.1613664, 19.3451757], [101.1617902, 19.3446569], [101.1620933, 19.3442975], [101.1623695, 19.3439482], [101.1626404, 19.3438293], [101.1633003, 19.3435711], [101.1636677, 19.3434547], [101.1639199, 19.3432776], [101.1641452, 19.3430371], [101.1643329, 19.3426803], [101.1644965, 19.3424348], [101.1645475, 19.3423538], [101.1647835, 19.3421286], [101.165092, 19.3418654], [101.1652234, 19.3416275], [101.1652932, 19.3412782], [101.1654031, 19.3408708], [101.1655533, 19.3403722], [101.1656767, 19.3401571], [101.1657974, 19.3399824], [101.1659101, 19.3397977], [101.1659557, 19.3395446], [101.1660174, 19.3392637], [101.1661649, 19.3390587], [101.1663285, 19.3389296], [101.1665323, 19.3387626], [101.1666825, 19.3386689], [101.1667711, 19.3385727], [101.1667818, 19.3384133], [101.1667737, 19.3382032], [101.1668113, 19.3377806], [101.1668435, 19.3376717], [101.1669776, 19.3375882], [101.1672807, 19.3373478], [101.1676374, 19.337034], [101.1678278, 19.336872], [101.1679485, 19.3367252], [101.1679378, 19.3365556], [101.1678573, 19.3362848], [101.1677957, 19.3360469], [101.1678144, 19.3358571], [101.1679029, 19.3356749], [101.1680371, 19.3354952], [101.1681765, 19.3352395], [101.1682972, 19.33507], [101.1683938, 19.334827], [101.1684769, 19.3346372], [101.1684796, 19.3344372], [101.1683643, 19.3341462], [101.1681765, 19.3338298], [101.1679459, 19.3335793], [101.1677903, 19.3334704], [101.1677366, 19.3333135], [101.1678252, 19.3331186], [101.1679754, 19.3329085], [101.1681631, 19.3325567], [101.1682919, 19.3323315], [101.1684716, 19.332172], [101.1685869, 19.3320581], [101.1686486, 19.3318177], [101.1686647, 19.331514], [101.1686218, 19.331314], [101.1686513, 19.3311014], [101.1687773, 19.3309243], [101.1690536, 19.3306965], [101.1692119, 19.3304965], [101.169354, 19.3303219], [101.1695069, 19.3300789], [101.1695123, 19.3299017], [101.1694479, 19.3296562], [101.1693969, 19.3294867], [101.1694238, 19.3292943], [101.1694935, 19.32915], [101.1696866, 19.3289729], [101.1699334, 19.3288083], [101.170451, 19.3285375], [101.1707085, 19.3283426], [101.1708373, 19.3281882], [101.1709285, 19.3280237], [101.1712182, 19.3278162], [101.1715722, 19.3276795], [101.1722293, 19.3274315], [101.1725003, 19.3272467], [101.1726934, 19.3270518], [101.1727256, 19.326867], [101.1726773, 19.3265987], [101.1725807, 19.3263026], [101.1725673, 19.3261153], [101.1726719, 19.3259305], [101.1728972, 19.3257837], [101.1731574, 19.3257432], [101.1733425, 19.3256597], [101.1735758, 19.325518], [101.1736938, 19.3253762], [101.1738414, 19.3252016], [101.1739245, 19.3249839], [101.1739004, 19.3248118], [101.1737716, 19.3247004], [101.1735195, 19.3246017], [101.1734498, 19.3244043], [101.1734551, 19.3242575], [101.1735409, 19.3238829], [101.1734042, 19.3237968], [101.1732459, 19.3236855], [101.1731118, 19.3235918], [101.1730126, 19.323483], [101.1729965, 19.3233438], [101.1730635, 19.3231843], [101.1731359, 19.3230907], [101.1732298, 19.3229869], [101.1733666, 19.3229464], [101.1735865, 19.3229894], [101.1736965, 19.323035], [101.1738628, 19.3230451], [101.1739969, 19.3229641], [101.1741203, 19.3228375], [101.1743081, 19.3227414]]]}}]}